concept,basis,amount_type,level_1,level_2,level_3,accident_period,development_period,amount
Claims Reported,month,cumulative,Synthetic,Portfolio,Auto,2021-01,0,10.709829943919408
Loss Incurred,month,cumulative,Synthetic,Portfolio,Auto,2021-01,0,80729.25384807047
Exposure,month,cumulative,Synthetic,Portfolio,Auto,2021-01,0,11241.739434529602
Earned Premium,month,cumulative,Synthetic,Portfolio,Auto,2021-01,0,813564.2124040746
Claims Reported,month,cumulative,Synthetic,Portfolio,Auto,2021-01,1,14.156399444527885
Loss Incurred,month,cumulative,Synthetic,Portfolio,Auto,2021-01,1,100447.0109560611
Exposure,month,cumulative,Synthetic,Portfolio,Auto,2021-01,1,11144.929884578363
Earned Premium,month,cumulative,Synthetic,Portfolio,Auto,2021-01,1,807265.3586716546
Claims Reported,month,cumulative,Synthetic,Portfolio,Auto,2021-01,2,18.308330590627087
Loss Incurred,month,cumulative,Synthetic,Portfolio,Auto,2021-01,2,124042.12972263286
Exposure,month,cumulative,Synthetic,Portfolio,Auto,2021-01,2,11054.511932872098
Earned Premium,month,cumulative,Synthetic,Portfolio,Auto,2021-01,2,801421.6690253019
Claims Reported,month,cumulative,Synthetic,Portfolio,Auto,2021-01,3,23.07805753465195
Loss Incurred,month,cumulative,Synthetic,Portfolio,Auto,2021-01,3,151815.42638366876
Exposure,month,cumulative,Synthetic,Portfolio,Auto,2021-01,3,10970.063590793505
Earned Premium,month,cumulative,Synthetic,Portfolio,Auto,2021-01,3,796000.2526639205
Claims Reported,month,cumulative,Synthetic,Portfolio,Auto,2021-01,4,28.267622979816828
Loss Incurred,month,cumulative,Synthetic,Portfolio,Auto,2021-01,4,183879.42986094195
Exposure,month,cumulative,Synthetic,Portfolio,Auto,2021-01,4,10891.190730424025
Earned Premium,month,cumulative,Synthetic,Portfolio,Auto,2021-01,4,790970.595522255
Claims Reported,month,cumulative,Synthetic,Portfolio,Auto,2021-01,5,33.59048119554182
Loss Incurred,month,cumulative,Synthetic,Portfolio,Auto,2021-01,5,220079.34053080872
Exposure,month,cumulative,Synthetic,Portfolio,Auto,2021-01,5,10817.525245113795
Earned Premium,month,cumulative,Synthetic,Portfolio,Auto,2021-01,5,786304.3885245952
Claims Reported,month,cumulative,Synthetic,Portfolio,Auto,2021-01,6,38.72969404784764
Loss Incurred,month,cumulative,Synthetic,Portfolio,Auto,2021-01,6,259932.34356809763
Exposure,month,cumulative,Synthetic,Portfolio,Auto,2021-01,6,10748.723331495212
Earned Premium,month,cumulative,Synthetic,Portfolio,Auto,2021-01,6,781975.3682491098
Claims Reported,month,cumulative,Synthetic,Portfolio,Auto,2021-01,7,43.40991367546798
Loss Incurred,month,cumulative,Synthetic,Portfolio,Auto,2021-01,7,302608.9553339153
Exposure,month,cumulative,Synthetic,Portfolio,Auto,2021-01,7,10684.463884922045
Earned Premium,month,cumulative,Synthetic,Portfolio,Auto,2021-01,7,777959.1691060021
Claims Reported,month,cumulative,Synthetic,Portfolio,Auto,2021-01,8,47.45065765710962
Loss Incurred,month,cumulative,Synthetic,Portfolio,Auto,2021-01,8,346975.4054613179
Exposure,month,cumulative,Synthetic,Portfolio,Auto,2021-01,8,10624.447000845521
Earned Premium,month,cumulative,Synthetic,Portfolio,Auto,2021-01,8,774233.1861974815
Claims Reported,month,cumulative,Synthetic,Portfolio,Auto,2021-01,9,50.78167066377767
Loss Incurred,month,cumulative,Synthetic,Portfolio,Auto,2021-01,9,391700.7491440473
Exposure,month,cumulative,Synthetic,Portfolio,Auto,2021-01,9,10568.392575133132
Earned Premium,month,cumulative,Synthetic,Portfolio,Auto,2021-01,9,770776.448087666
Claims Reported,month,cumulative,Synthetic,Portfolio,Auto,2021-01,10,53.42451517997167
Loss Incurred,month,cumulative,Synthetic,Portfolio,Auto,2021-01,10,435410.7171497116
Exposure,month,cumulative,Synthetic,Portfolio,Auto,2021-01,10,10516.038996797746
Earned Premium,month,cumulative,Synthetic,Portfolio,Auto,2021-01,10,767569.4987663137
Claims Reported,month,cumulative,Synthetic,Portfolio,Auto,2021-01,11,55.45841235342807
Loss Incurred,month,cumulative,Synthetic,Portfolio,Auto,2021-01,11,476852.3013437969
Exposure,month,cumulative,Synthetic,Portfolio,Auto,2021-01,11,10467.141927035895
Earned Premium,month,cumulative,Synthetic,Portfolio,Auto,2021-01,11,764594.2881420205
Claims Reported,month,cumulative,Synthetic,Portfolio,Auto,2021-01,12,56.987256026544586
Loss Incurred,month,cumulative,Synthetic,Portfolio,Auto,2021-01,12,515028.70831546705
Exposure,month,cumulative,Synthetic,Portfolio,Auto,2021-01,12,10421.473158876846
Earned Premium,month,cumulative,Synthetic,Portfolio,Auto,2021-01,12,761834.0704485354
Claims Reported,month,cumulative,Synthetic,Portfolio,Auto,2021-01,13,58.11624612602018
Loss Incurred,month,cumulative,Synthetic,Portfolio,Auto,2021-01,13,549276.163077578
Exposure,month,cumulative,Synthetic,Portfolio,Auto,2021-01,13,10378.81955212039
Earned Premium,month,cumulative,Synthetic,Portfolio,Auto,2021-01,13,759273.3099923782
Claims Reported,month,cumulative,Synthetic,Portfolio,Auto,2021-01,14,58.939080978414374
Loss Incurred,month,cumulative,Synthetic,Portfolio,Auto,2021-01,14,579275.2630648013
Exposure,month,cumulative,Synthetic,Portfolio,Auto,2021-01,14,10338.982038592585
Earned Premium,month,cumulative,Synthetic,Portfolio,Auto,2021-01,14,756897.5937112693
Claims Reported,month,cumulative,Synthetic,Portfolio,Auto,2021-01,15,59.53305883237121
Loss Incurred,month,cumulative,Synthetic,Portfolio,Auto,2021-01,15,605009.1751890845
Exposure,month,cumulative,Synthetic,Portfolio,Auto,2021-01,15,10301.774693076888
Earned Premium,month,cumulative,Synthetic,Portfolio,Auto,2021-01,15,754693.5500512087
Claims Reported,month,cumulative,Synthetic,Portfolio,Auto,2021-01,16,59.95887021387615
Loss Incurred,month,cumulative,Synthetic,Portfolio,Auto,2021-01,16,626691.250128615
Exposure,month,cumulative,Synthetic,Portfolio,Auto,2021-01,16,10267.02386558465
Earned Premium,month,cumulative,Synthetic,Portfolio,Auto,2021-01,16,752648.7737056154
Claims Reported,month,cumulative,Synthetic,Portfolio,Auto,2021-01,17,60.26261158434804
Loss Incurred,month,cumulative,Synthetic,Portfolio,Auto,2021-01,17,644684.6226363493
Exposure,month,cumulative,Synthetic,Portfolio,Auto,2021-01,17,10234.567370915182
Earned Premium,month,cumulative,Synthetic,Portfolio,Auto,2021-01,17,750751.7557929198
Claims Reported,month,cumulative,Synthetic,Portfolio,Auto,2021-01,18,60.478509534097
Loss Incurred,month,cumulative,Synthetic,Portfolio,Auto,2021-01,18,659429.9350193617
Exposure,month,cumulative,Synthetic,Portfolio,Auto,2021-01,18,10204.253731723005
Earned Premium,month,cumulative,Synthetic,Portfolio,Auto,2021-01,18,748991.819079624
Claims Reported,month,cumulative,Synthetic,Portfolio,Auto,2021-01,19,60.63158176054568
Loss Incurred,month,cumulative,Synthetic,Portfolio,Auto,2021-01,19,671389.2815333962
Exposure,month,cumulative,Synthetic,Portfolio,Auto,2021-01,19,10175.941471559625
Earned Premium,month,cumulative,Synthetic,Portfolio,Auto,2021-01,19,747359.0578842357
Claims Reported,month,cumulative,Synthetic,Portfolio,Auto,2021-01,20,60.739916174678584
Loss Incurred,month,cumulative,Synthetic,Portfolio,Auto,2021-01,20,681008.0038441126
Exposure,month,cumulative,Synthetic,Portfolio,Auto,2021-01,20,10149.498454590355
Earned Premium,month,cumulative,Synthetic,Portfolio,Auto,2021-01,20,745844.2823238274
Claims Reported,month,cumulative,Synthetic,Portfolio,Auto,2021-01,21,60.816490967484555
Loss Incurred,month,cumulative,Synthetic,Portfolio,Auto,2021-01,21,688692.1299397578
Exposure,month,cumulative,Synthetic,Portfolio,Auto,2021-01,21,10124.801268904652
Earned Premium,month,cumulative,Synthetic,Portfolio,Auto,2021-01,21,744438.9665894189
Claims Reported,month,cumulative,Synthetic,Portfolio,Auto,2021-01,22,60.87056838337609
Loss Incurred,month,cumulative,Synthetic,Portfolio,Auto,2021-01,22,694797.7113379518
Exposure,month,cumulative,Synthetic,Portfolio,Auto,2021-01,22,10101.734650541735
Earned Premium,month,cumulative,Synthetic,Portfolio,Auto,2021-01,22,743135.2009590551
Claims Reported,month,cumulative,Synthetic,Portfolio,Auto,2021-01,23,60.90873389384342
Loss Incurred,month,cumulative,Synthetic,Portfolio,Auto,2021-01,23,699628.2506709737
Exposure,month,cumulative,Synthetic,Portfolio,Auto,2021-01,23,10080.190945543463
Earned Premium,month,cumulative,Synthetic,Portfolio,Auto,2021-01,23,741925.6472784838
Claims Reported,month,cumulative,Synthetic,Portfolio,Auto,2021-01,24,60.93565743316347
Loss Incurred,month,cumulative,Synthetic,Portfolio,Auto,2021-01,24,703437.056789229
Exposure,month,cumulative,Synthetic,Portfolio,Auto,2021-01,24,10060.069607523723
Earned Premium,month,cumulative,Synthetic,Portfolio,Auto,2021-01,24,740803.4976588663
Claims Reported,month,cumulative,Synthetic,Portfolio,Auto,2021-01,25,60.954644431506615
Loss Incurred,month,cumulative,Synthetic,Portfolio,Auto,2021-01,25,706432.2055531417
Exposure,month,cumulative,Synthetic,Portfolio,Auto,2021-01,25,10041.276728409517
Earned Premium,month,cumulative,Synthetic,Portfolio,Auto,2021-01,25,739762.4361590466
Claims Reported,month,cumulative,Synthetic,Portfolio,Auto,2021-01,26,60.96803145160485
Loss Incurred,month,cumulative,Synthetic,Portfolio,Auto,2021-01,26,708782.5556346502
Exposure,month,cumulative,Synthetic,Portfolio,Auto,2021-01,26,10023.724600163638
Earned Premium,month,cumulative,Synthetic,Portfolio,Auto,2021-01,26,738796.6032367166
Claims Reported,month,cumulative,Synthetic,Portfolio,Auto,2021-01,27,60.97746865762675
Loss Incurred,month,cumulative,Synthetic,Portfolio,Auto,2021-01,27,710623.8712503905
Exposure,month,cumulative,Synthetic,Portfolio,Auto,2021-01,27,10007.331305443462
Earned Premium,month,cumulative,Synthetic,Portfolio,Auto,2021-01,27,737900.5627683888
Claims Reported,month,cumulative,Synthetic,Portfolio,Auto,2021-01,28,60.98412069929774
Loss Incurred,month,cumulative,Synthetic,Portfolio,Auto,2021-01,28,712064.5294256777
Exposure,month,cumulative,Synthetic,Portfolio,Auto,2021-01,28,9992.020335285437
Earned Premium,month,cumulative,Synthetic,Portfolio,Auto,2021-01,28,737069.2714525529
Claims Reported,month,cumulative,Synthetic,Portfolio,Auto,2021-01,29,60.98880918563341
Loss Incurred,month,cumulative,Synthetic,Portfolio,Auto,2021-01,29,713190.5676314929
Exposure,month,cumulative,Synthetic,Portfolio,Auto,2021-01,29,9977.720232030933
Earned Premium,month,cumulative,Synthetic,Portfolio,Auto,2021-01,29,736298.0504238044
Claims Reported,month,cumulative,Synthetic,Portfolio,Auto,2021-01,30,60.99211353913892
Loss Incurred,month,cumulative,Synthetic,Portfolio,Auto,2021-01,30,714069.996947568
Exposure,month,cumulative,Synthetic,Portfolio,Auto,2021-01,30,9964.364255827024
Earned Premium,month,cumulative,Synthetic,Portfolio,Auto,2021-01,30,735582.5589181753
Claims Reported,month,cumulative,Synthetic,Portfolio,Auto,2021-01,31,60.994442292769186
Loss Incurred,month,cumulative,Synthetic,Portfolio,Auto,2021-01,31,714756.4009085182
Exposure,month,cumulative,Synthetic,Portfolio,Auto,2021-01,31,9951.890073145629
Earned Premium,month,cumulative,Synthetic,Portfolio,Auto,2021-01,31,734918.7698414457
Claims Reported,month,cumulative,Synthetic,Portfolio,Auto,2021-01,32,60.996083444530036
Loss Incurred,month,cumulative,Synthetic,Portfolio,Auto,2021-01,32,715291.8875909015
Exposure,month,cumulative,Synthetic,Portfolio,Auto,2021-01,32,9940.239465867426
Earned Premium,month,cumulative,Synthetic,Portfolio,Auto,2021-01,32,734302.9471029239
Claims Reported,month,cumulative,Synthetic,Portfolio,Auto,2021-01,33,60.99723999767589
Loss Incurred,month,cumulative,Synthetic,Portfolio,Auto,2021-01,33,715709.4811302229
Exposure,month,cumulative,Synthetic,Portfolio,Auto,2021-01,33,9929.358059572696
Earned Premium,month,cumulative,Synthetic,Portfolio,Auto,2021-01,33,733731.6245871198
Claims Reported,month,cumulative,Synthetic,Portfolio,Auto,2021-01,34,60.9980550332466
Loss Incurred,month,cumulative,Synthetic,Portfolio,Auto,2021-01,34,716035.0411957304
Exposure,month,cumulative,Synthetic,Portfolio,Auto,2021-01,34,9919.195069771085
Earned Premium,month,cumulative,Synthetic,Portfolio,Auto,2021-01,34,733201.5866449545
Claims Reported,month,cumulative,Synthetic,Portfolio,Auto,2021-01,35,60.99862939218844
Loss Incurred,month,cumulative,Synthetic,Portfolio,Auto,2021-01,35,716288.7928560035
Exposure,month,cumulative,Synthetic,Portfolio,Auto,2021-01,35,9909.703064885862
Earned Premium,month,cumulative,Synthetic,Portfolio,Auto,2021-01,35,732709.8499947027
Claims Reported,month,cumulative,Synthetic,Portfolio,Auto,2021-01,36,60.9990341425907
Loss Incurred,month,cumulative,Synthetic,Portfolio,Auto,2021-01,36,716486.5394589303
Exposure,month,cumulative,Synthetic,Portfolio,Auto,2021-01,36,9900.837744886545
Earned Premium,month,cumulative,Synthetic,Portfolio,Auto,2021-01,36,732253.6469307995
Claims Reported,month,cumulative,Synthetic,Portfolio,Auto,2021-01,37,60.999319368604745
Loss Incurred,month,cumulative,Synthetic,Portfolio,Auto,2021-01,37,716640.6203125743
Exposure,month,cumulative,Synthetic,Portfolio,Auto,2021-01,37,9892.557734536711
Earned Premium,month,cumulative,Synthetic,Portfolio,Auto,2021-01,37,731830.4097460011
Claims Reported,month,cumulative,Synthetic,Portfolio,Auto,2021-01,38,60.99952036558185
Loss Incurred,month,cumulative,Synthetic,Portfolio,Auto,2021-01,38,716760.6645129427
Exposure,month,cumulative,Synthetic,Portfolio,Auto,2021-01,38,9884.824390292102
Earned Premium,month,cumulative,Synthetic,Portfolio,Auto,2021-01,38,731437.7562792238
Claims Reported,month,cumulative,Synthetic,Portfolio,Auto,2021-01,39,60.99966200655329
Loss Incurred,month,cumulative,Synthetic,Portfolio,Auto,2021-01,39,716854.182890846
Exposure,month,cumulative,Synthetic,Portfolio,Auto,2021-01,39,9877.601619947758
Earned Premium,month,cumulative,Synthetic,Portfolio,Auto,2021-01,39,731073.4765077155
Claims Reported,month,cumulative,Synthetic,Portfolio,Auto,2021-01,40,60.99976181965397
Loss Incurred,month,cumulative,Synthetic,Portfolio,Auto,2021-01,40,716927.031981883
Exposure,month,cumulative,Synthetic,Portfolio,Auto,2021-01,40,9870.855714192498
Earned Premium,month,cumulative,Synthetic,Portfolio,Auto,2021-01,40,730735.520108096
Claims Reported,month,cumulative,Synthetic,Portfolio,Auto,2021-01,41,60.99983215695341
Loss Incurred,month,cumulative,Synthetic,Portfolio,Auto,2021-01,41,716983.7771676779
Exposure,month,cumulative,Synthetic,Portfolio,Auto,2021-01,41,9864.555189284558
Earned Premium,month,cumulative,Synthetic,Portfolio,Auto,2021-01,41,730421.9849162544
Claims Reported,month,cumulative,Synthetic,Portfolio,Auto,2021-01,42,60.99988172290802
Loss Incurred,month,cumulative,Synthetic,Portfolio,Auto,2021-01,42,717027.9765852911
Exposure,month,cumulative,Synthetic,Portfolio,Auto,2021-01,42,9858.67064011418
Earned Premium,month,cumulative,Synthetic,Portfolio,Auto,2021-01,42,730131.1062211514
Claims Reported,month,cumulative,Synthetic,Portfolio,Auto,2021-01,43,60.99991665149427
Loss Incurred,month,cumulative,Synthetic,Portfolio,Auto,2021-01,43,717062.4029011775
Exposure,month,cumulative,Synthetic,Portfolio,Auto,2021-01,43,9853.174602967345
Earned Premium,month,cumulative,Synthetic,Portfolio,Auto,2021-01,43,729861.2468322646
Claims Reported,month,cumulative,Synthetic,Portfolio,Auto,2021-01,44,60.99994126527702
Loss Incurred,month,cumulative,Synthetic,Portfolio,Auto,2021-01,44,717089.2164328399
Exposure,month,cumulative,Synthetic,Portfolio,Auto,2021-01,44,9848.041427350181
Earned Premium,month,cumulative,Synthetic,Portfolio,Auto,2021-01,44,729610.8878647762
Claims Reported,month,cumulative,Synthetic,Portfolio,Auto,2021-01,45,60.9999586103285
Loss Incurred,month,cumulative,Synthetic,Portfolio,Auto,2021-01,45,717110.1002213439
Exposure,month,cumulative,Synthetic,Portfolio,Auto,2021-01,45,9843.247156275826
Earned Premium,month,cumulative,Synthetic,Portfolio,Auto,2021-01,45,729378.6201906352
Claims Reported,month,cumulative,Synthetic,Portfolio,Auto,2021-01,46,60.9999708331856
Loss Incurred,month,cumulative,Synthetic,Portfolio,Auto,2021-01,46,717126.36537476
Exposure,month,cumulative,Synthetic,Portfolio,Auto,2021-01,46,9838.769414455042
Earned Premium,month,cumulative,Synthetic,Portfolio,Auto,2021-01,46,729163.1365073781
Claims Reported,month,cumulative,Synthetic,Portfolio,Auto,2021-01,47,60.99997944649038
Loss Incurred,month,cumulative,Synthetic,Portfolio,Auto,2021-01,47,717139.0332000607
Exposure,month,cumulative,Synthetic,Portfolio,Auto,2021-01,47,9834.587303868757
Earned Premium,month,cumulative,Synthetic,Portfolio,Auto,2021-01,47,728963.2239800675
Claims Reported,month,cumulative,Synthetic,Portfolio,Auto,2021-01,48,60.999985516185134
Loss Incurred,month,cumulative,Synthetic,Portfolio,Auto,2021-01,48,717148.8992223293
Exposure,month,cumulative,Synthetic,Portfolio,Auto,2021-01,48,9830.68130623514
Earned Premium,month,cumulative,Synthetic,Portfolio,Auto,2021-01,48,728777.7574149354
Claims Reported,month,cumulative,Synthetic,Portfolio,Auto,2021-01,49,60.99998979342745
Loss Incurred,month,cumulative,Synthetic,Portfolio,Auto,2021-01,49,717156.5830762332
Exposure,month,cumulative,Synthetic,Portfolio,Auto,2021-01,49,9827.033191916056
Earned Premium,month,cumulative,Synthetic,Portfolio,Auto,2021-01,49,728605.6929263081
Claims Reported,month,cumulative,Synthetic,Portfolio,Auto,2021-01,50,60.99999280754954
Loss Incurred,month,cumulative,Synthetic,Portfolio,Auto,2021-01,50,717162.5673817232
Exposure,month,cumulative,Synthetic,Portfolio,Auto,2021-01,50,9823.62593483772
Earned Premium,month,cumulative,Synthetic,Portfolio,Auto,2021-01,50,728446.0620611683
Claims Reported,month,cumulative,Synthetic,Portfolio,Auto,2021-01,51,60.999994931565645
Loss Incurred,month,cumulative,Synthetic,Portfolio,Auto,2021-01,51,717167.2280327034
Exposure,month,cumulative,Synthetic,Portfolio,Auto,2021-01,51,9820.443633028497
Earned Premium,month,cumulative,Synthetic,Portfolio,Auto,2021-01,51,728297.9663482839
Claims Reported,month,cumulative,Synthetic,Portfolio,Auto,2021-01,52,60.9999964283346
Loss Incurred,month,cumulative,Synthetic,Portfolio,Auto,2021-01,52,717170.857793296
Exposure,month,cumulative,Synthetic,Portfolio,Auto,2021-01,52,9817.47143440299
Earned Premium,month,cumulative,Synthetic,Portfolio,Auto,2021-01,52,728160.5722412266
Claims Reported,month,cumulative,Synthetic,Portfolio,Auto,2021-01,53,60.99999748308987
Loss Incurred,month,cumulative,Synthetic,Portfolio,Auto,2021-01,53,717173.6846791381
Exposure,month,cumulative,Synthetic,Portfolio,Auto,2021-01,53,9814.695467446034
Earned Premium,month,cumulative,Synthetic,Portfolio,Auto,2021-01,53,728033.1064268119
Claims Reported,month,cumulative,Synthetic,Portfolio,Auto,2021-01,54,60.9999982263634
Loss Incurred,month,cumulative,Synthetic,Portfolio,Auto,2021-01,54,717175.886275482
Exposure,month,cumulative,Synthetic,Portfolio,Auto,2021-01,54,9812.1027764731
Earned Premium,month,cumulative,Synthetic,Portfolio,Auto,2021-01,54,727914.8514725614
Claims Reported,month,cumulative,Synthetic,Portfolio,Auto,2021-01,55,60.9999987501394
Loss Incurred,month,cumulative,Synthetic,Portfolio,Auto,2021-01,55,717177.6008898015
Exposure,month,cumulative,Synthetic,Portfolio,Auto,2021-01,55,9809.681261164971
Earned Premium,month,cumulative,Synthetic,Portfolio,Auto,2021-01,55,727805.1417886823
Claims Reported,month,cumulative,Synthetic,Portfolio,Auto,2021-01,56,60.99999911923812
Loss Incurred,month,cumulative,Synthetic,Portfolio,Auto,2021-01,56,717178.936238455
Exposure,month,cumulative,Synthetic,Portfolio,Auto,2021-01,56,9807.419620094472
Earned Premium,month,cumulative,Synthetic,Portfolio,Auto,2021-01,56,727703.3598818429
Claims Reported,month,cumulative,Synthetic,Portfolio,Auto,2021-01,57,60.999999379337595
Loss Incurred,month,cumulative,Synthetic,Portfolio,Auto,2021-01,57,717179.9762124765
Exposure,month,cumulative,Synthetic,Portfolio,Auto,2021-01,57,9805.3072979817
Earned Premium,month,cumulative,Synthetic,Portfolio,Auto,2021-01,57,727608.9328796532
Claims Reported,month,cumulative,Synthetic,Portfolio,Auto,2021-01,58,60.99999956262659
Loss Incurred,month,cumulative,Synthetic,Portfolio,Auto,2021-01,58,717180.7861471481
Exposure,month,cumulative,Synthetic,Portfolio,Auto,2021-01,58,9803.334436431607
Earned Premium,month,cumulative,Synthetic,Portfolio,Auto,2021-01,58,727521.3293062932
Claims Reported,month,cumulative,Synthetic,Portfolio,Auto,2021-01,59,60.99999969178817
Loss Incurred,month,cumulative,Synthetic,Portfolio,Auto,2021-01,59,717181.4169261715
Exposure,month,cumulative,Synthetic,Portfolio,Auto,2021-01,59,9801.491827923983
Earned Premium,month,cumulative,Synthetic,Portfolio,Auto,2021-01,59,727440.0560911377
Claims Reported,month,cumulative,Synthetic,Portfolio,Auto,2021-02,0,12.188506613966053
Loss Incurred,month,cumulative,Synthetic,Portfolio,Auto,2021-02,0,96998.220700586
Exposure,month,cumulative,Synthetic,Portfolio,Auto,2021-02,0,11623.550968830852
Earned Premium,month,cumulative,Synthetic,Portfolio,Auto,2021-02,0,873139.5043888524
Claims Reported,month,cumulative,Synthetic,Portfolio,Auto,2021-02,1,16.05388741459094
Loss Incurred,month,cumulative,Synthetic,Portfolio,Auto,2021-02,1,119737.55573551572
Exposure,month,cumulative,Synthetic,Portfolio,Auto,2021-02,1,11481.340627524287
Earned Premium,month,cumulative,Synthetic,Portfolio,Auto,2021-02,1,868292.5361310521
Claims Reported,month,cumulative,Synthetic,Portfolio,Auto,2021-02,2,20.674146210812488
Loss Incurred,month,cumulative,Synthetic,Portfolio,Auto,2021-02,2,146481.3261508318
Exposure,month,cumulative,Synthetic,Portfolio,Auto,2021-02,2,11352.469496362755
Earned Premium,month,cumulative,Synthetic,Portfolio,Auto,2021-02,2,863696.694920294
Claims Reported,month,cumulative,Synthetic,Portfolio,Auto,2021-02,3,25.93367877091711
Loss Incurred,month,cumulative,Synthetic,Portfolio,Auto,2021-02,3,177326.93388345654
Exposure,month,cumulative,Synthetic,Portfolio,Auto,2021-02,3,11235.68636867831
Earned Premium,month,cumulative,Synthetic,Portfolio,Auto,2021-02,3,859338.9695730091
Claims Reported,month,cumulative,Synthetic,Portfolio,Auto,2021-02,4,31.598448411679193
Loss Incurred,month,cumulative,Synthetic,Portfolio,Auto,2021-02,4,212112.9440495878
Exposure,month,cumulative,Synthetic,Portfolio,Auto,2021-02,4,11129.857399933819
Earned Premium,month,cumulative,Synthetic,Portfolio,Auto,2021-02,4,855207.0230301396
Claims Reported,month,cumulative,Synthetic,Portfolio,Auto,2021-02,5,37.347193161171354
Loss Incurred,month,cumulative,Synthetic,Portfolio,Auto,2021-02,5,250362.41435165275
Exposure,month,cumulative,Synthetic,Portfolio,Auto,2021-02,5,11033.955099254004
Earned Premium,month,cumulative,Synthetic,Portfolio,Auto,2021-02,5,851289.1574299659
Claims Reported,month,cumulative,Synthetic,Portfolio,Auto,2021-02,6,42.83941007283963
Loss Incurred,month,cumulative,Synthetic,Portfolio,Auto,2021-02,6,291267.4292942227
Exposure,month,cumulative,Synthetic,Portfolio,Auto,2021-02,6,10947.048353541619
Earned Premium,month,cumulative,Synthetic,Portfolio,Auto,2021-02,6,847574.2809905523
Claims Reported,month,cumulative,Synthetic,Portfolio,Auto,2021-02,7,47.79212060489986
Loss Incurred,month,cumulative,Synthetic,Portfolio,Auto,2021-02,7,333732.5509115095
Exposure,month,cumulative,Synthetic,Portfolio,Auto,2021-02,7,10868.2933873231
Earned Premium,month,cumulative,Synthetic,Portfolio,Auto,2021-02,7,844051.8766080486
Claims Reported,month,cumulative,Synthetic,Portfolio,Auto,2021-02,8,52.031079782364934
Loss Incurred,month,cumulative,Synthetic,Portfolio,Auto,2021-02,8,376479.83733628265
Exposure,month,cumulative,Synthetic,Portfolio,Auto,2021-02,8,10796.92557055308
Earned Premium,month,cumulative,Synthetic,Portfolio,Auto,2021-02,8,840711.9720819538
Claims Reported,month,cumulative,Synthetic,Portfolio,Auto,2021-02,9,55.49998752586296
Loss Incurred,month,cumulative,Synthetic,Portfolio,Auto,2021-02,9,418197.2681255299
Exposure,month,cumulative,Synthetic,Portfolio,Auto,2021-02,9,10732.25199483994
Earned Premium,month,cumulative,Synthetic,Portfolio,Auto,2021-02,9,837545.1118830406
Claims Reported,month,cumulative,Synthetic,Portfolio,Auto,2021-02,10,58.236002027202446
Loss Incurred,month,cumulative,Synthetic,Portfolio,Auto,2021-02,10,457695.6193418985
Exposure,month,cumulative,Synthetic,Portfolio,Auto,2021-02,10,10673.644746015141
Earned Premium,month,cumulative,Synthetic,Portfolio,Auto,2021-02,10,834542.3303840177
Claims Reported,month,cumulative,Synthetic,Portfolio,Auto,2021-02,11,60.33189652845239
Loss Incurred,month,cumulative,Synthetic,Portfolio,Auto,2021-02,11,494035.3930406667
Exposure,month,cumulative,Synthetic,Portfolio,Auto,2021-02,11,10620.534807729884
Earned Premium,month,cumulative,Synthetic,Portfolio,Auto,2021-02,11,831695.126477142
Claims Reported,month,cumulative,Synthetic,Portfolio,Auto,2021-02,12,61.90181900837934
Loss Incurred,month,cumulative,Synthetic,Portfolio,Auto,2021-02,12,526597.3510861299
Exposure,month,cumulative,Synthetic,Portfolio,Auto,2021-02,12,10572.406536889257
Earned Premium,month,cumulative,Synthetic,Portfolio,Auto,2021-02,12,828995.4395069225
Claims Reported,month,cumulative,Synthetic,Portfolio,Auto,2021-02,13,63.05811534199433
Loss Incurred,month,cumulative,Synthetic,Portfolio,Auto,2021-02,13,555090.6504609806
Exposure,month,cumulative,Synthetic,Portfolio,Auto,2021-02,13,10528.792657286018
Earned Premium,month,cumulative,Synthetic,Portfolio,Auto,2021-02,13,826435.6264497782
Claims Reported,month,cumulative,Synthetic,Portfolio,Auto,2021-02,14,63.89923606869972
Loss Incurred,month,cumulative,Synthetic,Portfolio,Auto,2021-02,14,579511.0151798315
Exposure,month,cumulative,Synthetic,Portfolio,Auto,2021-02,14,10489.26972282729
Earned Premium,month,cumulative,Synthetic,Portfolio,Auto,2021-02,14,824008.4402760444
Claims Reported,month,cumulative,Synthetic,Portfolio,Auto,2021-02,15,64.50556947037818
Loss Incurred,month,cumulative,Synthetic,Portfolio,Auto,2021-02,15,600070.728530529
Exposure,month,cumulative,Synthetic,Portfolio,Auto,2021-02,15,10453.454006306793
Earned Premium,month,cumulative,Synthetic,Portfolio,Auto,2021-02,15,821707.0094330682
Claims Reported,month,cumulative,Synthetic,Portfolio,Auto,2021-02,16,64.93980337306697
Loss Incurred,month,cumulative,Synthetic,Portfolio,Auto,2021-02,16,617121.8384804603
Exposure,month,cumulative,Synthetic,Portfolio,Auto,2021-02,16,10420.997773806743
Earned Premium,month,cumulative,Synthetic,Portfolio,Auto,2021-02,16,819524.8183913098
Claims Reported,month,cumulative,Synthetic,Portfolio,Auto,2021-02,17,65.24933106493148
Loss Incurred,month,cumulative,Synthetic,Portfolio,Auto,2021-02,17,631087.6531832148
Exposure,month,cumulative,Synthetic,Portfolio,Auto,2021-02,17,10391.585908557741
Earned Premium,month,cumulative,Synthetic,Portfolio,Auto,2021-02,17,817455.6891983714
Claims Reported,month,cumulative,Synthetic,Portfolio,Auto,2021-02,18,65.46922978569351
Loss Incurred,month,cumulative,Synthetic,Portfolio,Auto,2021-02,18,642409.9357443565
Exposure,month,cumulative,Synthetic,Portfolio,Auto,2021-02,18,10364.932851477746
Earned Premium,month,cumulative,Synthetic,Portfolio,Auto,2021-02,18,815493.7639887345
Claims Reported,month,cumulative,Synthetic,Portfolio,Auto,2021-02,19,65.62508216283128
Loss Incurred,month,cumulative,Synthetic,Portfolio,Auto,2021-02,19,651513.1310017706
Exposure,month,cumulative,Synthetic,Portfolio,Auto,2021-02,19,10340.779828685914
Earned Premium,month,cumulative,Synthetic,Portfolio,Auto,2021-02,19,813633.4883996866
Claims Reported,month,cumulative,Synthetic,Portfolio,Auto,2021-02,20,65.73535591423308
Loss Incurred,month,cumulative,Synthetic,Portfolio,Auto,2021-02,20,658783.4026364424
Exposure,month,cumulative,Synthetic,Portfolio,Auto,2021-02,20,10318.8923390733
Earned Premium,month,cumulative,Synthetic,Portfolio,Auto,2021-02,20,811869.5958464905
Claims Reported,month,cumulative,Synthetic,Portfolio,Auto,2021-02,21,65.81328737280573
Loss Incurred,month,cumulative,Synthetic,Portfolio,Auto,2021-02,21,664558.8722634589
Exposure,month,cumulative,Synthetic,Portfolio,Auto,2021-02,21,10299.057877537318
Earned Premium,month,cumulative,Synthetic,Portfolio,Auto,2021-02,21,810197.0926122714
Claims Reported,month,cumulative,Synthetic,Portfolio,Auto,2021-02,22,65.86831582233874
Loss Incurred,month,cumulative,Synthetic,Portfolio,Auto,2021-02,22,669127.4379492593
Exposure,month,cumulative,Synthetic,Portfolio,Auto,2021-02,22,10281.083871774883
Earned Premium,month,cumulative,Synthetic,Portfolio,Auto,2021-02,22,808611.2437104182
Claims Reported,month,cumulative,Synthetic,Portfolio,Auto,2021-02,23,65.90714901960675
Loss Incurred,month,cumulative,Synthetic,Portfolio,Auto,2021-02,23,672729.1837692118
Exposure,month,cumulative,Synthetic,Portfolio,Auto,2021-02,23,10264.795812602622
Earned Premium,month,cumulative,Synthetic,Portfolio,Auto,2021-02,23,807107.5594794676
Claims Reported,month,cumulative,Synthetic,Portfolio,Auto,2021-02,24,65.93454182510149
Loss Incurred,month,cumulative,Synthetic,Portfolio,Auto,2021-02,24,675561.1971319747
Exposure,month,cumulative,Synthetic,Portfolio,Auto,2021-02,24,10250.035559651467
Earned Premium,month,cumulative,Synthetic,Portfolio,Auto,2021-02,24,805681.782872524
Claims Reported,month,cumulative,Synthetic,Portfolio,Auto,2021-02,25,65.95385888961725
Loss Incurred,month,cumulative,Synthetic,Portfolio,Auto,2021-02,25,677783.3416505521
Exposure,month,cumulative,Synthetic,Portfolio,Auto,2021-02,25,10236.659805985668
Earned Premium,month,cumulative,Synthetic,Portfolio,Auto,2021-02,25,804329.8774052289
Claims Reported,month,cumulative,Synthetic,Portfolio,Auto,2021-02,26,65.96747819478279
Loss Incurred,month,cumulative,Synthetic,Portfolio,Auto,2021-02,26,679524.1014472881
Exposure,month,cumulative,Synthetic,Portfolio,Auto,2021-02,26,10224.538686739255
Earned Premium,month,cumulative,Synthetic,Portfolio,Auto,2021-02,26,803048.0157281599
Claims Reported,month,cumulative,Synthetic,Portfolio,Auto,2021-02,27,65.97707893581861
Loss Incurred,month,cumulative,Synthetic,Portfolio,Auto,2021-02,27,680886.0125154487
Exposure,month,cumulative,Synthetic,Portfolio,Auto,2021-02,27,10213.554518261231
Earned Premium,month,cumulative,Synthetic,Portfolio,Auto,2021-02,27,801832.5687913074
Claims Reported,month,cumulative,Synthetic,Portfolio,Auto,2021-02,28,65.98384614235174
Loss Incurred,month,cumulative,Synthetic,Portfolio,Auto,2021-02,28,681950.4571784628
Exposure,month,cumulative,Synthetic,Portfolio,Auto,2021-02,28,10203.600655527856
Earned Premium,month,cumulative,Synthetic,Portfolio,Auto,2021-02,28,800680.0955699517
Claims Reported,month,cumulative,Synthetic,Portfolio,Auto,2021-02,29,65.9886157460676
Loss Incurred,month,cumulative,Synthetic,Portfolio,Auto,2021-02,29,682781.755615122
Exposure,month,cumulative,Synthetic,Portfolio,Auto,2021-02,29,10194.58045672873
Earned Premium,month,cumulative,Synthetic,Portfolio,Auto,2021-02,29,799587.3333228546
Claims Reported,month,cumulative,Synthetic,Portfolio,Auto,2021-02,30,65.99197724318057
Loss Incurred,month,cumulative,Synthetic,Portfolio,Auto,2021-02,30,683430.5766534534
Exposure,month,cumulative,Synthetic,Portfolio,Auto,2021-02,30,10186.406344973811
Earned Premium,month,cumulative,Synthetic,Portfolio,Auto,2021-02,30,798551.1883551859
Claims Reported,month,cumulative,Synthetic,Portfolio,Auto,2021-02,31,65.99434625586903
Loss Incurred,month,cumulative,Synthetic,Portfolio,Auto,2021-02,31,683936.7337441426
Exposure,month,cumulative,Synthetic,Portfolio,Auto,2021-02,31,10178.998958011518
Earned Premium,month,cumulative,Synthetic,Portfolio,Auto,2021-02,31,797568.7272600328
Claims Reported,month,cumulative,Synthetic,Portfolio,Auto,2021-02,32,65.99601577305863
Loss Incurred,month,cumulative,Synthetic,Portfolio,Auto,2021-02,32,684331.4488963237
Exposure,month,cumulative,Synthetic,Portfolio,Auto,2021-02,32,10172.286377702581
Earned Premium,month,cumulative,Synthetic,Portfolio,Auto,2021-02,32,796637.1686136967
Claims Reported,month,cumulative,Synthetic,Portfolio,Auto,2021-02,33,65.99719231267473
Loss Incurred,month,cumulative,Synthetic,Portfolio,Auto,2021-02,33,684639.1690848472
Exposure,month,cumulative,Synthetic,Portfolio,Auto,2021-02,33,10166.203431768568
Earned Premium,month,cumulative,Synthetic,Portfolio,Auto,2021-02,33,795753.8751012664
Claims Reported,month,cumulative,Synthetic,Portfolio,Auto,2021-02,34,65.9980214313259
Loss Incurred,month,cumulative,Synthetic,Portfolio,Auto,2021-02,34,684879.0135656636
Exposure,month,cumulative,Synthetic,Portfolio,Auto,2021-02,34,10160.691061035832
Earned Premium,month,cumulative,Synthetic,Portfolio,Auto,2021-02,34,794916.3460501758
Claims Reported,month,cumulative,Synthetic,Portfolio,Auto,2021-02,35,65.99860571387713
Loss Incurred,month,cumulative,Synthetic,Portfolio,Auto,2021-02,35,685065.9210664834
Exposure,month,cumulative,Synthetic,Portfolio,Auto,2021-02,35,10155.695746031432
Earned Premium,month,cumulative,Synthetic,Portfolio,Auto,2021-02,35,794122.2103506044
Claims Reported,month,cumulative,Synthetic,Portfolio,Auto,2021-02,36,65.99901745704582
Loss Incurred,month,cumulative,Synthetic,Portfolio,Auto,2021-02,36,685211.5554527047
Exposure,month,cumulative,Synthetic,Portfolio,Auto,2021-02,36,10151.168987363879
Earned Premium,month,cumulative,Synthetic,Portfolio,Auto,2021-02,36,793369.2197426812
Claims Reported,month,cumulative,Synthetic,Portfolio,Auto,2021-02,37,65.9993076106386
Loss Incurred,month,cumulative,Synthetic,Portfolio,Auto,2021-02,37,685325.0185231605
Exposure,month,cumulative,Synthetic,Portfolio,Auto,2021-02,37,10147.066834843725
Earned Premium,month,cumulative,Synthetic,Portfolio,Auto,2021-02,37,792655.2424514875
Claims Reported,month,cumulative,Synthetic,Portfolio,Auto,2021-02,38,65.99951207995198
Loss Incurred,month,cumulative,Synthetic,Portfolio,Auto,2021-02,38,685413.409682475
Exposure,month,cumulative,Synthetic,Portfolio,Auto,2021-02,38,10143.349460772244
Earned Premium,month,cumulative,Synthetic,Portfolio,Auto,2021-02,38,791978.2571518348
Claims Reported,month,cumulative,Synthetic,Portfolio,Auto,2021-02,39,65.99965616780278
Loss Incurred,month,cumulative,Synthetic,Portfolio,Auto,2021-02,39,685482.2645815207
Exposure,month,cumulative,Synthetic,Portfolio,Auto,2021-02,39,10139.980773255282
Earned Premium,month,cumulative,Synthetic,Portfolio,Auto,2021-02,39,791336.3472457376
Claims Reported,month,cumulative,Synthetic,Portfolio,Auto,2021-02,40,65.999757705173
Loss Incurred,month,cumulative,Synthetic,Portfolio,Auto,2021-02,40,685535.8984138882
Exposure,month,cumulative,Synthetic,Portfolio,Auto,2021-02,40,10136.928065787935
Earned Premium,month,cumulative,Synthetic,Portfolio,Auto,2021-02,40,790727.6954363745
Claims Reported,month,cumulative,Synthetic,Portfolio,Auto,2021-02,41,65.9998292575361
Loss Incurred,month,cumulative,Synthetic,Portfolio,Auto,2021-02,41,685577.6742983552
Exposure,month,cumulative,Synthetic,Portfolio,Auto,2021-02,41,10134.161699707887
Earned Premium,month,cumulative,Synthetic,Portfolio,Auto,2021-02,41,790150.5785831803
Claims Reported,month,cumulative,Synthetic,Portfolio,Auto,2021-02,42,65.99987967972736
Loss Incurred,month,cumulative,Synthetic,Portfolio,Auto,2021-02,42,685610.21291681
Exposure,month,cumulative,Synthetic,Portfolio,Auto,2021-02,42,10131.654816434371
Earned Premium,month,cumulative,Synthetic,Portfolio,Auto,2021-02,42,789603.3628235013
Claims Reported,month,cumulative,Synthetic,Portfolio,Auto,2021-02,43,65.99991521169127
Loss Incurred,month,cumulative,Synthetic,Portfolio,Auto,2021-02,43,685635.5561578377
Exposure,month,cumulative,Synthetic,Portfolio,Auto,2021-02,43,10129.38307669885
Earned Premium,month,cumulative,Synthetic,Portfolio,Auto,2021-02,43,789084.4989470025
Claims Reported,month,cumulative,Synthetic,Portfolio,Auto,2021-02,44,65.99994025066603
Loss Incurred,month,cumulative,Synthetic,Portfolio,Auto,2021-02,44,685655.294791612
Exposure,month,cumulative,Synthetic,Portfolio,Auto,2021-02,44,10127.324424235667
Earned Premium,month,cumulative,Synthetic,Portfolio,Auto,2021-02,44,788592.5180097333
Claims Reported,month,cumulative,Synthetic,Portfolio,Auto,2021-02,45,65.99995789534474
Loss Incurred,month,cumulative,Synthetic,Portfolio,Auto,2021-02,45,685670.668042287
Exposure,month,cumulative,Synthetic,Portfolio,Auto,2021-02,45,10125.458871638284
Earned Premium,month,cumulative,Synthetic,Portfolio,Auto,2021-02,45,788126.0271754327
Claims Reported,month,cumulative,Synthetic,Portfolio,Auto,2021-02,46,65.99997032934532
Loss Incurred,month,cumulative,Synthetic,Portfolio,Auto,2021-02,46,685682.6412194658
Exposure,month,cumulative,Synthetic,Portfolio,Auto,2021-02,46,10123.768306302058
Earned Premium,month,cumulative,Synthetic,Portfolio,Auto,2021-02,46,787683.7057723021
Claims Reported,month,cumulative,Synthetic,Portfolio,Auto,2021-02,47,65.99997909144025
Loss Incurred,month,cumulative,Synthetic,Portfolio,Auto,2021-02,47,685691.9662288714
Exposure,month,cumulative,Synthetic,Portfolio,Auto,2021-02,47,10122.236314569385
Earned Premium,month,cumulative,Synthetic,Portfolio,Auto,2021-02,47,787264.3015540806
Claims Reported,month,cumulative,Synthetic,Portfolio,Auto,2021-02,48,65.9999852659856
Loss Incurred,month,cumulative,Synthetic,Portfolio,Auto,2021-02,48,685699.2287291833
Exposure,month,cumulative,Synthetic,Portfolio,Auto,2021-02,48,10120.848022369917
Earned Premium,month,cumulative,Synthetic,Portfolio,Auto,2021-02,48,786866.627154838
Claims Reported,month,cumulative,Synthetic,Portfolio,Auto,2021-02,49,65.99998961711486
Loss Incurred,month,cumulative,Synthetic,Portfolio,Auto,2021-02,49,685704.8848766746
Exposure,month,cumulative,Synthetic,Portfolio,Auto,2021-02,49,10119.589950808564
Earned Premium,month,cumulative,Synthetic,Portfolio,Auto,2021-02,49,786489.5567274506
Claims Reported,month,cumulative,Synthetic,Portfolio,Auto,2021-02,50,65.99999268330416
Loss Incurred,month,cumulative,Synthetic,Portfolio,Auto,2021-02,50,685709.2899534048
Exposure,month,cumulative,Synthetic,Portfolio,Auto,2021-02,50,10118.449885299233
Earned Premium,month,cumulative,Synthetic,Portfolio,Auto,2021-02,50,786132.0227562394
Claims Reported,month,cumulative,Synthetic,Portfolio,Auto,2021-02,51,65.99999484401143
Loss Incurred,month,cumulative,Synthetic,Portfolio,Auto,2021-02,51,685712.7206698151
Exposure,month,cumulative,Synthetic,Portfolio,Auto,2021-02,51,10117.416756973713
Earned Premium,month,cumulative,Synthetic,Portfolio,Auto,2021-02,51,785793.0130347514
Claims Reported,month,cumulative,Synthetic,Portfolio,Auto,2021-02,52,65.99999636663617
Loss Incurred,month,cumulative,Synthetic,Portfolio,Auto,2021-02,52,685715.3925382206
Exposure,month,cumulative,Synthetic,Portfolio,Auto,2021-02,52,10116.4805352143
Earned Premium,month,cumulative,Synthetic,Portfolio,Auto,2021-02,52,785471.5678001236
Claims Reported,month,cumulative,Synthetic,Portfolio,Auto,2021-02,53,65.99999743961173
Loss Incurred,month,cumulative,Synthetic,Portfolio,Auto,2021-02,53,685717.4734058494
Exposure,month,cumulative,Synthetic,Portfolio,Auto,2021-02,53,10115.632130266775
Earned Premium,month,cumulative,Synthetic,Portfolio,Auto,2021-02,53,785166.7770159203
Claims Reported,month,cumulative,Synthetic,Portfolio,Auto,2021-02,54,65.99999819572487
Loss Incurred,month,cumulative,Synthetic,Portfolio,Auto,2021-02,54,685719.0939959363
Exposure,month,cumulative,Synthetic,Portfolio,Auto,2021-02,54,10114.863304988205
Earned Premium,month,cumulative,Synthetic,Portfolio,Auto,2021-02,54,784877.7777957484
Claims Reported,month,cumulative,Synthetic,Portfolio,Auto,2021-02,55,65.9999987285488
Loss Incurred,month,cumulative,Synthetic,Portfolio,Auto,2021-02,55,685720.3561180707
Exposure,month,cumulative,Synthetic,Portfolio,Auto,2021-02,55,10114.16659487272
Earned Premium,month,cumulative,Synthetic,Portfolio,Auto,2021-02,55,784603.7519603606
Claims Reported,month,cumulative,Synthetic,Portfolio,Auto,2021-02,56,65.99999910402347
Loss Incurred,month,cumulative,Synthetic,Portfolio,Auto,2021-02,56,685721.3390629955
Exposure,month,cumulative,Synthetic,Portfolio,Auto,2021-02,56,10113.535235578809
Earned Premium,month,cumulative,Synthetic,Portfolio,Auto,2021-02,56,784343.9237213245
Claims Reported,month,cumulative,Synthetic,Portfolio,Auto,2021-02,57,65.99999936861602
Loss Incurred,month,cumulative,Synthetic,Portfolio,Auto,2021-02,57,685722.1045832246
Exposure,month,cumulative,Synthetic,Portfolio,Auto,2021-02,57,10112.963097254491
Earned Premium,month,cumulative,Synthetic,Portfolio,Auto,2021-02,57,784097.5574847066
Claims Reported,month,cumulative,Synthetic,Portfolio,Auto,2021-02,58,65.99999955507121
Loss Incurred,month,cumulative,Synthetic,Portfolio,Auto,2021-02,58,685722.7007721624
Exposure,month,cumulative,Synthetic,Portfolio,Auto,2021-02,58,10112.444625022737
Earned Premium,month,cumulative,Synthetic,Portfolio,Auto,2021-02,58,783863.9557685482
Claims Reported,month,cumulative,Synthetic,Portfolio,Auto,2021-03,0,8.05313366015311
Loss Incurred,month,cumulative,Synthetic,Portfolio,Auto,2021-03,0,58370.13828907226
Exposure,month,cumulative,Synthetic,Portfolio,Auto,2021-03,0,12545.036748420429
Earned Premium,month,cumulative,Synthetic,Portfolio,Auto,2021-03,0,970024.1164521194
Claims Reported,month,cumulative,Synthetic,Portfolio,Auto,2021-03,1,10.662337829964997
Loss Incurred,month,cumulative,Synthetic,Portfolio,Auto,2021-03,1,72086.27897705544
Exposure,month,cumulative,Synthetic,Portfolio,Auto,2021-03,1,12411.911305540405
Earned Premium,month,cumulative,Synthetic,Portfolio,Auto,2021-03,1,963222.8009140001
Claims Reported,month,cumulative,Synthetic,Portfolio,Auto,2021-03,2,13.817009297341736
Loss Incurred,month,cumulative,Synthetic,Portfolio,Auto,2021-03,2,88233.65042370062
Exposure,month,cumulative,Synthetic,Portfolio,Auto,2021-03,2,12289.616568849622
Earned Premium,month,cumulative,Synthetic,Portfolio,Auto,2021-03,2,956866.5674391018
Claims Reported,month,cumulative,Synthetic,Portfolio,Auto,2021-03,3,17.456660818314568
Loss Incurred,month,cumulative,Synthetic,Portfolio,Auto,2021-03,3,106878.86782844194
Exposure,month,cumulative,Synthetic,Portfolio,Auto,2021-03,3,12177.271382995503
Earned Premium,month,cumulative,Synthetic,Portfolio,Auto,2021-03,3,950926.2895971198
Claims Reported,month,cumulative,Synthetic,Portfolio,Auto,2021-03,4,21.43572407823992
Loss Incurred,month,cumulative,Synthetic,Portfolio,Auto,2021-03,4,127933.27987293073
Exposure,month,cumulative,Synthetic,Portfolio,Auto,2021-03,4,12074.066280910782
Earned Premium,month,cumulative,Synthetic,Portfolio,Auto,2021-03,4,945374.7470083688
Claims Reported,month,cumulative,Synthetic,Portfolio,Auto,2021-03,5,25.537759362818974
Loss Incurred,month,cumulative,Synthetic,Portfolio,Auto,2021-03,5,151117.49505041444
Exposure,month,cumulative,Synthetic,Portfolio,Auto,2021-03,5,11979.257651459147
Earned Premium,month,cumulative,Synthetic,Portfolio,Auto,2021-03,5,940186.5006107166
Claims Reported,month,cumulative,Synthetic,Portfolio,Auto,2021-03,6,29.51837887640154
Loss Incurred,month,cumulative,Synthetic,Portfolio,Auto,2021-03,6,175950.26528362063
Exposure,month,cumulative,Synthetic,Portfolio,Auto,2021-03,6,11892.162381584621
Earned Premium,month,cumulative,Synthetic,Portfolio,Auto,2021-03,6,935337.7760891228
Claims Reported,month,cumulative,Synthetic,Portfolio,Auto,2021-03,7,33.160796721011124
Loss Incurred,month,cumulative,Synthetic,Portfolio,Auto,2021-03,7,201772.83780673164
Exposure,month,cumulative,Synthetic,Portfolio,Auto,2021-03,7,11812.152934360342
Earned Premium,month,cumulative,Synthetic,Portfolio,Auto,2021-03,7,930806.3549336152
Claims Reported,month,cumulative,Synthetic,Portfolio,Auto,2021-03,8,36.31890439192719
Loss Incurred,month,cumulative,Synthetic,Portfolio,Auto,2021-03,8,227811.0217899002
Exposure,month,cumulative,Synthetic,Portfolio,Auto,2021-03,8,11738.652827473285
Earned Premium,month,cumulative,Synthetic,Portfolio,Auto,2021-03,8,926571.4726264984
Claims Reported,month,cumulative,Synthetic,Portfolio,Auto,2021-03,9,38.9316796101096
Loss Incurred,month,cumulative,Synthetic,Portfolio,Auto,2021-03,9,253264.60105716425
Exposure,month,cumulative,Synthetic,Portfolio,Auto,2021-03,9,11671.132479566553
Earned Premium,month,cumulative,Synthetic,Portfolio,Auto,2021-03,9,922613.7234922487
Claims Reported,month,cumulative,Synthetic,Portfolio,Auto,2021-03,10,41.01072357037328
Loss Incurred,month,cumulative,Synthetic,Portfolio,Auto,2021-03,10,277403.1949015764
Exposure,month,cumulative,Synthetic,Portfolio,Auto,2021-03,10,11609.1053945114
Earned Premium,month,cumulative,Synthetic,Portfolio,Auto,2021-03,10,918914.9717740886
Claims Reported,month,cumulative,Synthetic,Portfolio,Auto,2021-03,11,42.614388853416365
Loss Incurred,month,cumulative,Synthetic,Portfolio,Auto,2021-03,11,299645.0475171637
Exposure,month,cumulative,Synthetic,Portfolio,Auto,2021-03,11,11552.124656116013
Earned Premium,month,cumulative,Synthetic,Portfolio,Auto,2021-03,11,915458.2685297619
Claims Reported,month,cumulative,Synthetic,Portfolio,Auto,2021-03,12,43.82193797641598
Loss Incurred,month,cumulative,Synthetic,Portfolio,Auto,2021-03,12,319602.0561004981
Exposure,month,cumulative,Synthetic,Portfolio,Auto,2021-03,12,11499.779708014767
Earned Premium,month,cumulative,Synthetic,Portfolio,Auto,2021-03,12,912227.7739656977
Claims Reported,month,cumulative,Synthetic,Portfolio,Auto,2021-03,13,44.714826044190204
Loss Incurred,month,cumulative,Synthetic,Portfolio,Auto,2021-03,13,337086.68069043313
Exposure,month,cumulative,Synthetic,Portfolio,Auto,2021-03,13,11451.693395536513
Earned Premium,month,cumulative,Synthetic,Portfolio,Auto,2021-03,13,909208.6848536727
Claims Reported,month,cumulative,Synthetic,Portfolio,Auto,2021-03,14,45.3662066708888
Loss Incurred,month,cumulative,Synthetic,Portfolio,Auto,2021-03,14,352087.8158255252
Exposure,month,cumulative,Synthetic,Portfolio,Auto,2021-03,14,11407.519248238023
Earned Premium,month,cumulative,Synthetic,Portfolio,Auto,2021-03,14,906387.1666973692
Claims Reported,month,cumulative,Synthetic,Portfolio,Auto,2021-03,15,45.836743891134525
Loss Incurred,month,cumulative,Synthetic,Portfolio,Auto,2021-03,15,364728.74212126207
Exposure,month,cumulative,Synthetic,Portfolio,Auto,2021-03,15,11366.938983522754
Earned Premium,month,cumulative,Synthetic,Portfolio,Auto,2021-03,15,903750.2903379921
Claims Reported,month,cumulative,Synthetic,Portfolio,Auto,2021-03,16,46.17423172774742
Loss Incurred,month,cumulative,Synthetic,Portfolio,Auto,2021-03,16,375220.3156027215
Exposure,month,cumulative,Synthetic,Portfolio,Auto,2021-03,16,11329.66021335807
Earned Premium,month,cumulative,Synthetic,Portfolio,Auto,2021-03,16,901285.9727084538
Claims Reported,month,cumulative,Synthetic,Portfolio,Auto,2021-03,17,46.41505595515925
Loss Incurred,month,cumulative,Synthetic,Portfolio,Auto,2021-03,17,383818.82740457414
Exposure,month,cumulative,Synthetic,Portfolio,Auto,2021-03,17,11295.414337567407
Earned Premium,month,cumulative,Synthetic,Portfolio,Auto,2021-03,17,898982.9214646373
Claims Reported,month,cumulative,Synthetic,Portfolio,Auto,2021-03,18,46.58627632359514
Loss Incurred,month,cumulative,Synthetic,Portfolio,Auto,2021-03,18,390793.28469459165
Exposure,month,cumulative,Synthetic,Portfolio,Auto,2021-03,18,11263.954608518176
Earned Premium,month,cumulative,Synthetic,Portfolio,Auto,2021-03,18,896830.5832400237
Claims Reported,month,cumulative,Synthetic,Portfolio,Auto,2021-03,19,46.70769399694699
Loss Incurred,month,cumulative,Synthetic,Portfolio,Auto,2021-03,19,396403.0869428452
Exposure,month,cumulative,Synthetic,Portfolio,Auto,2021-03,19,11235.054353261137
Earned Premium,month,cumulative,Synthetic,Portfolio,Auto,2021-03,19,894819.0952865658
Claims Reported,month,cumulative,Synthetic,Portfolio,Auto,2021-03,20,46.79363642829678
Loss Incurred,month,cumulative,Synthetic,Portfolio,Auto,2021-03,20,400884.8248582876
Exposure,month,cumulative,Synthetic,Portfolio,Auto,2021-03,20,11208.505340311438
Earned Premium,month,cumulative,Synthetic,Portfolio,Auto,2021-03,20,892939.2402802124
Claims Reported,month,cumulative,Synthetic,Portfolio,Auto,2021-03,21,46.854389245563645
Loss Incurred,month,cumulative,Synthetic,Portfolio,Auto,2021-03,21,404446.02497711405
Exposure,month,cumulative,Synthetic,Portfolio,Auto,2021-03,21,11184.116279303697
Earned Premium,month,cumulative,Synthetic,Portfolio,Auto,2021-03,21,891182.404083984
Claims Reported,month,cumulative,Synthetic,Portfolio,Auto,2021-03,22,46.89729587097228
Loss Incurred,month,cumulative,Synthetic,Portfolio,Auto,2021-03,22,407263.62122644903
Exposure,month,cumulative,Synthetic,Portfolio,Auto,2021-03,22,11161.71144271085
Earned Premium,month,cumulative,Synthetic,Portfolio,Auto,2021-03,22,889540.5362750588
Claims Reported,month,cumulative,Synthetic,Portfolio,Auto,2021-03,23,46.927578889160934
Loss Incurred,month,cumulative,Synthetic,Portfolio,Auto,2021-03,23,409485.3083258522
Exposure,month,cumulative,Synthetic,Portfolio,Auto,2021-03,23,11141.12939969604
Earned Premium,month,cumulative,Synthetic,Portfolio,Auto,2021-03,23,888006.113254989
Claims Reported,month,cumulative,Synthetic,Portfolio,Auto,2021-03,24,46.94894247259913
Loss Incurred,month,cumulative,Synthetic,Portfolio,Auto,2021-03,24,411232.421349509
Exposure,month,cumulative,Synthetic,Portfolio,Auto,2021-03,24,11122.221852974688
Earned Premium,month,cumulative,Synthetic,Portfolio,Auto,2021-03,24,886572.1037740058
Claims Reported,month,cumulative,Synthetic,Portfolio,Auto,2021-03,25,46.9640088223537
Loss Incurred,month,cumulative,Synthetic,Portfolio,Auto,2021-03,25,412603.43536879384
Exposure,month,cumulative,Synthetic,Portfolio,Auto,2021-03,25,11104.852570306159
Earned Premium,month,cumulative,Synthetic,Portfolio,Auto,2021-03,25,885231.9367114337
Claims Reported,month,cumulative,Synthetic,Portfolio,Auto,2021-03,26,46.97463170896893
Loss Incurred,month,cumulative,Synthetic,Portfolio,Auto,2021-03,26,413677.53077909315
Exposure,month,cumulative,Synthetic,Portfolio,Auto,2021-03,26,11088.896402916203
Earned Premium,month,cumulative,Synthetic,Portfolio,Auto,2021-03,26,883979.4709645743
Claims Reported,month,cumulative,Synthetic,Portfolio,Auto,2021-03,27,46.98212041754032
Loss Incurred,month,cumulative,Synthetic,Portfolio,Auto,2021-03,27,414517.91852168954
Exposure,month,cumulative,Synthetic,Portfolio,Auto,2021-03,27,11074.238383777763
Earned Premium,month,cumulative,Synthetic,Portfolio,Auto,2021-03,27,882808.9673080783
Claims Reported,month,cumulative,Synthetic,Portfolio,Auto,2021-03,28,46.987399055581676
Loss Incurred,month,cumulative,Synthetic,Portfolio,Auto,2021-03,28,415174.7820106572
Exposure,month,cumulative,Synthetic,Portfolio,Auto,2021-03,28,11060.77289925307
Earned Premium,month,cumulative,Synthetic,Portfolio,Auto,2021-03,28,881715.0620948572
Claims Reported,month,cumulative,Synthetic,Portfolio,Auto,2021-03,29,46.991119561443504
Loss Incurred,month,cumulative,Synthetic,Portfolio,Auto,2021-03,29,415687.7915766406
Exposure,month,cumulative,Synthetic,Portfolio,Auto,2021-03,29,11048.402928128575
Earned Premium,month,cumulative,Synthetic,Portfolio,Auto,2021-03,29,880692.7426780222
Claims Reported,month,cumulative,Synthetic,Portfolio,Auto,2021-03,30,46.993741711518666
Loss Incurred,month,cumulative,Synthetic,Portfolio,Auto,2021-03,30,416088.2028342408
Exposure,month,cumulative,Synthetic,Portfolio,Auto,2021-03,30,11037.039342559843
Earned Premium,month,cumulative,Synthetic,Portfolio,Auto,2021-03,30,879737.3244412257
Claims Reported,month,cumulative,Synthetic,Portfolio,Auto,2021-03,31,46.99558968522155
Loss Incurred,month,cumulative,Synthetic,Portfolio,Auto,2021-03,31,416400.5781533304
Exposure,month,cumulative,Synthetic,Portfolio,Auto,2021-03,31,11026.60026588955
Earned Premium,month,cumulative,Synthetic,Portfolio,Auto,2021-03,31,878844.429332152
Claims Reported,month,cumulative,Synthetic,Portfolio,Auto,2021-03,32,46.99689201757832
Loss Incurred,month,cumulative,Synthetic,Portfolio,Auto,2021-03,32,416644.1813655667
Exposure,month,cumulative,Synthetic,Portfolio,Auto,2021-03,32,11017.010482711597
Earned Premium,month,cumulative,Synthetic,Portfolio,Auto,2021-03,32,878009.965800787
Claims Reported,month,cumulative,Synthetic,Portfolio,Auto,2021-03,33,46.99780979903376
Loss Incurred,month,cumulative,Synthetic,Portfolio,Auto,2021-03,33,416834.09725584486
Exposure,month,cumulative,Synthetic,Portfolio,Auto,2021-03,33,11008.200896930713
Earned Premium,month,cumulative,Synthetic,Portfolio,Auto,2021-03,33,877230.1100505403
Claims Reported,month,cumulative,Synthetic,Portfolio,Auto,2021-03,34,46.998456570225024
Loss Incurred,month,cumulative,Synthetic,Portfolio,Auto,2021-03,34,416982.1238678446
Exposure,month,cumulative,Synthetic,Portfolio,Auto,2021-03,34,11000.108033912795
Earned Premium,month,cumulative,Synthetic,Portfolio,Auto,2021-03,34,876501.288516305
Claims Reported,month,cumulative,Synthetic,Portfolio,Auto,2021-03,35,46.99891235287256
Loss Incurred,month,cumulative,Synthetic,Portfolio,Auto,2021-03,35,417097.4799525808
Exposure,month,cumulative,Synthetic,Portfolio,Auto,2021-03,35,10992.67358313885
Earned Premium,month,cumulative,Synthetic,Portfolio,Auto,2021-03,35,875820.1614891632
Claims Reported,month,cumulative,Synthetic,Portfolio,Auto,2021-03,36,46.99923354278555
Loss Incurred,month,cumulative,Synthetic,Portfolio,Auto,2021-03,36,417187.3635809022
Exposure,month,cumulative,Synthetic,Portfolio,Auto,2021-03,36,10985.843978067343
Earned Premium,month,cumulative,Synthetic,Portfolio,Auto,2021-03,36,875183.6078126999
Claims Reported,month,cumulative,Synthetic,Portfolio,Auto,2021-03,37,46.9994598841286
Loss Incurred,month,cumulative,Synthetic,Portfolio,Auto,2021-03,37,417257.3918590279
Exposure,month,cumulative,Synthetic,Portfolio,Auto,2021-03,37,10979.570010177715
Earned Premium,month,cumulative,Synthetic,Portfolio,Auto,2021-03,37,874588.7105807997
Claims Reported,month,cumulative,Synthetic,Portfolio,Auto,2021-03,38,46.999619385486675
Loss Incurred,month,cumulative,Synthetic,Portfolio,Auto,2021-03,38,417311.94622331153
Exposure,month,cumulative,Synthetic,Portfolio,Auto,2021-03,38,10973.80647441423
Earned Premium,month,cumulative,Synthetic,Portfolio,Auto,2021-03,38,874032.7437713885
Claims Reported,month,cumulative,Synthetic,Portfolio,Auto,2021-03,39,46.99973178484425
Loss Incurred,month,cumulative,Synthetic,Portfolio,Auto,2021-03,39,417354.44308711815
Exposure,month,cumulative,Synthetic,Portfolio,Auto,2021-03,39,10968.51184347551
Earned Premium,month,cumulative,Synthetic,Portfolio,Auto,2021-03,39,873513.1597548691
Claims Reported,month,cumulative,Synthetic,Portfolio,Auto,2021-03,40,46.999810991655735
Loss Incurred,month,cumulative,Synthetic,Portfolio,Auto,2021-03,40,417387.5456736453
Exposure,month,cumulative,Synthetic,Portfolio,Auto,2021-03,40,10963.647968602927
Earned Premium,month,cumulative,Synthetic,Portfolio,Auto,2021-03,40,873027.577620014
Claims Reported,month,cumulative,Synthetic,Portfolio,Auto,2021-03,41,46.99986680791276
Loss Incurred,month,cumulative,Synthetic,Portfolio,Auto,2021-03,41,417413.3296314235
Exposure,month,cumulative,Synthetic,Portfolio,Auto,2021-03,41,10959.179804712006
Earned Premium,month,cumulative,Synthetic,Portfolio,Auto,2021-03,41,872573.7722638178
Claims Reported,month,cumulative,Synthetic,Portfolio,Auto,2021-03,42,46.99990614104393
Loss Incurred,month,cumulative,Synthetic,Portfolio,Auto,2021-03,42,417433.41240458604
Exposure,month,cumulative,Synthetic,Portfolio,Auto,2021-03,42,10955.075157886351
Earned Premium,month,cumulative,Synthetic,Portfolio,Auto,2021-03,42,872149.6641953161
Claims Reported,month,cumulative,Synthetic,Portfolio,Auto,2021-03,43,46.999933858672534
Loss Incurred,month,cumulative,Synthetic,Portfolio,Auto,2021-03,43,417449.0542226518
Exposure,month,cumulative,Synthetic,Portfolio,Auto,2021-03,43,10951.304453414747
Earned Premium,month,cumulative,Synthetic,Portfolio,Auto,2021-03,43,871753.3100066484
Claims Reported,month,cumulative,Synthetic,Portfolio,Auto,2021-03,44,46.99995339097492
Loss Incurred,month,cumulative,Synthetic,Portfolio,Auto,2021-03,44,417461.2368948057
Exposure,month,cumulative,Synthetic,Portfolio,Auto,2021-03,44,10947.840522700093
Earned Premium,month,cumulative,Synthetic,Portfolio,Auto,2021-03,44,871382.8934677001
Claims Reported,month,cumulative,Synthetic,Portfolio,Auto,2021-03,45,46.99996715516555
Loss Incurred,month,cumulative,Synthetic,Portfolio,Auto,2021-03,45,417470.72526196315
Exposure,month,cumulative,Synthetic,Portfolio,Auto,2021-03,45,10944.65840750484
Earned Premium,month,cumulative,Synthetic,Portfolio,Auto,2021-03,45,871036.7172035165
Claims Reported,month,cumulative,Synthetic,Portfolio,Auto,2021-03,46,46.99997685463157
Loss Incurred,month,cumulative,Synthetic,Portfolio,Auto,2021-03,46,417478.1151084994
Exposure,month,cumulative,Synthetic,Portfolio,Auto,2021-03,46,10941.735180122421
Earned Premium,month,cumulative,Synthetic,Portfolio,Auto,2021-03,46,870713.194916352
Claims Reported,month,cumulative,Synthetic,Portfolio,Auto,2021-03,47,46.99998368973216
Loss Incurred,month,cumulative,Synthetic,Portfolio,Auto,2021-03,47,417483.87050798786
Exposure,month,cumulative,Synthetic,Portfolio,Auto,2021-03,47,10939.049778179067
Earned Premium,month,cumulative,Synthetic,Portfolio,Auto,2021-03,47,870410.8441167127
Claims Reported,month,cumulative,Synthetic,Portfolio,Auto,2021-03,48,46.99998850634734
Loss Incurred,month,cumulative,Synthetic,Portfolio,Auto,2021-03,48,417488.3529275362
Exposure,month,cumulative,Synthetic,Portfolio,Auto,2021-03,48,10936.582852875632
Earned Premium,month,cumulative,Synthetic,Portfolio,Auto,2021-03,48,870128.279330083
Claims Reported,month,cumulative,Synthetic,Portfolio,Auto,2021-03,49,46.99999190055928
Loss Incurred,month,cumulative,Synthetic,Portfolio,Auto,2021-03,49,417491.8439060623
Exposure,month,cumulative,Synthetic,Portfolio,Auto,2021-03,49,10934.316629576071
Earned Premium,month,cumulative,Synthetic,Portfolio,Auto,2021-03,49,869864.2057482095
Claims Reported,month,cumulative,Synthetic,Portfolio,Auto,2021-03,50,46.999994292420304
Loss Incurred,month,cumulative,Synthetic,Portfolio,Auto,2021-03,50,417494.5627233117
Exposure,month,cumulative,Synthetic,Portfolio,Auto,2021-03,50,10932.234779738003
Earned Premium,month,cumulative,Synthetic,Portfolio,Auto,2021-03,50,869617.4132958475
Claims Reported,month,cumulative,Synthetic,Portfolio,Auto,2021-03,51,46.99999597793642
Loss Incurred,month,cumulative,Synthetic,Portfolio,Auto,2021-03,51,417496.6801648429
Exposure,month,cumulative,Synthetic,Portfolio,Auto,2021-03,51,10930.322303262668
Earned Premium,month,cumulative,Synthetic,Portfolio,Auto,2021-03,51,869386.7710857833
Claims Reported,month,cumulative,Synthetic,Portfolio,Auto,2021-03,52,46.999997165699625
Loss Incurred,month,cumulative,Synthetic,Portfolio,Auto,2021-03,52,417498.3292448429
Exposure,month,cumulative,Synthetic,Portfolio,Auto,2021-03,52,10928.56542041655
Earned Premium,month,cumulative,Synthetic,Portfolio,Auto,2021-03,52,869171.2222367233
Claims Reported,month,cumulative,Synthetic,Portfolio,Auto,2021-03,53,46.99999800270224
Loss Incurred,month,cumulative,Synthetic,Portfolio,Auto,2021-03,53,417499.61355866195
Exposure,month,cumulative,Synthetic,Portfolio,Auto,2021-03,53,10926.95147254592
Earned Premium,month,cumulative,Synthetic,Portfolio,Auto,2021-03,53,868969.7790303037
Claims Reported,month,cumulative,Synthetic,Portfolio,Auto,2021-03,54,46.99999859252805
Loss Incurred,month,cumulative,Synthetic,Portfolio,Auto,2021-03,54,417500.61378874315
Exposure,month,cumulative,Synthetic,Portfolio,Auto,2021-03,54,10925.468830869007
Earned Premium,month,cumulative,Synthetic,Portfolio,Auto,2021-03,54,868781.5183850273
Claims Reported,month,cumulative,Synthetic,Portfolio,Auto,2021-03,55,46.99999900817127
Loss Incurred,month,cumulative,Synthetic,Portfolio,Auto,2021-03,55,417501.3927720333
Exposure,month,cumulative,Synthetic,Portfolio,Auto,2021-03,55,10924.106812688544
Earned Premium,month,cumulative,Synthetic,Portfolio,Auto,2021-03,55,868605.5776263893
Claims Reported,month,cumulative,Synthetic,Portfolio,Auto,2021-03,56,46.9999993010701
Loss Incurred,month,cumulative,Synthetic,Portfolio,Auto,2021-03,56,417501.9994468433
Exposure,month,cumulative,Synthetic,Portfolio,Auto,2021-03,56,10922.85560442103
Earned Premium,month,cumulative,Synthetic,Portfolio,Auto,2021-03,56,868441.1505338092
Claims Reported,month,cumulative,Synthetic,Portfolio,Auto,2021-03,57,46.999999507472424
Loss Incurred,month,cumulative,Synthetic,Portfolio,Auto,2021-03,57,417502.4719268816
Exposure,month,cumulative,Synthetic,Portfolio,Auto,2021-03,57,10921.706190888122
Earned Premium,month,cumulative,Synthetic,Portfolio,Auto,2021-03,57,868287.4836462518
Claims Reported,month,cumulative,Synthetic,Portfolio,Auto,2021-04,0,25.368100679915393
Loss Incurred,month,cumulative,Synthetic,Portfolio,Auto,2021-04,0,178992.79642378245
Exposure,month,cumulative,Synthetic,Portfolio,Auto,2021-04,0,13132.260218589148
Earned Premium,month,cumulative,Synthetic,Portfolio,Auto,2021-04,0,1027084.850278964
Claims Reported,month,cumulative,Synthetic,Portfolio,Auto,2021-04,1,32.800009978671994
Loss Incurred,month,cumulative,Synthetic,Portfolio,Auto,2021-04,1,221726.17977472962
Exposure,month,cumulative,Synthetic,Portfolio,Auto,2021-04,1,12977.579208666912
Earned Premium,month,cumulative,Synthetic,Portfolio,Auto,2021-04,1,1018877.6805144359
Claims Reported,month,cumulative,Synthetic,Portfolio,Auto,2021-04,2,41.33312552509544
Loss Incurred,month,cumulative,Synthetic,Portfolio,Auto,2021-04,2,272368.69898787525
Exposure,month,cumulative,Synthetic,Portfolio,Auto,2021-04,2,12836.866419800892
Earned Premium,month,cumulative,Synthetic,Portfolio,Auto,2021-04,2,1011282.6035725257
Claims Reported,month,cumulative,Synthetic,Portfolio,Auto,2021-04,3,50.611706515243974
Loss Incurred,month,cumulative,Synthetic,Portfolio,Auto,2021-04,3,331300.0187381735
Exposure,month,cumulative,Synthetic,Portfolio,Auto,2021-04,3,12708.86047414274
Earned Premium,month,cumulative,Synthetic,Portfolio,Auto,2021-04,3,1004253.969413786
Claims Reported,month,cumulative,Synthetic,Portfolio,Auto,2021-04,4,60.12251370245114
Loss Incurred,month,cumulative,Synthetic,Portfolio,Auto,2021-04,4,398439.45449906914
Exposure,month,cumulative,Synthetic,Portfolio,Auto,2021-04,4,12592.413900552057
Earned Premium,month,cumulative,Synthetic,Portfolio,Auto,2021-04,4,997749.5325904014
Claims Reported,month,cumulative,Synthetic,Portfolio,Auto,2021-04,5,69.2993379246662
Loss Incurred,month,cumulative,Synthetic,Portfolio,Auto,2021-04,5,473109.06289677386
Exposure,month,cumulative,Synthetic,Portfolio,Auto,2021-04,5,12486.48284843341
Earned Premium,month,cumulative,Synthetic,Portfolio,Auto,2021-04,5,991730.1983308718
Claims Reported,month,cumulative,Synthetic,Portfolio,Auto,2021-04,6,77.65156789264209
Loss Incurred,month,cumulative,Synthetic,Portfolio,Auto,2021-04,6,553960.2757478037
Exposure,month,cumulative,Synthetic,Portfolio,Auto,2021-04,6,12390.117730448852
Earned Premium,month,cumulative,Synthetic,Portfolio,Auto,2021-04,6,986159.7875617663
Claims Reported,month,cumulative,Synthetic,Portfolio,Auto,2021-04,7,84.8587758228606
Loss Incurred,month,cumulative,Synthetic,Portfolio,Auto,2021-04,7,639006.9268820611
Exposure,month,cumulative,Synthetic,Portfolio,Auto,2021-04,7,12302.454710225313
Earned Premium,month,cumulative,Synthetic,Portfolio,Auto,2021-04,7,981004.819454215
Claims Reported,month,cumulative,Synthetic,Portfolio,Auto,2021-04,8,90.79741937908375
Loss Incurred,month,cumulative,Synthetic,Portfolio,Auto,2021-04,8,725785.6716944048
Exposure,month,cumulative,Synthetic,Portfolio,Auto,2021-04,8,12222.707958750947
Earned Premium,month,cumulative,Synthetic,Portfolio,Auto,2021-04,8,976234.3101881384
Claims Reported,month,cumulative,Synthetic,Portfolio,Auto,2021-04,9,95.50746080836748
Loss Incurred,month,cumulative,Synthetic,Portfolio,Auto,2021-04,9,811625.7256262209
Exposure,month,cumulative,Synthetic,Portfolio,Auto,2021-04,9,12150.162610045214
Earned Premium,month,cumulative,Synthetic,Portfolio,Auto,2021-04,9,971819.5867246924
Claims Reported,month,cumulative,Synthetic,Portfolio,Auto,2021-04,10,99.13121371510483
Loss Incurred,month,cumulative,Synthetic,Portfolio,Auto,2021-04,10,893969.4798198896
Exposure,month,cumulative,Synthetic,Portfolio,Auto,2021-04,10,12084.168352955907
Earned Premium,month,cumulative,Synthetic,Portfolio,Auto,2021-04,10,967734.114467612
Claims Reported,month,cumulative,Synthetic,Portfolio,Auto,2021-04,11,101.85453306147534
Loss Incurred,month,cumulative,Synthetic,Portfolio,Auto,2021-04,11,970665.1172702166
Exposure,month,cumulative,Synthetic,Portfolio,Auto,2021-04,11,12024.133601638689
Earned Premium,month,cumulative,Synthetic,Portfolio,Auto,2021-04,11,963953.3377776162
Claims Reported,month,cumulative,Synthetic,Portfolio,Auto,2021-04,12,103.86527083684538
Loss Incurred,month,cumulative,Synthetic,Portfolio,Auto,2021-04,12,1040163.7161301457
Exposure,month,cumulative,Synthetic,Portfolio,Auto,2021-04,12,11969.520192462145
Earned Premium,month,cumulative,Synthetic,Portfolio,Auto,2021-04,12,960454.5323812898
Claims Reported,month,cumulative,Synthetic,Portfolio,Auto,2021-04,13,105.33057047562619
Loss Incurred,month,cumulative,Synthetic,Portfolio,Auto,2021-04,13,1101589.8124962875
Exposure,month,cumulative,Synthetic,Portfolio,Auto,2021-04,13,11919.838559800346
Earned Premium,month,cumulative,Synthetic,Portfolio,Auto,2021-04,13,957216.6687873474
Claims Reported,month,cumulative,Synthetic,Portfolio,Auto,2021-04,14,106.38823175842478
Loss Incurred,month,cumulative,Synthetic,Portfolio,Auto,2021-04,14,1154696.0170283446
Exposure,month,cumulative,Synthetic,Portfolio,Auto,2021-04,14,11874.64334746773
Earned Premium,month,cumulative,Synthetic,Portfolio,Auto,2021-04,14,954220.2858893488
Claims Reported,month,cumulative,Synthetic,Portfolio,Auto,2021-04,15,107.1464019285234
Loss Incurred,month,cumulative,Synthetic,Portfolio,Auto,2021-04,15,1199740.2247386738
Exposure,month,cumulative,Synthetic,Portfolio,Auto,2021-04,15,11833.529416456346
Earned Premium,month,cumulative,Synthetic,Portfolio,Auto,2021-04,15,951447.3739951558
Claims Reported,month,cumulative,Synthetic,Portfolio,Auto,2021-04,16,107.68719872924511
Loss Incurred,month,cumulative,Synthetic,Portfolio,Auto,2021-04,16,1237331.2031271856
Exposure,month,cumulative,Synthetic,Portfolio,Auto,2021-04,16,11796.128213187982
Earned Premium,month,cumulative,Synthetic,Portfolio,Auto,2021-04,16,948881.2665800808
Claims Reported,month,cumulative,Synthetic,Portfolio,Auto,2021-04,17,108.07158243027932
Loss Incurred,month,cumulative,Synthetic,Portfolio,Auto,2021-04,17,1268279.5735793293
Exposure,month,cumulative,Synthetic,Portfolio,Auto,2021-04,17,11762.104465725495
Earned Premium,month,cumulative,Synthetic,Portfolio,Auto,2021-04,17,946506.5401131157
Claims Reported,month,cumulative,Synthetic,Portfolio,Auto,2021-04,18,108.34410539414577
Loss Incurred,month,cumulative,Synthetic,Portfolio,Auto,2021-04,18,1293475.8595540854
Exposure,month,cumulative,Synthetic,Portfolio,Auto,2021-04,18,11731.153178327471
Earned Premium,month,cumulative,Synthetic,Portfolio,Auto,2021-04,18,944308.9213541441
Claims Reported,month,cumulative,Synthetic,Portfolio,Auto,2021-04,19,108.53697608757416
Loss Incurred,month,cumulative,Synthetic,Portfolio,Auto,2021-04,19,1313803.0889898469
Exposure,month,cumulative,Synthetic,Portfolio,Auto,2021-04,19,11702.996897404822
Earned Premium,month,cumulative,Synthetic,Portfolio,Auto,2021-04,19,942275.2015649527
Claims Reported,month,cumulative,Synthetic,Portfolio,Auto,2021-04,20,108.67330273399892
Loss Incurred,month,cumulative,Synthetic,Portfolio,Auto,2021-04,20,1330081.973739358
Exposure,month,cumulative,Synthetic,Portfolio,Auto,2021-04,20,11677.383224370795
Earned Premium,month,cumulative,Synthetic,Portfolio,Auto,2021-04,20,940393.1571184063
Claims Reported,month,cumulative,Synthetic,Portfolio,Auto,2021-04,21,108.76957637617548
Loss Incurred,month,cumulative,Synthetic,Portfolio,Auto,2021-04,21,1343042.1344540175
Exposure,month,cumulative,Synthetic,Portfolio,Auto,2021-04,21,11654.082553089089
Earned Premium,month,cumulative,Synthetic,Portfolio,Auto,2021-04,21,938651.4760286114
Claims Reported,month,cumulative,Synthetic,Portfolio,Auto,2021-04,22,108.83752178432276
Loss Incurred,month,cumulative,Synthetic,Portfolio,Auto,2021-04,22,1353311.7982733033
Exposure,month,cumulative,Synthetic,Portfolio,Auto,2021-04,22,11632.88601163809
Earned Premium,month,cumulative,Synthetic,Portfolio,Auto,2021-04,22,937039.6899604793
Claims Reported,month,cumulative,Synthetic,Portfolio,Auto,2021-04,23,108.88545311308405
Loss Incurred,month,cumulative,Synthetic,Portfolio,Auto,2021-04,23,1361419.2590979307
Exposure,month,cumulative,Synthetic,Portfolio,Auto,2021-04,23,11613.60358994079
Earned Premium,month,cumulative,Synthetic,Portfolio,Auto,2021-04,23,935548.1113100323
Claims Reported,month,cumulative,Synthetic,Portfolio,Auto,2021-04,24,108.91925511470828
Loss Incurred,month,cumulative,Synthetic,Portfolio,Auto,2021-04,24,1367800.9574714238
Exposure,month,cumulative,Synthetic,Portfolio,Auto,2021-04,24,11596.062436476112
Earned Premium,month,cumulative,Synthetic,Portfolio,Auto,2021-04,24,934167.7749772789
Claims Reported,month,cumulative,Synthetic,Portfolio,Auto,2021-04,25,108.94308759082551
Loss Incurred,month,cumulative,Synthetic,Portfolio,Auto,2021-04,25,1372812.6223979222
Exposure,month,cumulative,Synthetic,Portfolio,Auto,2021-04,25,11580.105308802955
Earned Premium,month,cumulative,Synthetic,Portfolio,Auto,2021-04,25,932890.3844816796
Claims Reported,month,cumulative,Synthetic,Portfolio,Auto,2021-04,26,108.95988831820289
Loss Incurred,month,cumulative,Synthetic,Portfolio,Auto,2021-04,26,1376741.2224612941
Exposure,month,cumulative,Synthetic,Portfolio,Auto,2021-04,26,11565.589164007226
Earned Premium,month,cumulative,Synthetic,Portfolio,Auto,2021-04,26,931708.2620963389
Claims Reported,month,cumulative,Synthetic,Portfolio,Auto,2021-04,27,108.97173070344368
Loss Incurred,month,cumulative,Synthetic,Portfolio,Auto,2021-04,27,1379816.4286976417
Exposure,month,cumulative,Synthetic,Portfolio,Auto,2021-04,27,11552.38387643626
Earned Premium,month,cumulative,Synthetic,Portfolio,Auto,2021-04,27,930614.3027011985
Claims Reported,month,cumulative,Synthetic,Portfolio,Auto,2021-04,28,108.98007743755213
Loss Incurred,month,cumulative,Synthetic,Portfolio,Auto,2021-04,28,1382220.9342052613
Exposure,month,cumulative,Synthetic,Portfolio,Auto,2021-04,28,11540.371071226222
Earned Premium,month,cumulative,Synthetic,Portfolio,Auto,2021-04,28,929601.9310778738
Claims Reported,month,cumulative,Synthetic,Portfolio,Auto,2021-04,29,108.98596004970777
Loss Incurred,month,cumulative,Synthetic,Portfolio,Auto,2021-04,29,1384099.3776216877
Exposure,month,cumulative,Synthetic,Portfolio,Auto,2021-04,29,11529.4430631659
Earned Premium,month,cumulative,Synthetic,Portfolio,Auto,2021-04,29,928665.0623894508
Claims Reported,month,cumulative,Synthetic,Portfolio,Auto,2021-04,30,108.99010583789261
Loss Incurred,month,cumulative,Synthetic,Portfolio,Auto,2021-04,30,1385565.85106253
Exposure,month,cumulative,Synthetic,Portfolio,Auto,2021-04,30,11519.50189138475
Earned Premium,month,cumulative,Synthetic,Portfolio,Auto,2021-04,30,927798.065607711
Claims Reported,month,cumulative,Synthetic,Portfolio,Auto,2021-04,31,108.99302751490013
Loss Incurred,month,cumulative,Synthetic,Portfolio,Auto,2021-04,31,1386710.0959628548
Exposure,month,cumulative,Synthetic,Portfolio,Auto,2021-04,31,11510.458441211878
Earned Premium,month,cumulative,Synthetic,Portfolio,Auto,2021-04,31,926995.7296679618
Claims Reported,month,cumulative,Synthetic,Portfolio,Auto,2021-04,32,108.99508647997581
Loss Incurred,month,cumulative,Synthetic,Portfolio,Auto,2021-04,32,1387602.544704625
Exposure,month,cumulative,Synthetic,Portfolio,Auto,2021-04,32,11502.231645334117
Earned Premium,month,cumulative,Synthetic,Portfolio,Auto,2021-04,32,926253.2321480504
Claims Reported,month,cumulative,Synthetic,Portfolio,Auto,2021-04,33,108.99653745486656
Loss Incurred,month,cumulative,Synthetic,Portfolio,Auto,2021-04,33,1388298.380555489
Exposure,month,cumulative,Synthetic,Portfolio,Auto,2021-04,33,11494.747757092291
Earned Premium,month,cumulative,Synthetic,Portfolio,Auto,2021-04,33,925566.1102833027
Claims Reported,month,cumulative,Synthetic,Portfolio,Auto,2021-04,34,108.99755996279431
Loss Incurred,month,cumulative,Synthetic,Portfolio,Auto,2021-04,34,1388840.7816449485
Exposure,month,cumulative,Synthetic,Portfolio,Auto,2021-04,34,11487.93968940125
Earned Premium,month,cumulative,Synthetic,Portfolio,Auto,2021-04,34,924930.2341431765
Claims Reported,month,cumulative,Synthetic,Portfolio,Auto,2021-04,35,108.99828052347564
Loss Incurred,month,cumulative,Synthetic,Portfolio,Auto,2021-04,35,1389263.4976977191
Exposure,month,cumulative,Synthetic,Portfolio,Auto,2021-04,35,11481.746413367711
Earned Premium,month,cumulative,Synthetic,Portfolio,Auto,2021-04,35,924341.7818084073
Claims Reported,month,cumulative,Synthetic,Portfolio,Auto,2021-04,36,108.99878829972798
Loss Incurred,month,cumulative,Synthetic,Portfolio,Auto,2021-04,36,1389592.8875702417
Exposure,month,cumulative,Synthetic,Portfolio,Auto,2021-04,36,11476.112411214928
Earned Premium,month,cumulative,Synthetic,Portfolio,Auto,2021-04,36,923797.216399448
Claims Reported,month,cumulative,Synthetic,Portfolio,Auto,2021-04,37,108.99914612644686
Loss Incurred,month,cumulative,Synthetic,Portfolio,Auto,2021-04,37,1389849.5248714846
Exposure,month,cumulative,Synthetic,Portfolio,Auto,2021-04,37,11470.98717861014
Earned Premium,month,cumulative,Synthetic,Portfolio,Auto,2021-04,37,923293.2648181337
Claims Reported,month,cumulative,Synthetic,Portfolio,Auto,2021-04,38,108.99939828408498
Loss Incurred,month,cumulative,Synthetic,Portfolio,Auto,2021-04,38,1390049.4598728274
Exposure,month,cumulative,Synthetic,Portfolio,Auto,2021-04,38,11466.324771933525
Earned Premium,month,cumulative,Synthetic,Portfolio,Auto,2021-04,38,922826.8980747989
Claims Reported,month,cumulative,Synthetic,Portfolio,Auto,2021-04,39,108.99957597727004
Loss Incurred,month,cumulative,Synthetic,Portfolio,Auto,2021-04,39,1390205.2092569594
Exposure,month,cumulative,Synthetic,Portfolio,Auto,2021-04,39,11462.083396430326
Earned Premium,month,cumulative,Synthetic,Portfolio,Auto,2021-04,39,922395.3130826028
Claims Reported,month,cumulative,Synthetic,Portfolio,Auto,2021-04,40,108.99970119588916
Loss Incurred,month,cumulative,Synthetic,Portfolio,Auto,2021-04,40,1390326.5311769303
Exposure,month,cumulative,Synthetic,Portfolio,Auto,2021-04,40,11458.225031554231
Earned Premium,month,cumulative,Synthetic,Portfolio,Auto,2021-04,40,921995.9158096389
Claims Reported,month,cumulative,Synthetic,Portfolio,Auto,2021-04,41,108.99978943613148
Loss Incurred,month,cumulative,Synthetic,Portfolio,Auto,2021-04,41,1390421.0314516106
Exposure,month,cumulative,Synthetic,Portfolio,Auto,2021-04,41,11454.71509014351
Earned Premium,month,cumulative,Synthetic,Portfolio,Auto,2021-04,41,921626.305687565
Claims Reported,month,cumulative,Synthetic,Portfolio,Auto,2021-04,42,108.99985161806508
Loss Incurred,month,cumulative,Synthetic,Portfolio,Auto,2021-04,42,1390494.637238221
Exposure,month,cumulative,Synthetic,Portfolio,Auto,2021-04,42,11451.522108374727
Earned Premium,month,cumulative,Synthetic,Portfolio,Auto,2021-04,42,921284.2611830399
Claims Reported,month,cumulative,Synthetic,Portfolio,Auto,2021-04,43,108.99989543697569
Loss Incurred,month,cumulative,Synthetic,Portfolio,Auto,2021-04,43,1390551.9668806745
Exposure,month,cumulative,Synthetic,Portfolio,Auto,2021-04,43,11448.617463714661
Earned Premium,month,cumulative,Synthetic,Portfolio,Auto,2021-04,43,920967.7264452485
Claims Reported,month,cumulative,Synthetic,Portfolio,Auto,2021-04,44,108.99992631566126
Loss Incurred,month,cumulative,Synthetic,Portfolio,Auto,2021-04,44,1390596.6185256992
Exposure,month,cumulative,Synthetic,Portfolio,Auto,2021-04,44,11445.975118342158
Earned Premium,month,cumulative,Synthetic,Portfolio,Auto,2021-04,44,920674.7989492554
Claims Reported,month,cumulative,Synthetic,Portfolio,Auto,2021-04,45,108.99994807551373
Loss Incurred,month,cumulative,Synthetic,Portfolio,Auto,2021-04,45,1390631.395248144
Exposure,month,cumulative,Synthetic,Portfolio,Auto,2021-04,45,11443.57138573982
Earned Premium,month,cumulative,Synthetic,Portfolio,Auto,2021-04,45,920403.7180609222
Claims Reported,month,cumulative,Synthetic,Portfolio,Auto,2021-04,46,108.99996340942782
Loss Incurred,month,cumulative,Synthetic,Portfolio,Auto,2021-04,46,1390658.480591681
Exposure,month,cumulative,Synthetic,Portfolio,Auto,2021-04,46,11441.384718363308
Earned Premium,month,cumulative,Synthetic,Portfolio,Auto,2021-04,46,920152.8544546557
Claims Reported,month,cumulative,Synthetic,Portfolio,Auto,2021-04,47,108.99997421505702
Loss Incurred,month,cumulative,Synthetic,Portfolio,Auto,2021-04,47,1390679.5754092687
Exposure,month,cumulative,Synthetic,Portfolio,Auto,2021-04,47,11439.395514484784
Earned Premium,month,cumulative,Synthetic,Portfolio,Auto,2021-04,47,919920.7003203823
Claims Reported,month,cumulative,Synthetic,Portfolio,Auto,2021-04,48,108.99998182965653
Loss Incurred,month,cumulative,Synthetic,Portfolio,Auto,2021-04,48,1390696.0045130167
Exposure,month,cumulative,Synthetic,Portfolio,Auto,2021-04,48,11437.585942479072
Earned Premium,month,cumulative,Synthetic,Portfolio,Auto,2021-04,48,919705.8603008897
Claims Reported,month,cumulative,Synthetic,Portfolio,Auto,2021-04,49,108.99998719557473
Loss Incurred,month,cumulative,Synthetic,Portfolio,Auto,2021-04,49,1390708.7997807602
Exposure,month,cumulative,Synthetic,Portfolio,Auto,2021-04,49,11435.939780977376
Earned Premium,month,cumulative,Synthetic,Portfolio,Auto,2021-04,49,919507.0431050643
Claims Reported,month,cumulative,Synthetic,Portfolio,Auto,2021-04,50,108.9999909768737
Loss Incurred,month,cumulative,Synthetic,Portfolio,Auto,2021-04,50,1390718.7649083876
Exposure,month,cumulative,Synthetic,Portfolio,Auto,2021-04,50,11434.442273455647
Earned Premium,month,cumulative,Synthetic,Portfolio,Auto,2021-04,50,919323.0537466138
Claims Reported,month,cumulative,Synthetic,Portfolio,Auto,2021-04,51,108.99999364151022
Loss Incurred,month,cumulative,Synthetic,Portfolio,Auto,2021-04,51,1390726.525856507
Exposure,month,cumulative,Synthetic,Portfolio,Auto,2021-04,51,11433.079995954118
Earned Premium,month,cumulative,Synthetic,Portfolio,Auto,2021-04,51,919152.7863616301
Claims Reported,month,cumulative,Synthetic,Portfolio,Auto,2021-04,52,108.99999551924789
Loss Incurred,month,cumulative,Synthetic,Portfolio,Auto,2021-04,52,1390732.5701489795
Exposure,month,cumulative,Synthetic,Portfolio,Auto,2021-04,52,11431.840736742237
Earned Premium,month,cumulative,Synthetic,Portfolio,Auto,2021-04,52,918995.2175618182
Claims Reported,month,cumulative,Synthetic,Portfolio,Auto,2021-04,53,108.99999684246733
Loss Incurred,month,cumulative,Synthetic,Portfolio,Auto,2021-04,53,1390737.277485082
Exposure,month,cumulative,Synthetic,Portfolio,Auto,2021-04,53,11430.713386850226
Earned Premium,month,cumulative,Synthetic,Portfolio,Auto,2021-04,53,918849.4002834443
Claims Reported,month,cumulative,Synthetic,Portfolio,Auto,2021-04,54,108.99999777492431
Loss Incurred,month,cumulative,Synthetic,Portfolio,Auto,2021-04,54,1390740.9435841977
Exposure,month,cumulative,Synthetic,Portfolio,Auto,2021-04,54,11429.68784048605
Earned Premium,month,cumulative,Synthetic,Portfolio,Auto,2021-04,54,918714.4580950304
Claims Reported,month,cumulative,Synthetic,Portfolio,Auto,2021-04,55,108.99999843201566
Loss Incurred,month,cumulative,Synthetic,Portfolio,Auto,2021-04,55,1390743.7987584479
Exposure,month,cumulative,Synthetic,Portfolio,Auto,2021-04,55,11428.754904445053
Earned Premium,month,cumulative,Synthetic,Portfolio,Auto,2021-04,55,918589.5799295825
Claims Reported,month,cumulative,Synthetic,Portfolio,Auto,2021-04,56,108.9999988950601
Loss Incurred,month,cumulative,Synthetic,Portfolio,Auto,2021-04,56,1390746.0223785099
Exposure,month,cumulative,Synthetic,Portfolio,Auto,2021-04,56,11427.906215700208
Earned Premium,month,cumulative,Synthetic,Portfolio,Auto,2021-04,56,918474.0152096909
Claims Reported,month,cumulative,Synthetic,Portfolio,Auto,2021-05,0,17.261160502281182
Loss Incurred,month,cumulative,Synthetic,Portfolio,Auto,2021-05,0,97247.52095809173
Exposure,month,cumulative,Synthetic,Portfolio,Auto,2021-05,0,11799.176179743641
Earned Premium,month,cumulative,Synthetic,Portfolio,Auto,2021-05,0,881770.6561908502
Claims Reported,month,cumulative,Synthetic,Portfolio,Auto,2021-05,1,22.365984179107567
Loss Incurred,month,cumulative,Synthetic,Portfolio,Auto,2021-05,1,120407.73561934555
Exposure,month,cumulative,Synthetic,Portfolio,Auto,2021-05,1,11705.845065336525
Earned Premium,month,cumulative,Synthetic,Portfolio,Auto,2021-05,1,877596.512484507
Claims Reported,month,cumulative,Synthetic,Portfolio,Auto,2021-05,2,28.25431957939259
Loss Incurred,month,cumulative,Synthetic,Portfolio,Auto,2021-05,2,147826.09972039924
Exposure,month,cumulative,Synthetic,Portfolio,Auto,2021-05,2,11618.173838422877
Earned Premium,month,cumulative,Synthetic,Portfolio,Auto,2021-05,2,873606.7921372497
Claims Reported,month,cumulative,Synthetic,Portfolio,Auto,2021-05,3,34.69020536578582
Loss Incurred,month,cumulative,Synthetic,Portfolio,Auto,2021-05,3,179693.43417432831
Exposure,month,cumulative,Synthetic,Portfolio,Auto,2021-05,3,11535.819265916476
Earned Premium,month,cumulative,Synthetic,Portfolio,Auto,2021-05,3,869793.3468969407
Claims Reported,month,cumulative,Synthetic,Portfolio,Auto,2021-05,4,41.32328561520357
Loss Incurred,month,cumulative,Synthetic,Portfolio,Auto,2021-05,4,215948.75012263126
Exposure,month,cumulative,Synthetic,Portfolio,Auto,2021-05,4,11458.458929447219
Earned Premium,month,cumulative,Synthetic,Portfolio,Auto,2021-05,4,866148.3885201383
Claims Reported,month,cumulative,Synthetic,Portfolio,Auto,2021-05,5,47.75837961732864
Loss Incurred,month,cumulative,Synthetic,Portfolio,Auto,2021-05,5,256207.21611650425
Exposure,month,cumulative,Synthetic,Portfolio,Auto,2021-05,5,11385.789963092358
Earned Premium,month,cumulative,Synthetic,Portfolio,Auto,2021-05,5,862664.4728660758
Claims Reported,month,cumulative,Synthetic,Portfolio,Auto,2021-05,6,53.64530757903647
Loss Incurred,month,cumulative,Synthetic,Portfolio,Auto,2021-05,6,299723.72288441524
Exposure,month,cumulative,Synthetic,Portfolio,Auto,2021-05,6,11317.527867655604
Earned Premium,month,cumulative,Synthetic,Portfolio,Auto,2021-05,6,859334.4846934071
Claims Reported,month,cumulative,Synthetic,Portfolio,Auto,2021-05,7,58.74838299870699
Loss Incurred,month,cumulative,Synthetic,Portfolio,Auto,2021-05,7,345414.6294446287
Exposure,month,cumulative,Synthetic,Portfolio,Auto,2021-05,7,11253.405396852018
Earned Premium,month,cumulative,Synthetic,Portfolio,Auto,2021-05,7,856151.6231286667
Claims Reported,month,cumulative,Synthetic,Portfolio,Auto,2021-05,8,62.969500346947356
Loss Incurred,month,cumulative,Synthetic,Portfolio,Auto,2021-05,8,391947.87573894695
Exposure,month,cumulative,Synthetic,Portfolio,Auto,2021-05,8,11193.171511038086
Earned Premium,month,cumulative,Synthetic,Portfolio,Auto,2021-05,8,853109.3877767666
Claims Reported,month,cumulative,Synthetic,Portfolio,Auto,2021-05,9,66.32783736756673
Loss Incurred,month,cumulative,Synthetic,Portfolio,Auto,2021-05,9,437890.34966749867
Exposure,month,cumulative,Synthetic,Portfolio,Auto,2021-05,9,11136.59039439087
Earned Premium,month,cumulative,Synthetic,Portfolio,Auto,2021-05,9,850201.5654451641
Claims Reported,month,cumulative,Synthetic,Portfolio,Auto,2021-05,10,68.91797888763304
Loss Incurred,month,cumulative,Synthetic,Portfolio,Auto,2021-05,10,481880.0929486527
Exposure,month,cumulative,Synthetic,Portfolio,Auto,2021-05,10,11083.440531688413
Earned Premium,month,cumulative,Synthetic,Portfolio,Auto,2021-05,10,847422.2174545873
Claims Reported,month,cumulative,Synthetic,Portfolio,Auto,2021-05,11,70.8681636885868
Loss Incurred,month,cumulative,Synthetic,Portfolio,Auto,2021-05,11,522780.92731395207
Exposure,month,cumulative,Synthetic,Portfolio,Auto,2021-05,11,11033.513841077063
Earned Premium,month,cumulative,Synthetic,Portfolio,Auto,2021-05,11,844765.6675104006
Claims Reported,month,cumulative,Synthetic,Portfolio,Auto,2021-05,12,72.31007645410953
Loss Incurred,month,cumulative,Synthetic,Portfolio,Auto,2021-05,12,559784.2056380464
Exposure,month,cumulative,Synthetic,Portfolio,Auto,2021-05,12,10986.614859430474
Earned Premium,month,cumulative,Synthetic,Portfolio,Auto,2021-05,12,842226.4901098426
Claims Reported,month,cumulative,Synthetic,Portfolio,Auto,2021-05,13,73.36193051925541
Loss Incurred,month,cumulative,Synthetic,Portfolio,Auto,2021-05,13,592442.4644881897
Exposure,month,cumulative,Synthetic,Portfolio,Auto,2021-05,13,10942.559977110936
Earned Premium,month,cumulative,Synthetic,Portfolio,Auto,2021-05,13,839799.4994614595
Claims Reported,month,cumulative,Synthetic,Portfolio,Auto,2021-05,14,74.12173027418451
Loss Incurred,month,cumulative,Synthetic,Portfolio,Auto,2021-05,14,620641.8620967829
Exposure,month,cumulative,Synthetic,Portfolio,Auto,2021-05,14,10901.176719137153
Earned Premium,month,cumulative,Synthetic,Portfolio,Auto,2021-05,14,837479.7388941022
Claims Reported,month,cumulative,Synthetic,Portfolio,Auto,2021-05,15,74.66667460514394
Loss Incurred,month,cumulative,Synthetic,Portfolio,Auto,2021-05,15,644534.6198747482
Exposure,month,cumulative,Synthetic,Portfolio,Auto,2021-05,15,10862.30306994424
Earned Premium,month,cumulative,Synthetic,Portfolio,Auto,2021-05,15,835262.4707338596
Claims Reported,month,cumulative,Synthetic,Portfolio,Auto,2021-05,16,75.05552828001275
Loss Incurred,month,cumulative,Synthetic,Portfolio,Auto,2021-05,16,664455.9243170152
Exposure,month,cumulative,Synthetic,Portfolio,Auto,2021-05,16,10825.786839092365
Earned Premium,month,cumulative,Synthetic,Portfolio,Auto,2021-05,16,833143.1666282527
Claims Reported,month,cumulative,Synthetic,Portfolio,Auto,2021-05,17,75.3319904878934
Loss Incurred,month,cumulative,Synthetic,Portfolio,Auto,2021-05,17,680844.6788319792
Exposure,month,cumulative,Synthetic,Portfolio,Auto,2021-05,17,10791.48506544075
Earned Premium,month,cumulative,Synthetic,Portfolio,Auto,2021-05,17,831117.4982979276
Claims Reported,month,cumulative,Synthetic,Portfolio,Auto,2021-05,18,75.52803659021367
Loss Incurred,month,cumulative,Synthetic,Portfolio,Auto,2021-05,18,694179.2101126941
Exposure,month,cumulative,Synthetic,Portfolio,Auto,2021-05,18,10759.26345745444
Earned Premium,month,cumulative,Synthetic,Portfolio,Auto,2021-05,18,829181.3286969595
Claims Reported,month,cumulative,Synthetic,Portfolio,Auto,2021-05,19,75.66680195437397
Loss Incurred,month,cumulative,Synthetic,Portfolio,Auto,2021-05,19,704931.5512718037
Exposure,month,cumulative,Synthetic,Portfolio,Auto,2021-05,19,10728.995867452593
Earned Premium,month,cumulative,Synthetic,Portfolio,Auto,2021-05,19,827330.7035637173
Claims Reported,month,cumulative,Synthetic,Portfolio,Auto,2021-05,20,75.76489491470764
Loss Incurred,month,cumulative,Synthetic,Portfolio,Auto,2021-05,20,713539.0217298627
Exposure,month,cumulative,Synthetic,Portfolio,Auto,2021-05,20,10700.563797739955
Earned Premium,month,cumulative,Synthetic,Portfolio,Auto,2021-05,20,825561.8433450281
Claims Reported,month,cumulative,Synthetic,Portfolio,Auto,2021-05,21,75.83417275610498
Loss Incurred,month,cumulative,Synthetic,Portfolio,Auto,2021-05,21,720389.5231284493
Exposure,month,cumulative,Synthetic,Portfolio,Auto,2021-05,21,10673.855936688087
Earned Premium,month,cumulative,Synthetic,Portfolio,Auto,2021-05,21,823871.1354771522
Claims Reported,month,cumulative,Synthetic,Portfolio,Auto,2021-05,22,75.88306817100585
Loss Incurred,month,cumulative,Synthetic,Portfolio,Auto,2021-05,22,725816.4984426866
Exposure,month,cumulative,Synthetic,Portfolio,Auto,2021-05,22,10648.767722950033
Earned Premium,month,cumulative,Synthetic,Portfolio,Auto,2021-05,22,822255.1270078026
Claims Reported,month,cumulative,Synthetic,Portfolio,Auto,2021-05,23,75.91756207630185
Loss Incurred,month,cumulative,Synthetic,Portfolio,Auto,2021-05,23,730100.0025481749
Exposure,month,cumulative,Synthetic,Portfolio,Auto,2021-05,23,10625.200936102374
Earned Premium,month,cumulative,Synthetic,Portfolio,Auto,2021-05,23,820710.5175441403
Claims Reported,month,cumulative,Synthetic,Portfolio,Auto,2021-05,24,75.94188836226493
Loss Incurred,month,cumulative,Synthetic,Portfolio,Auto,2021-05,24,733471.1813381722
Exposure,month,cumulative,Synthetic,Portfolio,Auto,2021-05,24,10603.063312112006
Earned Premium,month,cumulative,Synthetic,Portfolio,Auto,2021-05,24,819234.1525123435
Claims Reported,month,cumulative,Synthetic,Portfolio,Auto,2021-05,25,75.95904017214546
Loss Incurred,month,cumulative,Synthetic,Portfolio,Auto,2021-05,25,736118.300123368
Exposure,month,cumulative,Synthetic,Portfolio,Auto,2021-05,25,10582.26818212221
Earned Premium,month,cumulative,Synthetic,Portfolio,Auto,2021-05,25,817823.0167149849
Claims Reported,month,cumulative,Synthetic,Portfolio,Auto,2021-05,26,75.97113150253318
Loss Incurred,month,cumulative,Synthetic,Portfolio,Auto,2021-05,26,738193.150413742
Exposure,month,cumulative,Synthetic,Portfolio,Auto,2021-05,26,10562.734133143842
Earned Premium,month,cumulative,Synthetic,Portfolio,Auto,2021-05,26,816474.2281730598
Claims Reported,month,cumulative,Synthetic,Portfolio,Auto,2021-05,27,75.9796544314267
Loss Incurred,month,cumulative,Synthetic,Portfolio,Auto,2021-05,27,739817.165032792
Exposure,month,cumulative,Synthetic,Portfolio,Auto,2021-05,27,10544.384689323271
Earned Premium,month,cumulative,Synthetic,Portfolio,Auto,2021-05,27,815185.0322400858
Claims Reported,month,cumulative,Synthetic,Portfolio,Auto,2021-05,28,75.98566158660405
Loss Incurred,month,cumulative,Synthetic,Portfolio,Auto,2021-05,28,741086.9069099615
Exposure,month,cumulative,Synthetic,Portfolio,Auto,2021-05,28,10527.148012539199
Earned Premium,month,cumulative,Synthetic,Portfolio,Auto,2021-05,28,813952.7959762573
Claims Reported,month,cumulative,Synthetic,Portfolio,Auto,2021-05,29,75.98989532787736
Loss Incurred,month,cumulative,Synthetic,Portfolio,Auto,2021-05,29,742078.8058984898
Exposure,month,cumulative,Synthetic,Portfolio,Auto,2021-05,29,10510.95662115624
Earned Premium,month,cumulative,Synthetic,Portfolio,Auto,2021-05,29,812775.0027711613
Claims Reported,month,cumulative,Synthetic,Portfolio,Auto,2021-05,30,75.99287907831197
Loss Incurred,month,cumulative,Synthetic,Portfolio,Auto,2021-05,30,742853.1386862971
Exposure,month,cumulative,Synthetic,Portfolio,Auto,2021-05,30,10495.747125834123
Earned Premium,month,cumulative,Synthetic,Portfolio,Auto,2021-05,30,811649.2472040751
Claims Reported,month,cumulative,Synthetic,Portfolio,Auto,2021-05,31,75.99498183244772
Loss Incurred,month,cumulative,Synthetic,Portfolio,Auto,2021-05,31,743457.3099102731
Exposure,month,cumulative,Synthetic,Portfolio,Auto,2021-05,31,10481.45998135826
Earned Premium,month,cumulative,Synthetic,Portfolio,Auto,2021-05,31,810573.2301313479
Claims Reported,month,cumulative,Synthetic,Portfolio,Auto,2021-05,32,75.99646368813912
Loss Incurred,month,cumulative,Synthetic,Portfolio,Auto,2021-05,32,743928.5200876547
Exposure,month,cumulative,Synthetic,Portfolio,Auto,2021-05,32,10468.039253520088
Earned Premium,month,cumulative,Synthetic,Portfolio,Auto,2021-05,32,809544.7539908326
Claims Reported,month,cumulative,Synthetic,Portfolio,Auto,2021-05,33,75.99750796890714
Loss Incurred,month,cumulative,Synthetic,Portfolio,Auto,2021-05,33,744295.9128866126
Exposure,month,cumulative,Synthetic,Portfolio,Auto,2021-05,33,10455.432400134474
Earned Premium,month,cumulative,Synthetic,Portfolio,Auto,2021-05,33,808561.7183137793
Claims Reported,month,cumulative,Synthetic,Portfolio,Auto,2021-05,34,75.9982438783647
Loss Incurred,month,cumulative,Synthetic,Portfolio,Auto,2021-05,34,744582.2901356671
Exposure,month,cumulative,Synthetic,Portfolio,Auto,2021-05,34,10443.590065336923
Earned Premium,month,cumulative,Synthetic,Portfolio,Auto,2021-05,34,807622.1154350238
Claims Reported,month,cumulative,Synthetic,Portfolio,Auto,2021-05,35,75.99876247355495
Loss Incurred,month,cumulative,Synthetic,Portfolio,Auto,2021-05,35,744805.4736531177
Exposure,month,cumulative,Synthetic,Portfolio,Auto,2021-05,35,10432.465886355256
Earned Premium,month,cumulative,Synthetic,Portfolio,Auto,2021-05,35,806724.0263927093
Claims Reported,month,cumulative,Synthetic,Portfolio,Auto,2021-05,36,75.99912792565998
Loss Incurred,month,cumulative,Synthetic,Portfolio,Auto,2021-05,36,744979.3818484776
Exposure,month,cumulative,Synthetic,Portfolio,Auto,2021-05,36,10422.016311999208
Earned Premium,month,cumulative,Synthetic,Portfolio,Auto,2021-05,36,805865.617009169
Claims Reported,month,cumulative,Synthetic,Portfolio,Auto,2021-05,37,75.9993854575168
Loss Incurred,month,cumulative,Synthetic,Portfolio,Auto,2021-05,37,745114.8779511164
Exposure,month,cumulative,Synthetic,Portfolio,Auto,2021-05,37,10412.200432157426
Earned Premium,month,cumulative,Synthetic,Portfolio,Auto,2021-05,37,805045.134144963
Claims Reported,month,cumulative,Synthetic,Portfolio,Auto,2021-05,38,75.99956693819735
Loss Incurred,month,cumulative,Synthetic,Portfolio,Auto,2021-05,38,745220.4365667541
Exposure,month,cumulative,Synthetic,Portfolio,Auto,2021-05,38,10402.979817634254
Earned Premium,month,cumulative,Synthetic,Portfolio,Auto,2021-05,38,804260.902118422
Claims Reported,month,cumulative,Synthetic,Portfolio,Auto,2021-05,39,75.99969482599202
Loss Incurred,month,cumulative,Synthetic,Portfolio,Auto,2021-05,39,745302.6664181275
Exposure,month,cumulative,Synthetic,Portfolio,Auto,2021-05,39,10394.318369699344
Earned Premium,month,cumulative,Synthetic,Portfolio,Auto,2021-05,39,803511.3192833829
Claims Reported,month,cumulative,Synthetic,Portfolio,Auto,2021-05,40,75.99978494725627
Loss Incurred,month,cumulative,Synthetic,Portfolio,Auto,2021-05,40,745366.7196616372
Exposure,month,cumulative,Synthetic,Portfolio,Auto,2021-05,40,10386.182178761028
Earned Premium,month,cumulative,Synthetic,Portfolio,Auto,2021-05,40,802794.8547581279
Claims Reported,month,cumulative,Synthetic,Portfolio,Auto,2021-05,41,75.99984845476621
Loss Incurred,month,cumulative,Synthetic,Portfolio,Auto,2021-05,41,745416.6120044646
Exposure,month,cumulative,Synthetic,Portfolio,Auto,2021-05,41,10378.53939161017
Earned Premium,month,cumulative,Synthetic,Portfolio,Auto,2021-05,41,802110.0452988481
Claims Reported,month,cumulative,Synthetic,Portfolio,Auto,2021-05,42,75.99989320781582
Loss Incurred,month,cumulative,Synthetic,Portfolio,Auto,2021-05,42,745455.4728268577
Exposure,month,cumulative,Synthetic,Portfolio,Auto,2021-05,42,10371.360086714776
Earned Premium,month,cumulative,Synthetic,Portfolio,Auto,2021-05,42,801455.4923112423
Claims Reported,month,cumulative,Synthetic,Portfolio,Auto,2021-05,43,75.99992474478849
Loss Incurred,month,cumulative,Synthetic,Portfolio,Auto,2021-05,43,745485.7404724697
Exposure,month,cumulative,Synthetic,Portfolio,Auto,2021-05,43,10364.616157077113
Earned Premium,month,cumulative,Synthetic,Portfolio,Auto,2021-05,43,800829.8589941523
Claims Reported,month,cumulative,Synthetic,Portfolio,Auto,2021-05,44,75.99994696853325
Loss Incurred,month,cumulative,Synthetic,Portfolio,Auto,2021-05,44,745509.3146411362
Exposure,month,cumulative,Synthetic,Portfolio,Auto,2021-05,44,10358.281200194737
Earned Premium,month,cumulative,Synthetic,Portfolio,Auto,2021-05,44,800231.8676093988
Claims Reported,month,cumulative,Synthetic,Portfolio,Auto,2021-05,45,75.9999626293493
Loss Incurred,month,cumulative,Synthetic,Portfolio,Auto,2021-05,45,745527.6752549105
Exposure,month,cumulative,Synthetic,Portfolio,Auto,2021-05,45,10352.330414694627
Earned Premium,month,cumulative,Synthetic,Portfolio,Auto,2021-05,45,799660.2968722415
Claims Reported,month,cumulative,Synthetic,Portfolio,Auto,2021-05,46,75.99997366534372
Loss Incurred,month,cumulative,Synthetic,Portfolio,Auto,2021-05,46,745541.9751417409
Exposure,month,cumulative,Synthetic,Portfolio,Auto,2021-05,46,10346.740503235742
Earned Premium,month,cumulative,Synthetic,Portfolio,Auto,2021-05,46,799113.9794571347
Claims Reported,month,cumulative,Synthetic,Portfolio,Auto,2021-05,47,75.99998144227948
Loss Incurred,month,cumulative,Synthetic,Portfolio,Auto,2021-05,47,745553.112284783
Exposure,month,cumulative,Synthetic,Portfolio,Auto,2021-05,47,10341.48958129988
Earned Premium,month,cumulative,Synthetic,Portfolio,Auto,2021-05,47,798591.7996136855
Claims Reported,month,cumulative,Synthetic,Portfolio,Auto,2021-05,48,75.99998692259443
Loss Incurred,month,cumulative,Synthetic,Portfolio,Auto,2021-05,48,745561.786130986
Exposure,month,cumulative,Synthetic,Portfolio,Auto,2021-05,48,10336.55709151371
Earned Premium,month,cumulative,Synthetic,Portfolio,Auto,2021-05,48,798092.6908879435
Claims Reported,month,cumulative,Synthetic,Portfolio,Auto,2021-05,49,75.99999078450757
Loss Incurred,month,cumulative,Synthetic,Portfolio,Auto,2021-05,49,745568.5414689995
Exposure,month,cumulative,Synthetic,Portfolio,Auto,2021-05,49,10331.923723166621
Earned Premium,month,cumulative,Synthetic,Portfolio,Auto,2021-05,49,797615.6339443695
Claims Reported,month,cumulative,Synthetic,Portfolio,Auto,2021-05,50,75.99999350595202
Loss Incurred,month,cumulative,Synthetic,Portfolio,Auto,2021-05,50,745573.8026163287
Exposure,month,cumulative,Synthetic,Portfolio,Auto,2021-05,50,10327.571336609226
Earned Premium,month,cumulative,Synthetic,Portfolio,Auto,2021-05,50,797159.6544840349
Claims Reported,month,cumulative,Synthetic,Portfolio,Auto,2021-05,51,75.99999542372163
Loss Incurred,month,cumulative,Synthetic,Portfolio,Auto,2021-05,51,745577.9000534202
Exposure,month,cumulative,Synthetic,Portfolio,Auto,2021-05,51,10323.482892236596
Earned Premium,month,cumulative,Synthetic,Portfolio,Auto,2021-05,51,796723.8212547994
Claims Reported,month,cumulative,Synthetic,Portfolio,Auto,2021-05,52,75.99999677515106
Loss Incurred,month,cumulative,Synthetic,Portfolio,Auto,2021-05,52,745581.091171831
Exposure,month,cumulative,Synthetic,Portfolio,Auto,2021-05,52,10319.642383778148
Earned Premium,month,cumulative,Synthetic,Portfolio,Auto,2021-05,52,796307.2441494042
Claims Reported,month,cumulative,Synthetic,Portfolio,Auto,2021-05,53,75.99999772748734
Loss Incurred,month,cumulative,Synthetic,Portfolio,Auto,2021-05,53,745583.5764362693
Exposure,month,cumulative,Synthetic,Portfolio,Auto,2021-05,53,10316.034775633068
Earned Premium,month,cumulative,Synthetic,Portfolio,Auto,2021-05,53,795909.0723875957
Claims Reported,month,cumulative,Synthetic,Portfolio,Auto,2021-05,54,75.99999839858738
Loss Incurred,month,cumulative,Synthetic,Portfolio,Auto,2021-05,54,745585.5119736363
Exposure,month,cumulative,Synthetic,Portfolio,Auto,2021-05,54,10312.64594400589
Earned Premium,month,cumulative,Synthetic,Portfolio,Auto,2021-05,54,795528.4927785668
Claims Reported,month,cumulative,Synthetic,Portfolio,Auto,2021-05,55,75.99999887150359
Loss Incurred,month,cumulative,Synthetic,Portfolio,Auto,2021-05,55,745587.0193786144
Exposure,month,cumulative,Synthetic,Portfolio,Auto,2021-05,55,10309.46262161179
Earned Premium,month,cumulative,Synthetic,Portfolio,Auto,2021-05,55,795164.7280601679
Claims Reported,month,cumulative,Synthetic,Portfolio,Auto,2021-06,0,14.93076104610092
Loss Incurred,month,cumulative,Synthetic,Portfolio,Auto,2021-06,0,86088.18664307959
Exposure,month,cumulative,Synthetic,Portfolio,Auto,2021-06,0,11945.748340799064
Earned Premium,month,cumulative,Synthetic,Portfolio,Auto,2021-06,0,901596.3986670563
Claims Reported,month,cumulative,Synthetic,Portfolio,Auto,2021-06,1,19.449272110401356
Loss Incurred,month,cumulative,Synthetic,Portfolio,Auto,2021-06,1,106833.55051484659
Exposure,month,cumulative,Synthetic,Portfolio,Auto,2021-06,1,11831.72794447399
Earned Premium,month,cumulative,Synthetic,Portfolio,Auto,2021-06,1,895270.1536571088
Claims Reported,month,cumulative,Synthetic,Portfolio,Auto,2021-06,2,24.721360828699392
Loss Incurred,month,cumulative,Synthetic,Portfolio,Auto,2021-06,2,131515.59497817274
Exposure,month,cumulative,Synthetic,Portfolio,Auto,2021-06,2,11726.051241078163
Earned Premium,month,cumulative,Synthetic,Portfolio,Auto,2021-06,2,889358.2102598641
Claims Reported,month,cumulative,Synthetic,Portfolio,Auto,2021-06,3,30.55863745482768
Loss Incurred,month,cumulative,Synthetic,Portfolio,Auto,2021-06,3,160370.87932655538
Exposure,month,cumulative,Synthetic,Portfolio,Auto,2021-06,3,11628.107662555847
Earned Premium,month,cumulative,Synthetic,Portfolio,Auto,2021-06,3,883833.4361359936
Claims Reported,month,cumulative,Synthetic,Portfolio,Auto,2021-06,4,36.65832265578467
Loss Incurred,month,cumulative,Synthetic,Portfolio,Auto,2021-06,4,193421.4642986995
Exposure,month,cumulative,Synthetic,Portfolio,Auto,2021-06,4,11537.331320509817
Earned Premium,month,cumulative,Synthetic,Portfolio,Auto,2021-06,4,878670.4758251732
Claims Reported,month,cumulative,Synthetic,Portfolio,Auto,2021-06,5,42.658690693391605
Loss Incurred,month,cumulative,Synthetic,Portfolio,Auto,2021-06,5,230401.29670770376
Exposure,month,cumulative,Synthetic,Portfolio,Auto,2021-06,5,11453.19773666919
Earned Premium,month,cumulative,Synthetic,Portfolio,Auto,2021-06,5,873845.6343794506
Claims Reported,month,cumulative,Synthetic,Portfolio,Auto,2021-06,6,48.22075834586708
Loss Incurred,month,cumulative,Synthetic,Portfolio,Auto,2021-06,6,270709.1409897509
Exposure,month,cumulative,Synthetic,Portfolio,Auto,2021-06,6,11375.220812612499
Earned Premium,month,cumulative,Synthetic,Portfolio,Auto,2021-06,6,869336.7686173848
Claims Reported,month,cumulative,Synthetic,Portfolio,Auto,2021-06,7,53.09960251270899
Loss Incurred,month,cumulative,Synthetic,Portfolio,Auto,2021-06,7,313410.82759762445
Exposure,month,cumulative,Synthetic,Portfolio,Auto,2021-06,7,11302.950021237903
Earned Premium,month,cumulative,Synthetic,Portfolio,Auto,2021-06,7,865123.1854998812
Claims Reported,month,cumulative,Synthetic,Portfolio,Auto,2021-06,8,57.17617268786396
Loss Incurred,month,cumulative,Synthetic,Portfolio,Auto,2021-06,8,357305.08252133615
Exposure,month,cumulative,Synthetic,Portfolio,Auto,2021-06,8,11235.967803753752
Earned Premium,month,cumulative,Synthetic,Portfolio,Auto,2021-06,8,861185.5471613253
Claims Reported,month,cumulative,Synthetic,Portfolio,Auto,2021-06,9,60.446344939933994
Loss Incurred,month,cumulative,Synthetic,Portfolio,Auto,2021-06,9,401048.9806703172
Exposure,month,cumulative,Synthetic,Portfolio,Auto,2021-06,9,11173.887157150079
Earned Premium,month,cumulative,Synthetic,Portfolio,Auto,2021-06,9,857505.7821601662
Claims Reported,month,cumulative,Synthetic,Portfolio,Auto,2021-06,10,62.98491423037447
Loss Incurred,month,cumulative,Synthetic,Portfolio,Auto,2021-06,10,443317.76982841676
Exposure,month,cumulative,Synthetic,Portfolio,Auto,2021-06,10,11116.349398212164
Earned Premium,month,cumulative,Synthetic,Portfolio,Auto,2021-06,10,854067.0025416395
Claims Reported,month,cumulative,Synthetic,Portfolio,Auto,2021-06,11,64.90579031999117
Loss Incurred,month,cumulative,Synthetic,Portfolio,Auto,2021-06,11,482960.18434742425
Exposure,month,cumulative,Synthetic,Portfolio,Auto,2021-06,11,11063.022091157312
Earned Premium,month,cumulative,Synthetic,Portfolio,Auto,2021-06,11,850853.4263319984
Claims Reported,month,cumulative,Synthetic,Portfolio,Auto,2021-06,12,66.33132709700642
Loss Incurred,month,cumulative,Synthetic,Portfolio,Auto,2021-06,12,519112.20513701503
Exposure,month,cumulative,Synthetic,Portfolio,Auto,2021-06,12,11013.597126921377
Earned Premium,month,cumulative,Synthetic,Portfolio,Auto,2021-06,12,847850.3051085465
Claims Reported,month,cumulative,Synthetic,Portfolio,Auto,2021-06,13,67.37408818270434
Loss Incurred,month,cumulative,Synthetic,Portfolio,Auto,2021-06,13,551248.4407632299
Exposure,month,cumulative,Synthetic,Portfolio,Auto,2021-06,13,10967.788942997691
Earned Premium,month,cumulative,Synthetic,Portfolio,Auto,2021-06,13,845043.8563130612
Claims Reported,month,cumulative,Synthetic,Portfolio,Auto,2021-06,14,68.12882222922669
Loss Incurred,month,cumulative,Synthetic,Portfolio,Auto,2021-06,14,579171.792354581
Exposure,month,cumulative,Synthetic,Portfolio,Auto,2021-06,14,10925.33287354321
Earned Premium,month,cumulative,Synthetic,Portfolio,Auto,2021-06,14,842421.1999979668
Claims Reported,month,cumulative,Synthetic,Portfolio,Auto,2021-06,15,68.6709114657571
Loss Incurred,month,cumulative,Synthetic,Portfolio,Auto,2021-06,15,602958.4793122592
Exposure,month,cumulative,Synthetic,Portfolio,Auto,2021-06,15,10885.983620219245
Earned Premium,month,cumulative,Synthetic,Portfolio,Auto,2021-06,15,839970.2997149577
Claims Reported,month,cumulative,Synthetic,Portfolio,Auto,2021-06,16,69.05812597573795
Loss Incurred,month,cumulative,Synthetic,Portfolio,Auto,2021-06,16,622881.6507427234
Exposure,month,cumulative,Synthetic,Portfolio,Auto,2021-06,16,10849.513834931808
Earned Premium,month,cumulative,Synthetic,Portfolio,Auto,2021-06,16,837679.907274789
Claims Reported,month,cumulative,Synthetic,Portfolio,Auto,2021-06,17,69.33362473557732
Loss Incurred,month,cumulative,Synthetic,Portfolio,Auto,2021-06,17,639333.8959916076
Exposure,month,cumulative,Synthetic,Portfolio,Auto,2021-06,17,10815.712806283018
Earned Premium,month,cumulative,Synthetic,Portfolio,Auto,2021-06,17,835539.5111247087
Claims Reported,month,cumulative,Synthetic,Portfolio,Auto,2021-06,18,69.52908943346887
Loss Incurred,month,cumulative,Synthetic,Portfolio,Auto,2021-06,18,652761.5638822922
Exposure,month,cumulative,Synthetic,Portfolio,Auto,2021-06,18,10784.385242144332
Earned Premium,month,cumulative,Synthetic,Portfolio,Auto,2021-06,18,833539.2881066219
Claims Reported,month,cumulative,Synthetic,Portfolio,Auto,2021-06,19,69.66749436011824
Loss Incurred,month,cumulative,Synthetic,Portfolio,Auto,2021-06,19,663616.2241560114
Exposure,month,cumulative,Synthetic,Portfolio,Auto,2021-06,19,10755.35014131764
Earned Premium,month,cumulative,Synthetic,Portfolio,Auto,2021-06,19,831670.058374577
Claims Reported,month,cumulative,Synthetic,Portfolio,Auto,2021-06,20,69.76535809061329
Loss Incurred,month,cumulative,Synthetic,Portfolio,Auto,2021-06,20,672323.175607495
Exposure,month,cumulative,Synthetic,Portfolio,Auto,2021-06,20,10728.43974776505
Earned Premium,month,cumulative,Synthetic,Portfolio,Auto,2021-06,20,829923.2432646785
Claims Reported,month,cumulative,Synthetic,Portfolio,Auto,2021-06,21,69.83448680065314
Loss Incurred,month,cumulative,Synthetic,Portfolio,Auto,2021-06,21,679264.0492303403
Exposure,month,cumulative,Synthetic,Portfolio,Auto,2021-06,21,10703.498581365182
Earned Premium,month,cumulative,Synthetic,Portfolio,Auto,2021-06,21,828290.8259240708
Claims Reported,month,cumulative,Synthetic,Portfolio,Auto,2021-06,22,69.88328332144273
Loss Incurred,month,cumulative,Synthetic,Portfolio,Auto,2021-06,22,684769.6783968402
Exposure,month,cumulative,Synthetic,Portfolio,Auto,2021-06,22,10680.382539596038
Earned Premium,month,cumulative,Synthetic,Portfolio,Auto,2021-06,22,826765.3145183034
Claims Reported,month,cumulative,Synthetic,Portfolio,Auto,2021-06,23,69.91771062766759
Loss Incurred,month,cumulative,Synthetic,Portfolio,Auto,2021-06,23,689119.6794108468
Exposure,month,cumulative,Synthetic,Portfolio,Auto,2021-06,23,10658.95806495416
Earned Premium,month,cumulative,Synthetic,Portfolio,Auto,2021-06,23,825339.7078482226
Claims Reported,month,cumulative,Synthetic,Portfolio,Auto,2021-06,24,69.94199152132289
Loss Incurred,month,cumulative,Synthetic,Portfolio,Auto,2021-06,24,692545.935345996
Exposure,month,cumulative,Synthetic,Portfolio,Auto,2021-06,24,10639.101373299742
Earned Premium,month,cumulative,Synthetic,Portfolio,Auto,2021-06,24,824007.4632185883
Claims Reported,month,cumulative,Synthetic,Portfolio,Auto,2021-06,25,69.95911210977535
Loss Incurred,month,cumulative,Synthetic,Portfolio,Auto,2021-06,25,695237.9971601961
Exposure,month,cumulative,Synthetic,Portfolio,Auto,2021-06,25,10620.697738669289
Earned Premium,month,cumulative,Synthetic,Portfolio,Auto,2021-06,25,822762.4664109567
Claims Reported,month,cumulative,Synthetic,Portfolio,Auto,2021-06,26,69.97118181974021
Loss Incurred,month,cumulative,Synthetic,Portfolio,Auto,2021-06,26,697349.1179302906
Exposure,month,cumulative,Synthetic,Portfolio,Auto,2021-06,26,10603.640830423656
Earned Premium,month,cumulative,Synthetic,Portfolio,Auto,2021-06,26,821599.0036230161
Claims Reported,month,cumulative,Synthetic,Portfolio,Auto,2021-06,27,69.97968970234956
Loss Incurred,month,cumulative,Synthetic,Portfolio,Auto,2021-06,27,699002.1621731856
Exposure,month,cumulative,Synthetic,Portfolio,Auto,2021-06,27,10587.832098901754
Earned Premium,month,cumulative,Synthetic,Portfolio,Auto,2021-06,27,820511.7352455996
Claims Reported,month,cumulative,Synthetic,Portfolio,Auto,2021-06,28,69.98568634869767
Loss Incurred,month,cumulative,Synthetic,Portfolio,Auto,2021-06,28,700294.9927709018
Exposure,month,cumulative,Synthetic,Portfolio,Auto,2021-06,28,10573.1802060304
Earned Premium,month,cumulative,Synthetic,Portfolio,Auto,2021-06,28,819495.6713570222
Claims Reported,month,cumulative,Synthetic,Portfolio,Auto,2021-06,29,69.98991273128112
Loss Incurred,month,cumulative,Synthetic,Portfolio,Auto,2021-06,29,701305.1675503815
Exposure,month,cumulative,Synthetic,Portfolio,Auto,2021-06,29,10559.600497600522
Earned Premium,month,cumulative,Synthetic,Portfolio,Auto,2021-06,29,818546.1488222787
Claims Reported,month,cumulative,Synthetic,Portfolio,Auto,2021-06,30,69.992891319362
Loss Incurred,month,cumulative,Synthetic,Portfolio,Auto,2021-06,30,702093.9134018322
Exposure,month,cumulative,Synthetic,Portfolio,Auto,2021-06,30,10547.01451416073
Earned Premium,month,cumulative,Synthetic,Portfolio,Auto,2021-06,30,817658.8098919995
Claims Reported,month,cumulative,Synthetic,Portfolio,Auto,2021-06,31,69.99499044718587
Loss Incurred,month,cumulative,Synthetic,Portfolio,Auto,2021-06,31,702709.4192780617
Exposure,month,cumulative,Synthetic,Portfolio,Auto,2021-06,31,10535.349537702308
Earned Premium,month,cumulative,Synthetic,Portfolio,Auto,2021-06,31,816829.5822029464
Claims Reported,month,cumulative,Synthetic,Portfolio,Auto,2021-06,32,69.99646975318879
Loss Incurred,month,cumulative,Synthetic,Portfolio,Auto,2021-06,32,703189.5237673011
Exposure,month,cumulative,Synthetic,Portfolio,Auto,2021-06,32,10524.538171516548
Earned Premium,month,cumulative,Synthetic,Portfolio,Auto,2021-06,32,816054.6600882636
Claims Reported,month,cumulative,Synthetic,Portfolio,Auto,2021-06,33,69.99751224006768
Loss Incurred,month,cumulative,Synthetic,Portfolio,Auto,2021-06,33,703563.8841730371
Exposure,month,cumulative,Synthetic,Portfolio,Auto,2021-06,33,10514.517950796924
Earned Premium,month,cumulative,Synthetic,Portfolio,Auto,2021-06,33,815330.4871117073
Claims Reported,month,cumulative,Synthetic,Portfolio,Auto,2021-06,34,69.99824688680631
Loss Incurred,month,cumulative,Synthetic,Portfolio,Auto,2021-06,34,703855.712561334
Exposure,month,cumulative,Synthetic,Portfolio,Auto,2021-06,34,10505.230981736322
Earned Premium,month,cumulative,Synthetic,Portfolio,Auto,2021-06,34,814653.7397456975
Claims Reported,month,cumulative,Synthetic,Portfolio,Auto,2021-06,35,69.9987645928755
Loss Incurred,month,cumulative,Synthetic,Portfolio,Auto,2021-06,35,704083.1564821012
Exposure,month,cumulative,Synthetic,Portfolio,Auto,2021-06,35,10496.62360703412
Earned Premium,month,cumulative,Synthetic,Portfolio,Auto,2021-06,35,814021.312118283
Claims Reported,month,cumulative,Synthetic,Portfolio,Auto,2021-06,36,69.99912941877606
Loss Incurred,month,cumulative,Synthetic,Portfolio,Auto,2021-06,36,704260.3918279591
Exposure,month,cumulative,Synthetic,Portfolio,Auto,2021-06,36,10488.646095880518
Earned Premium,month,cumulative,Synthetic,Portfolio,Auto,2021-06,36,813430.3017590177
Claims Reported,month,cumulative,Synthetic,Portfolio,Auto,2021-06,37,69.99938650952716
Loss Incurred,month,cumulative,Synthetic,Portfolio,Auto,2021-06,37,704398.4846721881
Exposure,month,cumulative,Synthetic,Portfolio,Auto,2021-06,37,10481.25235662695
Earned Premium,month,cumulative,Synthetic,Portfolio,Auto,2021-06,37,812877.9962783311
Claims Reported,month,cumulative,Synthetic,Portfolio,Auto,2021-06,38,69.99956767945172
Loss Incurred,month,cumulative,Synthetic,Portfolio,Auto,2021-06,38,704506.0690044963
Exposure,month,cumulative,Synthetic,Portfolio,Auto,2021-06,38,10474.399670482464
Earned Premium,month,cumulative,Synthetic,Portfolio,Auto,2021-06,38,812361.8609192558
Claims Reported,month,cumulative,Synthetic,Portfolio,Auto,2021-06,39,69.99969534830304
Loss Incurred,month,cumulative,Synthetic,Portfolio,Auto,2021-06,39,704589.8785326534
Exposure,month,cumulative,Synthetic,Portfolio,Auto,2021-06,39,10468.048444697468
Earned Premium,month,cumulative,Synthetic,Portfolio,Auto,2021-06,39,811879.5269243865
Claims Reported,month,cumulative,Synthetic,Portfolio,Auto,2021-06,40,69.99978531530172
Loss Incurred,month,cumulative,Synthetic,Portfolio,Auto,2021-06,40,704655.1632720645
Exposure,month,cumulative,Synthetic,Portfolio,Auto,2021-06,40,10462.161983808772
Earned Premium,month,cumulative,Synthetic,Portfolio,Auto,2021-06,40,811428.780664678
Claims Reported,month,cumulative,Synthetic,Portfolio,Auto,2021-06,41,69.99984871411306
Loss Incurred,month,cumulative,Synthetic,Portfolio,Auto,2021-06,41,704706.01545878
Exposure,month,cumulative,Synthetic,Portfolio,Auto,2021-06,41,10456.706277624307
Earned Premium,month,cumulative,Synthetic,Portfolio,Auto,2021-06,41,811007.5534801906
Claims Reported,month,cumulative,Synthetic,Portfolio,Auto,2021-06,42,69.99989339056928
Loss Incurred,month,cumulative,Synthetic,Portfolio,Auto,2021-06,42,704745.6242657928
Exposure,month,cumulative,Synthetic,Portfolio,Auto,2021-06,42,10451.649804722505
Earned Premium,month,cumulative,Synthetic,Portfolio,Auto,2021-06,42,810613.9121861602
Claims Reported,month,cumulative,Synthetic,Portfolio,Auto,2021-06,43,69.99992487357014
Loss Incurred,month,cumulative,Synthetic,Portfolio,Auto,2021-06,43,704776.4747199513
Exposure,month,cumulative,Synthetic,Portfolio,Auto,2021-06,43,10446.963350331052
Earned Premium,month,cumulative,Synthetic,Portfolio,Auto,2021-06,43,810246.0502008171
Claims Reported,month,cumulative,Synthetic,Portfolio,Auto,2021-06,44,69.99994705928287
Loss Incurred,month,cumulative,Synthetic,Portfolio,Auto,2021-06,44,704800.5029487454
Exposure,month,cumulative,Synthetic,Portfolio,Auto,2021-06,44,10442.619837532766
Earned Premium,month,cumulative,Synthetic,Portfolio,Auto,2021-06,44,809902.2792542403
Claims Reported,month,cumulative,Synthetic,Portfolio,Auto,2021-06,45,69.99996269329884
Loss Incurred,month,cumulative,Synthetic,Portfolio,Auto,2021-06,45,704819.2172870454
Exposure,month,cumulative,Synthetic,Portfolio,Auto,2021-06,45,10438.594170823348
Earned Premium,month,cumulative,Synthetic,Portfolio,Auto,2021-06,45,809581.0216401923
Claims Reported,month,cumulative,Synthetic,Portfolio,Auto,2021-06,46,69.9999737104079
Loss Incurred,month,cumulative,Synthetic,Portfolio,Auto,2021-06,46,704833.7927167753
Exposure,month,cumulative,Synthetic,Portfolio,Auto,2021-06,46,10434.863091117146
Earned Premium,month,cumulative,Synthetic,Portfolio,Auto,2021-06,46,809280.8029753761
Claims Reported,month,cumulative,Synthetic,Portfolio,Auto,2021-06,47,69.99998147403551
Loss Incurred,month,cumulative,Synthetic,Portfolio,Auto,2021-06,47,704845.1444904293
Exposure,month,cumulative,Synthetic,Portfolio,Auto,2021-06,47,10431.405041363183
Earned Premium,month,cumulative,Synthetic,Portfolio,Auto,2021-06,47,809000.2454328848
Claims Reported,month,cumulative,Synthetic,Portfolio,Auto,2021-06,48,69.99998694497245
Loss Incurred,month,cumulative,Synthetic,Portfolio,Auto,2021-06,48,704853.9855139196
Exposure,month,cumulative,Synthetic,Portfolio,Auto,2021-06,48,10428.200041995038
Earned Premium,month,cumulative,Synthetic,Portfolio,Auto,2021-06,48,808738.0614187863
Claims Reported,month,cumulative,Synthetic,Portfolio,Auto,2021-06,49,69.99999080027708
Loss Incurred,month,cumulative,Synthetic,Portfolio,Auto,2021-06,49,704860.8710635644
Exposure,month,cumulative,Synthetic,Portfolio,Auto,2021-06,49,10425.229575494943
Earned Premium,month,cumulative,Synthetic,Portfolio,Auto,2021-06,49,808493.0476628258
Claims Reported,month,cumulative,Synthetic,Portfolio,Auto,2021-06,50,69.99999351706457
Loss Incurred,month,cumulative,Synthetic,Portfolio,Auto,2021-06,50,704866.2336282026
Exposure,month,cumulative,Synthetic,Portfolio,Auto,2021-06,50,10422.476479405163
Earned Premium,month,cumulative,Synthetic,Portfolio,Auto,2021-06,50,808264.0796961242
Claims Reported,month,cumulative,Synthetic,Portfolio,Auto,2021-06,51,69.99999543155249
Loss Incurred,month,cumulative,Synthetic,Portfolio,Auto,2021-06,51,704870.4100542613
Exposure,month,cumulative,Synthetic,Portfolio,Auto,2021-06,51,10419.9248471685
Earned Premium,month,cumulative,Synthetic,Portfolio,Auto,2021-06,51,808050.106690527
Claims Reported,month,cumulative,Synthetic,Portfolio,Auto,2021-06,52,69.99999678066939
Loss Incurred,month,cumulative,Synthetic,Portfolio,Auto,2021-06,52,704873.6626924279
Exposure,month,cumulative,Synthetic,Portfolio,Auto,2021-06,52,10417.559936225021
Earned Premium,month,cumulative,Synthetic,Portfolio,Auto,2021-06,52,807850.1466359228
Claims Reported,month,cumulative,Synthetic,Portfolio,Auto,2021-06,53,69.99999773137603
Loss Incurred,month,cumulative,Synthetic,Portfolio,Auto,2021-06,53,704876.1958703719
Exposure,month,cumulative,Synthetic,Portfolio,Auto,2021-06,53,10415.368082833993
Earned Premium,month,cumulative,Synthetic,Portfolio,Auto,2021-06,53,807663.2818333944
Claims Reported,month,cumulative,Synthetic,Portfolio,Auto,2021-06,54,69.9999984013277
Loss Incurred,month,cumulative,Synthetic,Portfolio,Auto,2021-06,54,704878.1687239502
Exposure,month,cumulative,Synthetic,Portfolio,Auto,2021-06,54,10413.33662312892
Earned Premium,month,cumulative,Synthetic,Portfolio,Auto,2021-06,54,807488.6546835215
Claims Reported,month,cumulative,Synthetic,Portfolio,Auto,2021-07,0,26.06659336489992
Loss Incurred,month,cumulative,Synthetic,Portfolio,Auto,2021-07,0,141464.5717390462
Exposure,month,cumulative,Synthetic,Portfolio,Auto,2021-07,0,12447.974464356956
Earned Premium,month,cumulative,Synthetic,Portfolio,Auto,2021-07,0,894820.685311258
Claims Reported,month,cumulative,Synthetic,Portfolio,Auto,2021-07,1,33.92735580257745
Loss Incurred,month,cumulative,Synthetic,Portfolio,Auto,2021-07,1,175512.5756589075
Exposure,month,cumulative,Synthetic,Portfolio,Auto,2021-07,1,12337.713734224606
Earned Premium,month,cumulative,Synthetic,Portfolio,Auto,2021-07,1,886962.1296279634
Claims Reported,month,cumulative,Synthetic,Portfolio,Auto,2021-07,2,43.08284890091781
Loss Incurred,month,cumulative,Synthetic,Portfolio,Auto,2021-07,2,216000.45300124196
Exposure,month,cumulative,Synthetic,Portfolio,Auto,2021-07,2,12234.94072451925
Earned Premium,month,cumulative,Synthetic,Portfolio,Auto,2021-07,2,879747.7227878779
Claims Reported,month,cumulative,Synthetic,Portfolio,Auto,2021-07,3,53.19948376947017
Loss Incurred,month,cumulative,Synthetic,Portfolio,Auto,2021-07,3,263304.91592826525
Exposure,month,cumulative,Synthetic,Portfolio,Auto,2021-07,3,12139.146949970333
Earned Premium,month,cumulative,Synthetic,Portfolio,Auto,2021-07,3,873124.6653010023
Claims Reported,month,cumulative,Synthetic,Portfolio,Auto,2021-07,4,63.748110067317036
Loss Incurred,month,cumulative,Synthetic,Portfolio,Auto,2021-07,4,317448.51685205486
Exposure,month,cumulative,Synthetic,Portfolio,Auto,2021-07,4,12049.858456146543
Earned Premium,month,cumulative,Synthetic,Portfolio,Auto,2021-07,4,867044.485537542
Claims Reported,month,cumulative,Synthetic,Portfolio,Auto,2021-07,5,74.10232718614114
Loss Incurred,month,cumulative,Synthetic,Portfolio,Auto,2021-07,5,377980.34079510206
Exposure,month,cumulative,Synthetic,Portfolio,Auto,2021-07,5,11966.633474493381
Earned Premium,month,cumulative,Synthetic,Portfolio,Auto,2021-07,5,861462.6849825488
Claims Reported,month,cumulative,Synthetic,Portfolio,Auto,2021-07,6,83.68021317098798
Loss Incurred,month,cumulative,Synthetic,Portfolio,Auto,2021-07,6,443901.2529820072
Exposure,month,cumulative,Synthetic,Portfolio,Auto,2021-07,6,11889.060236615293
Earned Premium,month,cumulative,Synthetic,Portfolio,Auto,2021-07,6,856338.4125682757
Claims Reported,month,cumulative,Synthetic,Portfolio,Auto,2021-07,7,92.06579188636294
Loss Incurred,month,cumulative,Synthetic,Portfolio,Auto,2021-07,7,513670.6793345103
Exposure,month,cumulative,Synthetic,Portfolio,Auto,2021-07,7,11816.754936988205
Earned Premium,month,cumulative,Synthetic,Portfolio,Auto,2021-07,7,851634.1657008035
Claims Reported,month,cumulative,Synthetic,Portfolio,Auto,2021-07,8,99.06116051364329
Loss Incurred,month,cumulative,Synthetic,Portfolio,Auto,2021-07,8,585317.452348206
Exposure,month,cumulative,Synthetic,Portfolio,Auto,2021-07,8,11749.359834022684
Earned Premium,month,cumulative,Synthetic,Portfolio,Auto,2021-07,8,847315.5157928711
Claims Reported,month,cumulative,Synthetic,Portfolio,Auto,2021-07,9,104.66534130578526
Loss Incurred,month,cumulative,Synthetic,Portfolio,Auto,2021-07,9,656647.1348669216
Exposure,month,cumulative,Synthetic,Portfolio,Auto,2021-07,9,11686.54148008239
Earned Premium,month,cumulative,Synthetic,Portfolio,Auto,2021-07,9,843350.8562941857
Claims Reported,month,cumulative,Synthetic,Portfolio,Auto,2021-07,10,109.01121226085175
Loss Incurred,month,cumulative,Synthetic,Portfolio,Auto,2021-07,10,725503.6078884332
Exposure,month,cumulative,Synthetic,Portfolio,Auto,2021-07,10,11627.98907170063
Earned Premium,month,cumulative,Synthetic,Portfolio,Auto,2021-07,10,839711.1713751454
Claims Reported,month,cumulative,Synthetic,Portfolio,Auto,2021-07,11,112.29699620670601
Loss Incurred,month,cumulative,Synthetic,Portfolio,Auto,2021-07,11,790021.1505612502
Exposure,month,cumulative,Synthetic,Portfolio,Auto,2021-07,11,11573.4129118324
Earned Premium,month,cumulative,Synthetic,Portfolio,Auto,2021-07,11,836369.8235710572
Claims Reported,month,cumulative,Synthetic,Portfolio,Auto,2021-07,12,114.73400398464253
Loss Incurred,month,cumulative,Synthetic,Portfolio,Auto,2021-07,12,848807.1127428043
Exposure,month,cumulative,Synthetic,Portfolio,Auto,2021-07,12,11522.542976533714
Earned Premium,month,cumulative,Synthetic,Portfolio,Auto,2021-07,12,833302.3588327006
Claims Reported,month,cumulative,Synthetic,Portfolio,Auto,2021-07,13,116.51585226889298
Loss Incurred,month,cumulative,Synthetic,Portfolio,Auto,2021-07,13,901022.2989696325
Exposure,month,cumulative,Synthetic,Portfolio,Auto,2021-07,13,11475.127578976602
Earned Premium,month,cumulative,Synthetic,Portfolio,Auto,2021-07,13,830486.3275564746
Claims Reported,month,cumulative,Synthetic,Portfolio,Auto,2021-07,14,117.80510966822911
Loss Incurred,month,cumulative,Synthetic,Portfolio,Auto,2021-07,14,946361.2151157983
Exposure,month,cumulative,Synthetic,Portfolio,Auto,2021-07,14,11430.932124189832
Earned Premium,month,cumulative,Synthetic,Portfolio,Auto,2021-07,14,827901.1202843181
Claims Reported,month,cumulative,Synthetic,Portfolio,Auto,2021-07,15,118.73090572893211
Loss Incurred,month,cumulative,Synthetic,Portfolio,Auto,2021-07,15,984960.6414996362
Exposure,month,cumulative,Synthetic,Portfolio,Auto,2021-07,15,11389.73794836421
Earned Premium,month,cumulative,Synthetic,Portfolio,Auto,2021-07,15,825527.8168709527
Claims Reported,month,cumulative,Synthetic,Portfolio,Auto,2021-07,16,119.39209179591121
Loss Incurred,month,cumulative,Synthetic,Portfolio,Auto,2021-07,16,1017274.4720556355
Exposure,month,cumulative,Synthetic,Portfolio,Auto,2021-07,16,11351.341236979759
Earned Premium,month,cumulative,Synthetic,Portfolio,Auto,2021-07,16,823349.0480145612
Claims Reported,month,cumulative,Synthetic,Portfolio,Auto,2021-07,17,119.86246225490413
Loss Incurred,month,cumulative,Synthetic,Portfolio,Auto,2021-07,17,1043947.6440069751
Exposure,month,cumulative,Synthetic,Portfolio,Auto,2021-07,17,11315.55201640203
Earned Premium,month,cumulative,Synthetic,Portfolio,Auto,2021-07,17,821348.8681374968
Claims Reported,month,cumulative,Synthetic,Portfolio,Auto,2021-07,18,120.19615902132954
Loss Incurred,month,cumulative,Synthetic,Portfolio,Auto,2021-07,18,1065709.7968485511
Exposure,month,cumulative,Synthetic,Portfolio,Auto,2021-07,18,11282.19321395834
Earned Premium,month,cumulative,Synthetic,Portfolio,Auto,2021-07,18,819512.6386866868
Claims Reported,month,cumulative,Synthetic,Portfolio,Auto,2021-07,19,120.43242934798374
Loss Incurred,month,cumulative,Synthetic,Portfolio,Auto,2021-07,19,1083297.0114197151
Exposure,month,cumulative,Synthetic,Portfolio,Auto,2021-07,19,11251.099781843488
Earned Premium,month,cumulative,Synthetic,Portfolio,Auto,2021-07,19,817826.9209996504
Claims Reported,month,cumulative,Synthetic,Portfolio,Auto,2021-07,20,120.59948492408286
Loss Incurred,month,cumulative,Synthetic,Portfolio,Auto,2021-07,20,1097401.25948876
Exposure,month,cumulative,Synthetic,Portfolio,Auto,2021-07,20,11222.11788052035
Earned Premium,month,cumulative,Synthetic,Portfolio,Auto,2021-07,20,816279.377952057
Claims Reported,month,cumulative,Synthetic,Portfolio,Auto,2021-07,21,120.71748563992733
Loss Incurred,month,cumulative,Synthetic,Portfolio,Auto,2021-07,21,1108642.6583554787
Exposure,month,cumulative,Synthetic,Portfolio,Auto,2021-07,21,11195.104117575129
Earned Premium,month,cumulative,Synthetic,Portfolio,Auto,2021-07,21,814858.6836670222
Claims Reported,month,cumulative,Synthetic,Portfolio,Auto,2021-07,22,120.80077813121868
Loss Incurred,month,cumulative,Synthetic,Portfolio,Auto,2021-07,22,1117558.2765571577
Exposure,month,cumulative,Synthetic,Portfolio,Auto,2021-07,22,11169.924838261313
Earned Premium,month,cumulative,Synthetic,Portfolio,Auto,2021-07,22,813554.4406253378
Claims Reported,month,cumulative,Synthetic,Portfolio,Auto,2021-07,23,120.85954242861202
Loss Incurred,month,cumulative,Synthetic,Portfolio,Auto,2021-07,23,1124601.7194788433
Exposure,month,cumulative,Synthetic,Portfolio,Auto,2021-07,23,11146.455464222285
Earned Premium,month,cumulative,Synthetic,Portfolio,Auto,2021-07,23,812357.1035699978
Claims Reported,month,cumulative,Synthetic,Portfolio,Auto,2021-07,24,120.90098728077707
Loss Incurred,month,cumulative,Synthetic,Portfolio,Auto,2021-07,24,1130148.9586238393
Exposure,month,cumulative,Synthetic,Portfolio,Auto,2021-07,24,11124.579877120723
Earned Premium,month,cumulative,Synthetic,Portfolio,Auto,2021-07,24,811257.909648105
Claims Reported,month,cumulative,Synthetic,Portfolio,Auto,2021-07,25,120.93021005130032
Loss Incurred,month,cumulative,Synthetic,Portfolio,Auto,2021-07,25,1134507.2050598243
Exposure,month,cumulative,Synthetic,Portfolio,Auto,2021-07,25,11104.189844125292
Earned Premium,month,cumulative,Synthetic,Portfolio,Auto,2021-07,25,810248.8142788962
Claims Reported,month,cumulative,Synthetic,Portfolio,Auto,2021-07,26,120.9508114761396
Loss Incurred,month,cumulative,Synthetic,Portfolio,Auto,2021-07,26,1137924.764075574
Exposure,month,cumulative,Synthetic,Portfolio,Auto,2021-07,26,11085.184482412045
Earned Premium,month,cumulative,Synthetic,Portfolio,Auto,2021-07,26,809322.4322785249
Claims Reported,month,cumulative,Synthetic,Portfolio,Auto,2021-07,27,120.96533327137061
Loss Incurred,month,cumulative,Synthetic,Portfolio,Auto,2021-07,27,1140600.6571868216
Exposure,month,cumulative,Synthetic,Portfolio,Auto,2021-07,27,11067.46976003115
Earned Premium,month,cumulative,Synthetic,Portfolio,Auto,2021-07,27,808471.9838107208
Claims Reported,month,cumulative,Synthetic,Portfolio,Auto,2021-07,28,120.9755687021563
Loss Incurred,month,cumulative,Synthetic,Portfolio,Auto,2021-07,28,1142693.3780443694
Exposure,month,cumulative,Synthetic,Portfolio,Auto,2021-07,28,11050.958030669353
Earned Premium,month,cumulative,Synthetic,Portfolio,Auto,2021-07,28,807691.2447677554
Claims Reported,month,cumulative,Synthetic,Portfolio,Auto,2021-07,29,120.98278252876895
Loss Incurred,month,cumulative,Synthetic,Portfolio,Auto,2021-07,29,1144328.5174538482
Exposure,month,cumulative,Synthetic,Portfolio,Auto,2021-07,29,11035.567600006365
Earned Premium,month,cumulative,Synthetic,Portfolio,Auto,2021-07,29,806974.501218573
Claims Reported,month,cumulative,Synthetic,Portfolio,Auto,2021-07,30,120.9878665432301
Loss Incurred,month,cumulative,Synthetic,Portfolio,Auto,2021-07,30,1145605.2103296232
Exposure,month,cumulative,Synthetic,Portfolio,Auto,2021-07,30,11021.222321519654
Earned Premium,month,cumulative,Synthetic,Portfolio,Auto,2021-07,30,806316.5075907108
Claims Reported,month,cumulative,Synthetic,Portfolio,Auto,2021-07,31,120.99144944432085
Loss Incurred,month,cumulative,Synthetic,Portfolio,Auto,2021-07,31,1146601.474678518
Exposure,month,cumulative,Synthetic,Portfolio,Auto,2021-07,31,11007.851219737802
Earned Premium,month,cumulative,Synthetic,Portfolio,Auto,2021-07,31,805712.4482799557
Claims Reported,month,cumulative,Synthetic,Portfolio,Auto,2021-07,32,120.99397439950756
Loss Incurred,month,cumulative,Synthetic,Portfolio,Auto,2021-07,32,1147378.5671864592
Exposure,month,cumulative,Synthetic,Portfolio,Auto,2021-07,32,10995.38813907846
Earned Premium,month,cumulative,Synthetic,Portfolio,Auto,2021-07,32,805157.9024067753
Claims Reported,month,cumulative,Synthetic,Portfolio,Auto,2021-07,33,120.9957537686543
Loss Incurred,month,cumulative,Synthetic,Portfolio,Auto,2021-07,33,1147984.4974285131
Exposure,month,cumulative,Synthetic,Portfolio,Auto,2021-07,33,10983.771416533418
Earned Premium,month,cumulative,Synthetic,Portfolio,Auto,2021-07,33,804648.8114615881
Claims Reported,month,cumulative,Synthetic,Portfolio,Auto,2021-07,34,120.99700770033431
Loss Incurred,month,cumulative,Synthetic,Portfolio,Auto,2021-07,34,1148456.8398522765
Exposure,month,cumulative,Synthetic,Portfolio,Auto,2021-07,34,10972.943576581396
Earned Premium,month,cumulative,Synthetic,Portfolio,Auto,2021-07,34,804181.4496020813
Claims Reported,month,cumulative,Synthetic,Portfolio,Auto,2021-07,35,120.99789134666524
Loss Incurred,month,cumulative,Synthetic,Portfolio,Auto,2021-07,35,1148824.9698231195
Exposure,month,cumulative,Synthetic,Portfolio,Auto,2021-07,35,10962.851046819065
Earned Premium,month,cumulative,Synthetic,Portfolio,Auto,2021-07,35,803752.3963851919
Claims Reported,month,cumulative,Synthetic,Portfolio,Auto,2021-07,36,120.9985140494624
Loss Incurred,month,cumulative,Synthetic,Portfolio,Auto,2021-07,36,1149111.8332447463
Exposure,month,cumulative,Synthetic,Portfolio,Auto,2021-07,36,10953.443892903335
Earned Premium,month,cumulative,Synthetic,Portfolio,Auto,2021-07,36,803358.5117341907
Claims Reported,month,cumulative,Synthetic,Portfolio,Auto,2021-07,37,120.99895286455668
Loss Incurred,month,cumulative,Synthetic,Portfolio,Auto,2021-07,37,1149335.3419530862
Exposure,month,cumulative,Synthetic,Portfolio,Auto,2021-07,37,10944.675571493523
Earned Premium,month,cumulative,Synthetic,Portfolio,Auto,2021-07,37,802996.9129576589
Claims Reported,month,cumulative,Synthetic,Portfolio,Auto,2021-07,38,120.99926209423897
Loss Incurred,month,cumulative,Synthetic,Portfolio,Auto,2021-07,38,1149509.470944772
Exposure,month,cumulative,Synthetic,Portfolio,Auto,2021-07,38,10936.502699971008
Earned Premium,month,cumulative,Synthetic,Portfolio,Auto,2021-07,38,802664.9536521692
Claims Reported,month,cumulative,Synthetic,Portfolio,Auto,2021-07,39,120.99948000566239
Loss Incurred,month,cumulative,Synthetic,Portfolio,Auto,2021-07,39,1149645.1192909433
Exposure,month,cumulative,Synthetic,Portfolio,Auto,2021-07,39,10928.88484179706
Earned Premium,month,cumulative,Synthetic,Portfolio,Auto,2021-07,39,802360.2043342703
Claims Reported,month,cumulative,Synthetic,Portfolio,Auto,2021-07,40,120.99963356571854
Loss Incurred,month,cumulative,Synthetic,Portfolio,Auto,2021-07,40,1149750.7845065347
Exposure,month,cumulative,Synthetic,Portfolio,Auto,2021-07,40,10921.784306446849
Earned Premium,month,cumulative,Synthetic,Portfolio,Auto,2021-07,40,802080.434660024
Claims Reported,month,cumulative,Synthetic,Portfolio,Auto,2021-07,41,120.99974177789524
Loss Incurred,month,cumulative,Synthetic,Portfolio,Auto,2021-07,41,1149833.0901142233
Exposure,month,cumulative,Synthetic,Portfolio,Auto,2021-07,41,10915.165962929763
Earned Premium,month,cumulative,Synthetic,Portfolio,Auto,2021-07,41,801823.5971019698
Claims Reported,month,cumulative,Synthetic,Portfolio,Auto,2021-07,42,120.9998180338436
Loss Incurred,month,cumulative,Synthetic,Portfolio,Auto,2021-07,42,1149897.1979486272
Exposure,month,cumulative,Synthetic,Portfolio,Auto,2021-07,42,10908.997065973444
Earned Premium,month,cumulative,Synthetic,Portfolio,Auto,2021-07,42,801587.8119640523
Claims Reported,month,cumulative,Synthetic,Portfolio,Auto,2021-07,43,120.99987177055992
Loss Incurred,month,cumulative,Synthetic,Portfolio,Auto,2021-07,43,1149947.130132026
Exposure,month,cumulative,Synthetic,Portfolio,Auto,2021-07,43,10903.247094011513
Earned Premium,month,cumulative,Synthetic,Portfolio,Auto,2021-07,43,801371.353624844
Claims Reported,month,cumulative,Synthetic,Portfolio,Auto,2021-07,44,120.99990963821253
Loss Incurred,month,cumulative,Synthetic,Portfolio,Auto,2021-07,44,1149986.020359354
Exposure,month,cumulative,Synthetic,Portfolio,Auto,2021-07,44,10897.887598173422
Earned Premium,month,cumulative,Synthetic,Portfolio,Auto,2021-07,44,801172.63790838
Claims Reported,month,cumulative,Synthetic,Portfolio,Auto,2021-07,45,120.99993632311055
Loss Incurred,month,cumulative,Synthetic,Portfolio,Auto,2021-07,45,1150016.3099209343
Exposure,month,cumulative,Synthetic,Portfolio,Auto,2021-07,45,10892.8920615293
Earned Premium,month,cumulative,Synthetic,Portfolio,Auto,2021-07,45,800990.2104901794
Claims Reported,month,cumulative,Synthetic,Portfolio,Auto,2021-07,46,120.99995512764745
Loss Incurred,month,cumulative,Synthetic,Portfolio,Auto,2021-07,46,1150039.9005604503
Exposure,month,cumulative,Synthetic,Portfolio,Auto,2021-07,46,10888.235767893355
Earned Premium,month,cumulative,Synthetic,Portfolio,Auto,2021-07,46,800822.7362535987
Claims Reported,month,cumulative,Synthetic,Portfolio,Auto,2021-07,47,120.99996837898414
Loss Incurred,month,cumulative,Synthetic,Portfolio,Auto,2021-07,47,1150058.2736393816
Exposure,month,cumulative,Synthetic,Portfolio,Auto,2021-07,47,10883.895679536752
Earned Premium,month,cumulative,Synthetic,Portfolio,Auto,2021-07,47,800668.9895186237
Claims Reported,month,cumulative,Synthetic,Portfolio,Auto,2021-07,48,120.99997771704503
Loss Incurred,month,cumulative,Synthetic,Portfolio,Auto,2021-07,48,1150072.5830142808
Exposure,month,cumulative,Synthetic,Portfolio,Auto,2021-07,48,10879.850323204902
Earned Premium,month,cumulative,Synthetic,Portfolio,Auto,2021-07,48,800527.8450715845
Claims Reported,month,cumulative,Synthetic,Portfolio,Auto,2021-07,49,120.99998429746618
Loss Incurred,month,cumulative,Synthetic,Portfolio,Auto,2021-07,49,1150083.7274133065
Exposure,month,cumulative,Synthetic,Portfolio,Auto,2021-07,49,10876.079683875236
Earned Premium,month,cumulative,Synthetic,Portfolio,Auto,2021-07,49,800398.2699301468
Claims Reported,month,cumulative,Synthetic,Portfolio,Auto,2021-07,50,120.999988934611
Loss Incurred,month,cumulative,Synthetic,Portfolio,Auto,2021-07,50,1150092.406829599
Exposure,month,cumulative,Synthetic,Portfolio,Auto,2021-07,50,10872.565105729796
Earned Premium,month,cumulative,Synthetic,Portfolio,Auto,2021-07,50,800279.3157833078
Claims Reported,month,cumulative,Synthetic,Portfolio,Auto,2021-07,51,120.99999220235195
Loss Incurred,month,cumulative,Synthetic,Portfolio,Auto,2021-07,51,1150099.1664565464
Exposure,month,cumulative,Synthetic,Portfolio,Auto,2021-07,51,10869.28919985272
Earned Premium,month,cumulative,Synthetic,Portfolio,Auto,2021-07,51,800170.1120510703
Claims Reported,month,cumulative,Synthetic,Portfolio,Auto,2021-07,52,120.9999945050902
Loss Incurred,month,cumulative,Synthetic,Portfolio,Auto,2021-07,52,1150104.430914345
Exposure,month,cumulative,Synthetic,Portfolio,Auto,2021-07,52,10866.23575819589
Earned Premium,month,cumulative,Synthetic,Portfolio,Auto,2021-07,52,800069.859513
Claims Reported,month,cumulative,Synthetic,Portfolio,Auto,2021-07,53,120.99999612780246
Loss Incurred,month,cumulative,Synthetic,Portfolio,Auto,2021-07,53,1150108.5309115842
Exposure,month,cumulative,Synthetic,Portfolio,Auto,2021-07,53,10863.389673387132
Earned Premium,month,cumulative,Synthetic,Portfolio,Auto,2021-07,53,799977.8244590361
Claims Reported,month,cumulative,Synthetic,Portfolio,Auto,2021-08,0,10.385591466314128
Loss Incurred,month,cumulative,Synthetic,Portfolio,Auto,2021-08,0,42404.35841311185
Exposure,month,cumulative,Synthetic,Portfolio,Auto,2021-08,0,11493.893924265249
Earned Premium,month,cumulative,Synthetic,Portfolio,Auto,2021-08,0,841398.8130039562
Claims Reported,month,cumulative,Synthetic,Portfolio,Auto,2021-08,1,13.512635760644661
Loss Incurred,month,cumulative,Synthetic,Portfolio,Auto,2021-08,1,52845.162099833535
Exposure,month,cumulative,Synthetic,Portfolio,Auto,2021-08,1,11405.550076417983
Earned Premium,month,cumulative,Synthetic,Portfolio,Auto,2021-08,1,835971.511123048
Claims Reported,month,cumulative,Synthetic,Portfolio,Auto,2021-08,2,17.151882720523997
Loss Incurred,month,cumulative,Synthetic,Portfolio,Auto,2021-08,2,65382.71446516316
Exposure,month,cumulative,Synthetic,Portfolio,Auto,2021-08,2,11322.412082988996
Earned Premium,month,cumulative,Synthetic,Portfolio,Auto,2021-08,2,830870.9496443667
Claims Reported,month,cumulative,Synthetic,Portfolio,Auto,2021-08,3,21.169619047064327
Loss Incurred,month,cumulative,Synthetic,Portfolio,Auto,2021-08,3,80201.65834823853
Exposure,month,cumulative,Synthetic,Portfolio,Auto,2021-08,3,11244.173177622908
Earned Premium,month,cumulative,Synthetic,Portfolio,Auto,2021-08,3,826077.4577825404
Claims Reported,month,cumulative,Synthetic,Portfolio,Auto,2021-08,4,25.354944434066507
Loss Incurred,month,cumulative,Synthetic,Portfolio,Auto,2021-08,4,97392.93550085947
Exposure,month,cumulative,Synthetic,Portfolio,Auto,2021-08,4,11170.544670842646
Earned Premium,month,cumulative,Synthetic,Portfolio,Auto,2021-08,4,821572.5489944719
Claims Reported,month,cumulative,Synthetic,Portfolio,Auto,2021-08,5,29.45919636881264
Loss Incurred,month,cumulative,Synthetic,Portfolio,Auto,2021-08,5,116909.37080521062
Exposure,month,cumulative,Synthetic,Portfolio,Auto,2021-08,5,11101.254884829856
Earned Premium,month,cumulative,Synthetic,Portfolio,Auto,2021-08,5,817338.8496842816
Claims Reported,month,cumulative,Synthetic,Portfolio,Auto,2021-08,6,33.25225328697714
Loss Incurred,month,cumulative,Synthetic,Portfolio,Auto,2021-08,6,138528.52091553534
Exposure,month,cumulative,Synthetic,Portfolio,Auto,2021-08,6,11036.048150975716
Earned Premium,month,cumulative,Synthetic,Portfolio,Auto,2021-08,6,813360.0322004341
Claims Reported,month,cumulative,Synthetic,Portfolio,Auto,2021-08,7,36.57039598105532
Loss Incurred,month,cumulative,Synthetic,Portfolio,Auto,2021-08,7,161835.718234703
Exposure,month,cumulative,Synthetic,Portfolio,Auto,2021-08,7,10974.683866503257
Earned Premium,month,cumulative,Synthetic,Portfolio,Auto,2021-08,7,809620.751866645
Claims Reported,month,cumulative,Synthetic,Portfolio,Auto,2021-08,8,39.33648710581736
Loss Incurred,month,cumulative,Synthetic,Portfolio,Auto,2021-08,8,186238.97619556397
Exposure,month,cumulative,Synthetic,Portfolio,Auto,2021-08,8,10916.935606680277
Earned Premium,month,cumulative,Synthetic,Portfolio,Auto,2021-08,8,806106.5878037232
Claims Reported,month,cumulative,Synthetic,Portfolio,Auto,2021-08,9,41.55119939807322
Loss Incurred,month,cumulative,Synthetic,Portfolio,Auto,2021-08,9,211020.27054409028
Exposure,month,cumulative,Synthetic,Portfolio,Auto,2021-08,9,10862.590289347047
Earned Premium,month,cumulative,Synthetic,Portfolio,Auto,2021-08,9,802803.9873141211
Claims Reported,month,cumulative,Synthetic,Portfolio,Auto,2021-08,10,43.26785855950102
Loss Incurred,month,cumulative,Synthetic,Portfolio,Auto,2021-08,10,235416.122700925
Exposure,month,cumulative,Synthetic,Portfolio,Auto,2021-08,10,10811.44738867605
Earned Premium,month,cumulative,Synthetic,Portfolio,Auto,2021-08,10,799700.2136147079
Claims Reported,month,cumulative,Synthetic,Portfolio,Auto,2021-08,11,44.565320036774665
Loss Incurred,month,cumulative,Synthetic,Portfolio,Auto,2021-08,11,258709.38872504342
Exposure,month,cumulative,Synthetic,Portfolio,Auto,2021-08,11,10763.318195262655
Earned Premium,month,cumulative,Synthetic,Portfolio,Auto,2021-08,11,796783.2967161915
Claims Reported,month,cumulative,Synthetic,Portfolio,Auto,2021-08,12,45.52737212214177
Loss Incurred,month,cumulative,Synthetic,Portfolio,Auto,2021-08,12,280309.6288926169
Exposure,month,cumulative,Synthetic,Portfolio,Auto,2021-08,12,10718.02511981655
Earned Premium,month,cumulative,Synthetic,Portfolio,Auto,2021-08,12,794041.9872597517
Claims Reported,month,cumulative,Synthetic,Portfolio,Auto,2021-08,13,46.230652515980935
Loss Incurred,month,cumulative,Synthetic,Portfolio,Auto,2021-08,13,299804.0462475467
Exposure,month,cumulative,Synthetic,Portfolio,Auto,2021-08,13,10675.401037884702
Earned Premium,month,cumulative,Synthetic,Portfolio,Auto,2021-08,13,791465.7131328511
Claims Reported,month,cumulative,Synthetic,Portfolio,Auto,2021-08,14,46.739439933401954
Loss Incurred,month,cumulative,Synthetic,Portfolio,Auto,2021-08,14,316972.0412982739
Exposure,month,cumulative,Synthetic,Portfolio,Auto,2021-08,14,10635.288673187917
Earned Premium,month,cumulative,Synthetic,Portfolio,Auto,2021-08,14,789044.5386969096
Claims Reported,month,cumulative,Synthetic,Portfolio,Auto,2021-08,15,47.10475536938169
Loss Incurred,month,cumulative,Synthetic,Portfolio,Auto,2021-08,15,331767.9947688253
Exposure,month,cumulative,Synthetic,Portfolio,Auto,2021-08,15,10597.540017295682
Earned Premium,month,cumulative,Synthetic,Portfolio,Auto,2021-08,15,786769.1264695977
Claims Reported,month,cumulative,Synthetic,Portfolio,Auto,2021-08,16,47.36563780486159
Loss Incurred,month,cumulative,Synthetic,Portfolio,Auto,2021-08,16,344283.98456280737
Exposure,month,cumulative,Synthetic,Portfolio,Auto,2021-08,16,10562.015783497904
Earned Premium,month,cumulative,Synthetic,Portfolio,Auto,2021-08,16,784630.701113976
Claims Reported,month,cumulative,Synthetic,Portfolio,Auto,2021-08,17,47.55122101899724
Loss Incurred,month,cumulative,Synthetic,Portfolio,Auto,2021-08,17,354705.3550863362
Exposure,month,cumulative,Synthetic,Portfolio,Auto,2021-08,17,10528.58489285846
Earned Premium,month,cumulative,Synthetic,Portfolio,Auto,2021-08,17,782621.0155955992
Claims Reported,month,cumulative,Synthetic,Portfolio,Auto,2021-08,18,47.68287520386113
Loss Incurred,month,cumulative,Synthetic,Portfolio,Auto,2021-08,18,363269.08245953213
Exposure,month,cumulative,Synthetic,Portfolio,Auto,2021-08,18,10497.123990554177
Earned Premium,month,cumulative,Synthetic,Portfolio,Auto,2021-08,18,780732.3193770685
Claims Reported,month,cumulative,Synthetic,Portfolio,Auto,2021-08,19,47.77608907025064
Loss Incurred,month,cumulative,Synthetic,Portfolio,Auto,2021-08,19,370230.434291097
Exposure,month,cumulative,Synthetic,Portfolio,Auto,2021-08,19,10467.516990714581
Earned Premium,month,cumulative,Synthetic,Portfolio,Auto,2021-08,19,778957.3285273691
Claims Reported,month,cumulative,Synthetic,Portfolio,Auto,2021-08,20,47.84199497098714
Loss Incurred,month,cumulative,Synthetic,Portfolio,Auto,2021-08,20,375839.54484478256
Exposure,month,cumulative,Synthetic,Portfolio,Auto,2021-08,20,10439.654648082958
Earned Premium,month,cumulative,Synthetic,Portfolio,Auto,2021-08,20,777289.1976307192
Claims Reported,month,cumulative,Synthetic,Portfolio,Auto,2021-08,21,47.888547394938335
Loss Incurred,month,cumulative,Synthetic,Portfolio,Auto,2021-08,21,380327.05540877435
Exposure,month,cumulative,Synthetic,Portfolio,Auto,2021-08,21,10413.434154918243
Earned Premium,month,cumulative,Synthetic,Portfolio,Auto,2021-08,21,775721.4933865935
Claims Reported,month,cumulative,Synthetic,Portfolio,Auto,2021-08,22,47.92140678579911
Loss Incurred,month,cumulative,Synthetic,Portfolio,Auto,2021-08,22,383896.85590248613
Exposure,month,cumulative,Synthetic,Portfolio,Auto,2021-08,22,10388.758761650317
Earned Premium,month,cumulative,Synthetic,Portfolio,Auto,2021-08,22,774248.1697991069
Claims Reported,month,cumulative,Synthetic,Portfolio,Auto,2021-08,23,47.944589505300044
Loss Incurred,month,cumulative,Synthetic,Portfolio,Auto,2021-08,23,386723.7789111137
Exposure,month,cumulative,Synthetic,Portfolio,Auto,2021-08,23,10365.537419889053
Earned Premium,month,cumulative,Synthetic,Portfolio,Auto,2021-08,23,772863.5448600737
Claims Reported,month,cumulative,Synthetic,Portfolio,Auto,2021-08,24,47.96093956849272
Loss Incurred,month,cumulative,Synthetic,Portfolio,Auto,2021-08,24,388954.3932317662
Exposure,month,cumulative,Synthetic,Portfolio,Auto,2021-08,24,10343.684446469808
Earned Premium,month,cumulative,Synthetic,Portfolio,Auto,2021-08,24,771562.2786358203
Claims Reported,month,cumulative,Synthetic,Portfolio,Auto,2021-08,25,47.972467962838756
Loss Incurred,month,cumulative,Synthetic,Portfolio,Auto,2021-08,25,390709.5017003888
Exposure,month,cumulative,Synthetic,Portfolio,Auto,2021-08,25,10323.119207295778
Earned Premium,month,cumulative,Synthetic,Portfolio,Auto,2021-08,25,770339.3526732374
Claims Reported,month,cumulative,Synthetic,Portfolio,Auto,2021-08,26,47.98059521442353
Loss Incurred,month,cumulative,Synthetic,Portfolio,Auto,2021-08,26,392087.391664685
Exposure,month,cumulative,Synthetic,Portfolio,Auto,2021-08,26,10303.765819810644
Earned Premium,month,cumulative,Synthetic,Portfolio,Auto,2021-08,26,769190.0506456551
Claims Reported,month,cumulative,Synthetic,Portfolio,Auto,2021-08,27,47.98632404602142
Loss Incurred,month,cumulative,Synthetic,Portfolio,Auto,2021-08,27,393167.2437504944
Exposure,month,cumulative,Synthetic,Portfolio,Auto,2021-08,27,10285.552873003644
Earned Premium,month,cumulative,Synthetic,Portfolio,Auto,2021-08,27,768109.9401638929
Claims Reported,month,cumulative,Synthetic,Portfolio,Auto,2021-08,28,47.99036190717624
Loss Incurred,month,cumulative,Synthetic,Portfolio,Auto,2021-08,28,394012.3622768813
Exposure,month,cumulative,Synthetic,Portfolio,Auto,2021-08,28,10268.41316391399
Earned Premium,month,cumulative,Synthetic,Portfolio,Auto,2021-08,28,767094.855682343
Claims Reported,month,cumulative,Synthetic,Portfolio,Auto,2021-08,29,47.99320774802108
Loss Incurred,month,cumulative,Synthetic,Portfolio,Auto,2021-08,29,394673.0620519816
Exposure,month,cumulative,Synthetic,Portfolio,Auto,2021-08,29,10252.28344966231
Earned Premium,month,cumulative,Synthetic,Portfolio,Auto,2021-08,29,766140.8824341599
Claims Reported,month,cumulative,Synthetic,Portfolio,Auto,2021-08,30,47.99521338090396
Loss Incurred,month,cumulative,Synthetic,Portfolio,Auto,2021-08,30,395189.15236248245
Exposure,month,cumulative,Synthetic,Portfolio,Auto,2021-08,30,10237.104214094194
Earned Premium,month,cumulative,Synthetic,Portfolio,Auto,2021-08,30,765244.3413336009
Claims Reported,month,cumulative,Synthetic,Portfolio,Auto,2021-08,31,47.996626827196884
Loss Incurred,month,cumulative,Synthetic,Portfolio,Auto,2021-08,31,395592.0197587958
Exposure,month,cumulative,Synthetic,Portfolio,Auto,2021-08,31,10222.81944817477
Earned Premium,month,cumulative,Synthetic,Portfolio,Auto,2021-08,31,764401.7747872932
Claims Reported,month,cumulative,Synthetic,Portfolio,Auto,2021-08,32,47.99762291596975
Loss Incurred,month,cumulative,Synthetic,Portfolio,Auto,2021-08,32,395906.3426030358
Exposure,month,cumulative,Synthetic,Portfolio,Auto,2021-08,32,10209.376443324034
Earned Premium,month,cumulative,Synthetic,Portfolio,Auto,2021-08,32,763609.9333597064
Claims Reported,month,cumulative,Synthetic,Portfolio,Auto,2021-08,33,47.99832487269754
Loss Incurred,month,cumulative,Synthetic,Portfolio,Auto,2021-08,33,396151.4836801273
Exposure,month,cumulative,Synthetic,Portfolio,Auto,2021-08,33,10196.725596930308
Earned Premium,month,cumulative,Synthetic,Portfolio,Auto,2021-08,33,762865.763241405
Claims Reported,month,cumulative,Synthetic,Portfolio,Auto,2021-08,34,47.9988195455755
Loss Incurred,month,cumulative,Synthetic,Portfolio,Auto,2021-08,34,396342.61012217327
Exposure,month,cumulative,Synthetic,Portfolio,Auto,2021-08,34,10184.82022932428
Earned Premium,month,cumulative,Synthetic,Portfolio,Auto,2021-08,34,762166.3944717506
Claims Reported,month,cumulative,Synthetic,Portfolio,Auto,2021-08,35,47.9991681417852
Loss Incurred,month,cumulative,Synthetic,Portfolio,Auto,2021-08,35,396491.58733499167
Exposure,month,cumulative,Synthetic,Portfolio,Auto,2021-08,35,10173.616411538227
Earned Premium,month,cumulative,Synthetic,Portfolio,Auto,2021-08,35,761509.1298706343
Claims Reported,month,cumulative,Synthetic,Portfolio,Auto,2021-08,36,47.999413796423575
Loss Incurred,month,cumulative,Synthetic,Portfolio,Auto,2021-08,36,396607.6885028587
Exposure,month,cumulative,Synthetic,Portfolio,Auto,2021-08,36,10163.072803214907
Earned Premium,month,cumulative,Synthetic,Portfolio,Auto,2021-08,36,760891.4346365537
Claims Reported,month,cumulative,Synthetic,Portfolio,Auto,2021-08,37,47.99958690783172
Loss Incurred,month,cumulative,Synthetic,Portfolio,Auto,2021-08,37,396698.1552910136
Exposure,month,cumulative,Synthetic,Portfolio,Auto,2021-08,37,10153.150500068034
Earned Premium,month,cumulative,Synthetic,Portfolio,Auto,2021-08,37,760310.9265709162
Claims Reported,month,cumulative,Synthetic,Portfolio,Auto,2021-08,38,47.99970889812923
Loss Incurred,month,cumulative,Synthetic,Portfolio,Auto,2021-08,38,396768.6394887029
Exposure,month,cumulative,Synthetic,Portfolio,Auto,2021-08,38,10143.812890331457
Earned Premium,month,cumulative,Synthetic,Portfolio,Auto,2021-08,38,759765.3668908714
Claims Reported,month,cumulative,Synthetic,Portfolio,Auto,2021-08,39,47.999794863611385
Loss Incurred,month,cumulative,Synthetic,Portfolio,Auto,2021-08,39,396823.5499885618
Exposure,month,cumulative,Synthetic,Portfolio,Auto,2021-08,39,10135.025519667412
Earned Premium,month,cumulative,Synthetic,Portfolio,Auto,2021-08,39,759252.6515952387
Claims Reported,month,cumulative,Synthetic,Portfolio,Auto,2021-08,40,47.999855442647736
Loss Incurred,month,cumulative,Synthetic,Portfolio,Auto,2021-08,40,396866.3248575314
Exposure,month,cumulative,Synthetic,Portfolio,Auto,2021-08,40,10126.755964035327
Earned Premium,month,cumulative,Synthetic,Portfolio,Auto,2021-08,40,758770.8033502323
Claims Reported,month,cumulative,Synthetic,Portfolio,Auto,2021-08,41,47.99989813206497
Loss Incurred,month,cumulative,Synthetic,Portfolio,Auto,2021-08,41,396899.644347057
Exposure,month,cumulative,Synthetic,Portfolio,Auto,2021-08,41,10118.973710052123
Earned Premium,month,cumulative,Synthetic,Portfolio,Auto,2021-08,41,758317.9638636921
Claims Reported,month,cumulative,Synthetic,Portfolio,Auto,2021-08,42,47.99992821483447
Loss Incurred,month,cumulative,Synthetic,Portfolio,Auto,2021-08,42,396925.5974671515
Exposure,month,cumulative,Synthetic,Portfolio,Auto,2021-08,42,10111.650042402543
Earned Premium,month,cumulative,Synthetic,Portfolio,Auto,2021-08,42,757892.3867184077
Claims Reported,month,cumulative,Synthetic,Portfolio,Auto,2021-08,43,47.9999494138265
Loss Incurred,month,cumulative,Synthetic,Portfolio,Auto,2021-08,43,396945.81212852144
Exposure,month,cumulative,Synthetic,Portfolio,Auto,2021-08,43,10104.757937884078
Earned Premium,month,cumulative,Synthetic,Portfolio,Auto,2021-08,43,757492.4306369006
Claims Reported,month,cumulative,Synthetic,Portfolio,Auto,2021-08,44,47.99996435251493
Loss Incurred,month,cumulative,Synthetic,Portfolio,Auto,2021-08,44,396961.5567488728
Exposure,month,cumulative,Synthetic,Portfolio,Auto,2021-08,44,10098.271965695516
Earned Premium,month,cumulative,Synthetic,Portfolio,Auto,2021-08,44,757116.5531516853
Claims Reported,month,cumulative,Synthetic,Portfolio,Auto,2021-08,45,47.99997487963634
Loss Incurred,month,cumulative,Synthetic,Portfolio,Auto,2021-08,45,396973.8195366993
Exposure,month,cumulative,Synthetic,Portfolio,Auto,2021-08,45,10092.168193601214
Earned Premium,month,cumulative,Synthetic,Portfolio,Auto,2021-08,45,756763.3046566023
Claims Reported,month,cumulative,Synthetic,Portfolio,Auto,2021-08,46,47.99998229797618
Loss Incurred,month,cumulative,Synthetic,Portfolio,Auto,2021-08,46,396983.3703302615
Exposure,month,cumulative,Synthetic,Portfolio,Auto,2021-08,46,10086.424099624852
Earned Premium,month,cumulative,Synthetic,Portfolio,Auto,2021-08,46,756431.3228162773
Claims Reported,month,cumulative,Synthetic,Portfolio,Auto,2021-08,47,47.99998752559328
Loss Incurred,month,cumulative,Synthetic,Portfolio,Auto,2021-08,47,396990.80881409766
Exposure,month,cumulative,Synthetic,Portfolio,Auto,2021-08,47,10081.018488946813
Earned Premium,month,cumulative,Synthetic,Portfolio,Auto,2021-08,47,756119.3273121503
Claims Reported,month,cumulative,Synthetic,Portfolio,Auto,2021-08,48,47.999991209433496
Loss Incurred,month,cumulative,Synthetic,Portfolio,Auto,2021-08,48,396996.6021042227
Exposure,month,cumulative,Synthetic,Portfolio,Auto,2021-08,48,10075.931415698573
Earned Premium,month,cumulative,Synthetic,Portfolio,Auto,2021-08,48,755826.1149048086
Claims Reported,month,cumulative,Synthetic,Portfolio,Auto,2021-08,49,47.999993805392144
Loss Incurred,month,cumulative,Synthetic,Portfolio,Auto,2021-08,49,397001.11404022813
Exposure,month,cumulative,Synthetic,Portfolio,Auto,2021-08,49,10071.144109365525
Earned Premium,month,cumulative,Synthetic,Portfolio,Auto,2021-08,49,755550.5547935828
Claims Reported,month,cumulative,Synthetic,Portfolio,Auto,2021-08,50,47.99999563473345
Loss Incurred,month,cumulative,Synthetic,Portfolio,Auto,2021-08,50,397004.6280105611
Exposure,month,cumulative,Synthetic,Portfolio,Auto,2021-08,50,10066.638905526683
Earned Premium,month,cumulative,Synthetic,Portfolio,Auto,2021-08,50,755291.5842555105
Claims Reported,month,cumulative,Synthetic,Portfolio,Auto,2021-08,51,47.99999692384858
Loss Incurred,month,cumulative,Synthetic,Portfolio,Auto,2021-08,51,397007.36473649665
Exposure,month,cumulative,Synthetic,Portfolio,Auto,2021-08,51,10062.399180675697
Earned Premium,month,cumulative,Synthetic,Portfolio,Auto,2021-08,51,755048.2045468468
Claims Reported,month,cumulative,Synthetic,Portfolio,Auto,2021-08,52,47.99999783227269
Loss Incurred,month,cumulative,Synthetic,Portfolio,Auto,2021-08,52,397009.49612693343
Exposure,month,cumulative,Synthetic,Portfolio,Auto,2021-08,52,10058.409290882675
Earned Premium,month,cumulative,Synthetic,Portfolio,Auto,2021-08,52,754819.4770513175
Claims Reported,month,cumulative,Synthetic,Portfolio,Auto,2021-09,0,9.349858005977037
Loss Incurred,month,cumulative,Synthetic,Portfolio,Auto,2021-09,0,67283.22614665036
Exposure,month,cumulative,Synthetic,Portfolio,Auto,2021-09,0,10281.110971085558
Earned Premium,month,cumulative,Synthetic,Portfolio,Auto,2021-09,0,754122.6298179297
Claims Reported,month,cumulative,Synthetic,Portfolio,Auto,2021-09,1,12.226631044329833
Loss Incurred,month,cumulative,Synthetic,Portfolio,Auto,2021-09,1,83294.62993069197
Exposure,month,cumulative,Synthetic,Portfolio,Auto,2021-09,1,10165.020278578613
Earned Premium,month,cumulative,Synthetic,Portfolio,Auto,2021-09,1,747699.107574838
Claims Reported,month,cumulative,Synthetic,Portfolio,Auto,2021-09,2,15.611502879647873
Loss Incurred,month,cumulative,Synthetic,Portfolio,Auto,2021-09,2,102243.57349395657
Exposure,month,cumulative,Synthetic,Portfolio,Auto,2021-09,2,10058.979476764962
Earned Premium,month,cumulative,Synthetic,Portfolio,Auto,2021-09,2,741786.2564164958
Claims Reported,month,cumulative,Synthetic,Portfolio,Auto,2021-09,3,19.39531096222271
Loss Incurred,month,cumulative,Synthetic,Portfolio,Auto,2021-09,3,124258.69994530846
Exposure,month,cumulative,Synthetic,Portfolio,Auto,2021-09,3,9962.118553581051
Earned Premium,month,cumulative,Synthetic,Portfolio,Auto,2021-09,3,736343.4779068847
Claims Reported,month,cumulative,Synthetic,Portfolio,Auto,2021-09,4,23.390316845373054
Loss Incurred,month,cumulative,Synthetic,Portfolio,Auto,2021-09,4,149294.0759838155
Exposure,month,cumulative,Synthetic,Portfolio,Auto,2021-09,4,9873.642813303955
Earned Premium,month,cumulative,Synthetic,Portfolio,Auto,2021-09,4,731333.4011923897
Claims Reported,month,cumulative,Synthetic,Portfolio,Auto,2021-09,5,27.361902128057174
Loss Incurred,month,cumulative,Synthetic,Portfolio,Auto,2021-09,5,177079.87574214514
Exposure,month,cumulative,Synthetic,Portfolio,Auto,2021-09,5,9792.826356468036
Earned Premium,month,cumulative,Synthetic,Portfolio,Auto,2021-09,5,726721.6264084628
Claims Reported,month,cumulative,Synthetic,Portfolio,Auto,2021-09,6,31.08082583466267
Loss Incurred,month,cumulative,Synthetic,Portfolio,Auto,2021-09,6,207097.9239939899
Exposure,month,cumulative,Synthetic,Portfolio,Auto,2021-09,6,9719.006124220678
Earned Premium,month,cumulative,Synthetic,Portfolio,Auto,2021-09,6,722476.4884854979
Claims Reported,month,cumulative,Synthetic,Portfolio,Auto,2021-09,7,34.373021383423804
Loss Incurred,month,cumulative,Synthetic,Portfolio,Auto,2021-09,7,238597.5671091891
Exposure,month,cumulative,Synthetic,Portfolio,Auto,2021-09,7,9651.57645825403
Earned Premium,month,cumulative,Synthetic,Portfolio,Auto,2021-09,7,718568.8397321805
Claims Reported,month,cumulative,Synthetic,Portfolio,Auto,2021-09,8,37.145693230696246
Loss Incurred,month,cumulative,Synthetic,Portfolio,Auto,2021-09,8,270658.6493134671
Exposure,month,cumulative,Synthetic,Portfolio,Auto,2021-09,8,9589.984131679683
Earned Premium,month,cumulative,Synthetic,Portfolio,Auto,2021-09,8,714971.8497034938
Claims Reported,month,cumulative,Synthetic,Portfolio,Auto,2021-09,9,39.38442578093814
Loss Incurred,month,cumulative,Synthetic,Portfolio,Auto,2021-09,9,302293.6274139351
Exposure,month,cumulative,Synthetic,Portfolio,Auto,2021-09,9,9533.72381007706
Earned Premium,month,cumulative,Synthetic,Portfolio,Auto,2021-09,9,711660.8209792547
Claims Reported,month,cumulative,Synthetic,Portfolio,Auto,2021-09,10,41.13130620868795
Loss Incurred,month,cumulative,Synthetic,Portfolio,Auto,2021-09,10,332566.2603030342
Exposure,month,cumulative,Synthetic,Portfolio,Auto,2021-09,10,9482.33390547571
Earned Premium,month,cumulative,Synthetic,Portfolio,Auto,2021-09,10,708613.0195882848
Claims Reported,month,cumulative,Synthetic,Portfolio,Auto,2021-09,11,42.458392427207
Loss Incurred,month,cumulative,Synthetic,Portfolio,Auto,2021-09,11,360697.6294663067
Exposure,month,cumulative,Synthetic,Portfolio,Auto,2021-09,11,9435.392789255495
Earned Premium,month,cumulative,Synthetic,Portfolio,Auto,2021-09,11,705807.5189138884
Claims Reported,month,cumulative,Synthetic,Portfolio,Auto,2021-09,12,43.44620701650035
Loss Incurred,month,cumulative,Synthetic,Portfolio,Auto,2021-09,12,386135.37716503616
Exposure,month,cumulative,Synthetic,Portfolio,Auto,2021-09,12,9392.515332893332
Earned Premium,month,cumulative,Synthetic,Portfolio,Auto,2021-09,12,703225.0560088716
Claims Reported,month,cumulative,Synthetic,Portfolio,Auto,2021-09,13,44.170375994962626
Loss Incurred,month,cumulative,Synthetic,Portfolio,Auto,2021-09,13,408575.98320094484
Exposure,month,cumulative,Synthetic,Portfolio,Auto,2021-09,13,9353.34974817515
Earned Premium,month,cumulative,Synthetic,Portfolio,Auto,2021-09,13,700847.8993335404
Claims Reported,month,cumulative,Synthetic,Portfolio,Auto,2021-09,14,44.69536164990282
Loss Incurred,month,cumulative,Synthetic,Portfolio,Auto,2021-09,14,427945.0816905761
Exposure,month,cumulative,Synthetic,Portfolio,Auto,2021-09,14,9317.574700948444
Earned Premium,month,cumulative,Synthetic,Portfolio,Auto,2021-09,14,698659.7270085501
Claims Reported,month,cumulative,Synthetic,Portfolio,Auto,2021-09,15,45.07287168487741
Loss Incurred,month,cumulative,Synthetic,Portfolio,Auto,2021-09,15,444350.55166184553
Exposure,month,cumulative,Synthetic,Portfolio,Auto,2021-09,15,9284.896674735324
Earned Premium,month,cumulative,Synthetic,Portfolio,Auto,2021-09,15,696645.5147466738
Claims Reported,month,cumulative,Synthetic,Portfolio,Auto,2021-09,16,45.34275177678442
Loss Incurred,month,cumulative,Synthetic,Portfolio,Auto,2021-09,16,458025.20722594945
Exposure,month,cumulative,Synthetic,Portfolio,Auto,2021-09,16,9255.047562575714
Earned Premium,month,cumulative,Synthetic,Portfolio,Auto,2021-09,16,694791.432694013
Claims Reported,month,cumulative,Synthetic,Portfolio,Auto,2021-09,17,45.53488247987135
Loss Incurred,month,cumulative,Synthetic,Portfolio,Auto,2021-09,17,469272.3449506001
Exposure,month,cumulative,Synthetic,Portfolio,Auto,2021-09,17,9227.782467343024
Earned Premium,month,cumulative,Synthetic,Portfolio,Auto,2021-09,17,693084.7504723507
Claims Reported,month,cumulative,Synthetic,Portfolio,Auto,2021-09,18,45.67125560145239
Loss Incurred,month,cumulative,Synthetic,Portfolio,Auto,2021-09,18,478421.6871494941
Exposure,month,cumulative,Synthetic,Portfolio,Auto,2021-09,18,9202.877692484979
Earned Premium,month,cumulative,Synthetic,Portfolio,Auto,2021-09,18,691513.7497706516
Claims Reported,month,cumulative,Synthetic,Portfolio,Auto,2021-09,19,45.767847784890535
Loss Incurred,month,cumulative,Synthetic,Portfolio,Auto,2021-09,19,485798.13252049463
Exposure,month,cumulative,Synthetic,Portfolio,Auto,2021-09,19,9180.128906704607
Earned Premium,month,cumulative,Synthetic,Portfolio,Auto,2021-09,19,690067.6438855528
Claims Reported,month,cumulative,Synthetic,Portfolio,Auto,2021-09,20,45.836160917109
Loss Incurred,month,cumulative,Synthetic,Portfolio,Auto,2021-09,20,491702.38563136663
Exposure,month,cumulative,Synthetic,Portfolio,Auto,2021-09,20,9159.349467523525
Earned Premium,month,cumulative,Synthetic,Portfolio,Auto,2021-09,20,688736.5036583997
Claims Reported,month,cumulative,Synthetic,Portfolio,Auto,2021-09,21,45.88442298365867
Loss Incurred,month,cumulative,Synthetic,Portfolio,Auto,2021-09,21,496400.981987972
Exposure,month,cumulative,Synthetic,Portfolio,Auto,2021-09,21,9140.368889973191
Earned Premium,month,cumulative,Synthetic,Portfolio,Auto,2021-09,21,687511.189300299
Claims Reported,month,cumulative,Synthetic,Portfolio,Auto,2021-09,22,45.918493776815836
Loss Incurred,month,cumulative,Synthetic,Portfolio,Auto,2021-09,22,500122.9184812338
Exposure,month,cumulative,Synthetic,Portfolio,Auto,2021-09,22,9123.03144785049
Earned Premium,month,cumulative,Synthetic,Portfolio,Auto,2021-09,22,686383.2876370924
Claims Reported,month,cumulative,Synthetic,Portfolio,Auto,2021-09,23,45.942533465597144
Loss Incurred,month,cumulative,Synthetic,Portfolio,Auto,2021-09,23,503060.4523537721
Exposure,month,cumulative,Synthetic,Portfolio,Auto,2021-09,23,9107.194896061646
Earned Premium,month,cumulative,Synthetic,Portfolio,Auto,2021-09,23,685345.0543433634
Claims Reported,month,cumulative,Synthetic,Portfolio,Auto,2021-09,24,45.95948907215302
Loss Incurred,month,cumulative,Synthetic,Portfolio,Auto,2021-09,24,505372.2183410369
Exposure,month,cumulative,Synthetic,Portfolio,Auto,2021-09,24,9092.729303571945
Earned Premium,month,cumulative,Synthetic,Portfolio,Auto,2021-09,24,684389.3607688516
Claims Reported,month,cumulative,Synthetic,Portfolio,Auto,2021-09,25,45.971445005258715
Loss Incurred,month,cumulative,Synthetic,Portfolio,Auto,2021-09,25,507187.39342890563
Exposure,month,cumulative,Synthetic,Portfolio,Auto,2021-09,25,9079.515987386192
Earned Premium,month,cumulative,Synthetic,Portfolio,Auto,2021-09,25,683509.6449921764
Claims Reported,month,cumulative,Synthetic,Portfolio,Auto,2021-09,26,45.979873945834946
Loss Incurred,month,cumulative,Synthetic,Portfolio,Auto,2021-09,26,508610.1104494902
Exposure,month,cumulative,Synthetic,Portfolio,Auto,2021-09,26,9067.446538813727
Earned Premium,month,cumulative,Synthetic,Portfolio,Auto,2021-09,26,682699.8667657961
Claims Reported,month,cumulative,Synthetic,Portfolio,Auto,2021-09,27,45.9858155766281
Loss Incurred,month,cumulative,Synthetic,Portfolio,Auto,2021-09,27,509723.66437447595
Exposure,month,cumulative,Synthetic,Portfolio,Auto,2021-09,27,9056.421934029011
Earned Premium,month,cumulative,Synthetic,Portfolio,Auto,2021-09,27,681954.4660428511
Claims Reported,month,cumulative,Synthetic,Portfolio,Auto,2021-09,28,45.99000349549357
Loss Incurred,month,cumulative,Synthetic,Portfolio,Auto,2021-09,28,510594.2842797725
Exposure,month,cumulative,Synthetic,Portfolio,Auto,2021-09,28,9046.351721630374
Earned Premium,month,cumulative,Synthetic,Portfolio,Auto,2021-09,28,681268.3248011307
Claims Reported,month,cumulative,Synthetic,Portfolio,Auto,2021-09,29,45.99295513022533
Loss Incurred,month,cumulative,Synthetic,Portfolio,Auto,2021-09,29,511274.38652973605
Exposure,month,cumulative,Synthetic,Portfolio,Auto,2021-09,29,9037.153280531218
Earned Premium,month,cumulative,Synthetic,Portfolio,Auto,2021-09,29,680636.7319020391
Claims Reported,month,cumulative,Synthetic,Portfolio,Auto,2021-09,30,45.99503533964034
Loss Incurred,month,cumulative,Synthetic,Portfolio,Auto,2021-09,30,511805.30694700504
Exposure,month,cumulative,Synthetic,Portfolio,Auto,2021-09,30,9028.751142095083
Earned Premium,month,cumulative,Synthetic,Portfolio,Auto,2021-09,30,680055.3507432814
Claims Reported,month,cumulative,Synthetic,Portfolio,Auto,2021-09,31,45.99650135146526
Loss Incurred,month,cumulative,Synthetic,Portfolio,Auto,2021-09,31,512219.5525647113
Exposure,month,cumulative,Synthetic,Portfolio,Auto,2021-09,31,9021.076370952998
Earned Premium,month,cumulative,Synthetic,Portfolio,Auto,2021-09,31,679520.189483165
Claims Reported,month,cumulative,Synthetic,Portfolio,Auto,2021-09,32,45.99753448867033
Loss Incurred,month,cumulative,Synthetic,Portfolio,Auto,2021-09,32,512542.6321467075
Exposure,month,cumulative,Synthetic,Portfolio,Auto,2021-09,32,9014.065999423046
Earned Premium,month,cumulative,Synthetic,Portfolio,Auto,2021-09,32,679027.5736320746
Claims Reported,month,cumulative,Synthetic,Portfolio,Auto,2021-09,33,45.9982625560304
Loss Incurred,month,cumulative,Synthetic,Portfolio,Auto,2021-09,33,512794.5292205989
Exposure,month,cumulative,Synthetic,Portfolio,Auto,2021-09,33,9007.662510891843
Earned Premium,month,cumulative,Synthetic,Portfolio,Auto,2021-09,33,678574.1208229293
Claims Reported,month,cumulative,Synthetic,Portfolio,Auto,2021-09,34,45.998775630271346
Loss Incurred,month,cumulative,Synthetic,Portfolio,Auto,2021-09,34,512990.87842696445
Exposure,month,cumulative,Synthetic,Portfolio,Auto,2021-09,34,9001.813367919312
Earned Premium,month,cumulative,Synthetic,Portfolio,Auto,2021-09,34,678156.7175873924
Claims Reported,month,cumulative,Synthetic,Portfolio,Auto,2021-09,35,45.99913719445295
Loss Incurred,month,cumulative,Synthetic,Portfolio,Auto,2021-09,35,513143.8995259438
Exposure,month,cumulative,Synthetic,Portfolio,Auto,2021-09,35,8996.470581195108
Earned Premium,month,cumulative,Synthetic,Portfolio,Auto,2021-09,35,677772.4979783776
Claims Reported,month,cumulative,Synthetic,Portfolio,Auto,2021-09,36,45.999391987839424
Loss Incurred,month,cumulative,Synthetic,Portfolio,Auto,2021-09,36,513263.13572577003
Exposure,month,cumulative,Synthetic,Portfolio,Auto,2021-09,36,8991.59031581018
Earned Premium,month,cumulative,Synthetic,Portfolio,Auto,2021-09,36,677418.823892067
Claims Reported,month,cumulative,Synthetic,Portfolio,Auto,2021-09,37,45.99957153939962
Loss Incurred,month,cumulative,Synthetic,Portfolio,Auto,2021-09,37,513356.03536079265
Exposure,month,cumulative,Synthetic,Portfolio,Auto,2021-09,37,8987.132531613135
Earned Premium,month,cumulative,Synthetic,Portfolio,Auto,2021-09,37,677093.2669543343
Claims Reported,month,cumulative,Synthetic,Portfolio,Auto,2021-09,38,45.9996980680875
Loss Incurred,month,cumulative,Synthetic,Portfolio,Auto,2021-09,38,513428.4089664486
Exposure,month,cumulative,Synthetic,Portfolio,Auto,2021-09,38,8983.060654700708
Earned Premium,month,cumulative,Synthetic,Portfolio,Auto,2021-09,38,676793.5918472001
Claims Reported,month,cumulative,Synthetic,Portfolio,Auto,2021-09,39,45.999787231764934
Loss Incurred,month,cumulative,Synthetic,Portfolio,Auto,2021-09,39,513484.78772374714
Exposure,month,cumulative,Synthetic,Portfolio,Auto,2021-09,39,8979.341277347055
Earned Premium,month,cumulative,Synthetic,Portfolio,Auto,2021-09,39,676517.7409608347
Claims Reported,month,cumulative,Synthetic,Portfolio,Auto,2021-09,40,45.999850064554074
Loss Incurred,month,cumulative,Synthetic,Portfolio,Auto,2021-09,40,513528.7041212088
Exposure,month,cumulative,Synthetic,Portfolio,Auto,2021-09,40,8975.943883909977
Earned Premium,month,cumulative,Synthetic,Portfolio,Auto,2021-09,40,676263.8202657315
Claims Reported,month,cumulative,Synthetic,Portfolio,Auto,2021-09,41,45.999894342175324
Loss Incurred,month,cumulative,Synthetic,Portfolio,Auto,2021-09,41,513562.91144959594
Exposure,month,cumulative,Synthetic,Portfolio,Auto,2021-09,41,8972.840600465244
Earned Premium,month,cumulative,Synthetic,Portfolio,Auto,2021-09,41,676030.0863080447
Claims Reported,month,cumulative,Synthetic,Portfolio,Auto,2021-09,42,45.99992554413887
Loss Incurred,month,cumulative,Synthetic,Portfolio,Auto,2021-09,42,513589.55530055065
Exposure,month,cumulative,Synthetic,Portfolio,Auto,2021-09,42,8970.00596611491
Earned Premium,month,cumulative,Synthetic,Portfolio,Auto,2021-09,42,675814.9342387982
Claims Reported,month,cumulative,Synthetic,Portfolio,Auto,2021-09,43,45.99994753181637
Loss Incurred,month,cumulative,Synthetic,Portfolio,Auto,2021-09,43,513610.3074675505
Exposure,month,cumulative,Synthetic,Portfolio,Auto,2021-09,43,8967.41672409329
Earned Premium,month,cumulative,Synthetic,Portfolio,Auto,2021-09,43,675616.886794776
Claims Reported,month,cumulative,Synthetic,Portfolio,Auto,2021-09,44,45.99996302628345
Loss Incurred,month,cumulative,Synthetic,Portfolio,Auto,2021-09,44,513626.470433118
Exposure,month,cumulative,Synthetic,Portfolio,Auto,2021-09,44,8965.051630956767
Earned Premium,month,cumulative,Synthetic,Portfolio,Auto,2021-09,44,675434.584155433
Claims Reported,month,cumulative,Synthetic,Portfolio,Auto,2021-09,45,45.999973945056134
Loss Incurred,month,cumulative,Synthetic,Portfolio,Auto,2021-09,45,513639.0588680074
Exposure,month,cumulative,Synthetic,Portfolio,Auto,2021-09,45,8962.891282291901
Earned Premium,month,cumulative,Synthetic,Portfolio,Auto,2021-09,45,675266.7746061834
Claims Reported,month,cumulative,Synthetic,Portfolio,Auto,2021-09,46,45.99998163938831
Loss Incurred,month,cumulative,Synthetic,Portfolio,Auto,2021-09,46,513648.8631783801
Exposure,month,cumulative,Synthetic,Portfolio,Auto,2021-09,46,8960.917953511855
Earned Premium,month,cumulative,Synthetic,Portfolio,Auto,2021-09,46,675112.3059439587
Claims Reported,month,cumulative,Synthetic,Portfolio,Auto,2021-09,47,45.999987061494096
Loss Incurred,month,cumulative,Synthetic,Portfolio,Auto,2021-09,47,513656.4990422363
Exposure,month,cumulative,Synthetic,Portfolio,Auto,2021-09,47,8959.115454434976
Earned Premium,month,cumulative,Synthetic,Portfolio,Auto,2021-09,47,674970.1175660256
Claims Reported,month,cumulative,Synthetic,Portfolio,Auto,2021-09,48,45.99999088238823
Loss Incurred,month,cumulative,Synthetic,Portfolio,Auto,2021-09,48,513662.4460162434
Exposure,month,cumulative,Synthetic,Portfolio,Auto,2021-09,48,8957.4689964524
Earned Premium,month,cumulative,Synthetic,Portfolio,Auto,2021-09,48,674839.2331877439
Claims Reported,month,cumulative,Synthetic,Portfolio,Auto,2021-09,49,45.9999935749272
Loss Incurred,month,cumulative,Synthetic,Portfolio,Auto,2021-09,49,513667.0776196414
Exposure,month,cumulative,Synthetic,Portfolio,Auto,2021-09,49,8955.965071194878
Earned Premium,month,cumulative,Synthetic,Portfolio,Auto,2021-09,49,674718.754139265
Claims Reported,month,cumulative,Synthetic,Portfolio,Auto,2021-09,50,45.99999547232754
Loss Incurred,month,cumulative,Synthetic,Portfolio,Auto,2021-09,50,513670.6847738497
Exposure,month,cumulative,Synthetic,Portfolio,Auto,2021-09,50,8954.591339703302
Earned Premium,month,cumulative,Synthetic,Portfolio,Auto,2021-09,50,674607.8531951418
Claims Reported,month,cumulative,Synthetic,Portfolio,Auto,2021-09,51,45.99999680940305
Loss Incurred,month,cumulative,Synthetic,Portfolio,Auto,2021-09,51,513673.4940634634
Exposure,month,cumulative,Synthetic,Portfolio,Auto,2021-09,51,8953.336531193698
Earned Premium,month,cumulative,Synthetic,Portfolio,Auto,2021-09,51,674505.7688944881
Claims Reported,month,cumulative,Synthetic,Portfolio,Auto,2021-10,0,10.510015208387529
Loss Incurred,month,cumulative,Synthetic,Portfolio,Auto,2021-10,0,45766.26335820781
Exposure,month,cumulative,Synthetic,Portfolio,Auto,2021-10,0,10878.184893489342
Earned Premium,month,cumulative,Synthetic,Portfolio,Auto,2021-10,0,779112.0145328573
Claims Reported,month,cumulative,Synthetic,Portfolio,Auto,2021-10,1,13.728790687633852
Loss Incurred,month,cumulative,Synthetic,Portfolio,Auto,2021-10,1,56847.317897971225
Exposure,month,cumulative,Synthetic,Portfolio,Auto,2021-10,1,10789.582701563779
Earned Premium,month,cumulative,Synthetic,Portfolio,Auto,2021-10,1,774547.6825645266
Claims Reported,month,cumulative,Synthetic,Portfolio,Auto,2021-10,2,17.507110814691114
Loss Incurred,month,cumulative,Synthetic,Portfolio,Auto,2021-10,2,70057.79418116595
Exposure,month,cumulative,Synthetic,Portfolio,Auto,2021-10,2,10706.513234545611
Earned Premium,month,cumulative,Synthetic,Portfolio,Auto,2021-10,2,770232.9199888714
Claims Reported,month,cumulative,Synthetic,Portfolio,Auto,2021-10,3,21.719316300656057
Loss Incurred,month,cumulative,Synthetic,Portfolio,Auto,2021-10,3,85538.75019109235
Exposure,month,cumulative,Synthetic,Portfolio,Auto,2021-10,3,10628.631003861296
Earned Premium,month,cumulative,Synthetic,Portfolio,Auto,2021-10,3,766154.0808042004
Claims Reported,month,cumulative,Synthetic,Portfolio,Auto,2021-10,4,26.153600025293887
Loss Incurred,month,cumulative,Synthetic,Portfolio,Auto,2021-10,4,103319.4961265428
Exposure,month,cumulative,Synthetic,Portfolio,Auto,2021-10,4,10555.612094819322
Earned Premium,month,cumulative,Synthetic,Portfolio,Auto,2021-10,4,762298.2651474414
Claims Reported,month,cumulative,Synthetic,Portfolio,Auto,2021-10,5,30.548679127133664
Loss Incurred,month,cumulative,Synthetic,Portfolio,Auto,2021-10,5,123276.4127971013
Exposure,month,cumulative,Synthetic,Portfolio,Auto,2021-10,5,10487.15281943863
Earned Premium,month,cumulative,Synthetic,Portfolio,Auto,2021-10,5,758653.2784966362
Claims Reported,month,cumulative,Synthetic,Portfolio,Auto,2021-10,6,34.652267684297875
Loss Incurred,month,cumulative,Synthetic,Portfolio,Auto,2021-10,6,145104.66238938435
Exposure,month,cumulative,Synthetic,Portfolio,Auto,2021-10,6,10422.96845340058
Earned Premium,month,cumulative,Synthetic,Portfolio,Auto,2021-10,6,755207.593104167
Claims Reported,month,cumulative,Synthetic,Portfolio,Auto,2021-10,7,38.27543545904278
Loss Incurred,month,cumulative,Synthetic,Portfolio,Auto,2021-10,7,168315.4132414395
Exposure,month,cumulative,Synthetic,Portfolio,Auto,2021-10,7,10362.792051871376
Earned Premium,month,cumulative,Synthetic,Portfolio,Auto,2021-10,7,751950.3115387455
Claims Reported,month,cumulative,Synthetic,Portfolio,Auto,2021-10,8,41.31991556938032
Loss Incurred,month,cumulative,Synthetic,Portfolio,Auto,2021-10,8,192267.29370779824
Exposure,month,cumulative,Synthetic,Portfolio,Auto,2021-10,8,10306.373339269981
Earned Premium,month,cumulative,Synthetic,Portfolio,Auto,2021-10,8,748871.132220859
Claims Reported,month,cumulative,Synthetic,Portfolio,Auto,2021-10,9,43.773501184358786
Loss Incurred,month,cumulative,Synthetic,Portfolio,Auto,2021-10,9,216231.3770650407
Exposure,month,cumulative,Synthetic,Portfolio,Auto,2021-10,9,10253.47766836393
Earned Premium,month,cumulative,Synthetic,Portfolio,Auto,2021-10,9,745960.3168426764
Claims Reported,month,cumulative,Synthetic,Portfolio,Auto,2021-10,10,45.685176028554885
Loss Incurred,month,cumulative,Synthetic,Portfolio,Auto,2021-10,10,239477.261294791
Exposure,month,cumulative,Synthetic,Portfolio,Auto,2021-10,10,10203.885044364
Earned Premium,month,cumulative,Synthetic,Portfolio,Auto,2021-10,10,743208.6595693738
Claims Reported,month,cumulative,Synthetic,Portfolio,Auto,2021-10,11,47.13578519684278
Loss Incurred,month,cumulative,Synthetic,Portfolio,Auto,2021-10,11,261359.51514054032
Exposure,month,cumulative,Synthetic,Portfolio,Auto,2021-10,11,10157.389209958825
Earned Premium,month,cumulative,Synthetic,Portfolio,Auto,2021-10,11,740607.4579244774
Claims Reported,month,cumulative,Synthetic,Portfolio,Auto,2021-10,12,48.214609446522566
Loss Incurred,month,cumulative,Synthetic,Portfolio,Auto,2021-10,12,281383.61256103235
Exposure,month,cumulative,Synthetic,Portfolio,Auto,2021-10,12,10113.796787484129
Earned Premium,month,cumulative,Synthetic,Portfolio,Auto,2021-10,12,738148.485267141
Claims Reported,month,cumulative,Synthetic,Portfolio,Auto,2021-10,13,49.00499174576865
Loss Incurred,month,cumulative,Synthetic,Portfolio,Auto,2021-10,13,299238.5597091794
Exposure,month,cumulative,Synthetic,Portfolio,Auto,2021-10,13,10072.926474658845
Earned Premium,month,cumulative,Synthetic,Portfolio,Auto,2021-10,13,735823.9647743173
Claims Reported,month,cumulative,Synthetic,Portfolio,Auto,2021-10,14,49.57771122864791
Loss Incurred,month,cumulative,Synthetic,Portfolio,Auto,2021-10,14,314795.14118645294
Exposure,month,cumulative,Synthetic,Portfolio,Auto,2021-10,14,10034.6082905431
Earned Premium,month,cumulative,Synthetic,Portfolio,Auto,2021-10,14,733626.544845537
Claims Reported,month,cumulative,Synthetic,Portfolio,Auto,2021-10,15,49.98940714044542
Loss Incurred,month,cumulative,Synthetic,Portfolio,Auto,2021-10,15,328078.2723481113
Exposure,month,cumulative,Synthetic,Portfolio,Auto,2021-10,15,9998.682868582058
Earned Premium,month,cumulative,Synthetic,Portfolio,Auto,2021-10,15,731549.2758525091
Claims Reported,month,cumulative,Synthetic,Portfolio,Auto,2021-10,16,50.28365536655873
Loss Incurred,month,cumulative,Synthetic,Portfolio,Auto,2021-10,16,339226.04250418075
Exposure,month,cumulative,Synthetic,Portfolio,Auto,2021-10,16,9965.000793795312
Earned Premium,month,cumulative,Synthetic,Portfolio,Auto,2021-10,16,729585.588160011
Claims Reported,month,cumulative,Synthetic,Portfolio,Auto,2021-10,17,50.49309786743691
Loss Incurred,month,cumulative,Synthetic,Portfolio,Auto,2021-10,17,348446.9482191043
Exposure,month,cumulative,Synthetic,Portfolio,Auto,2021-10,17,9933.421981355188
Earned Premium,month,cumulative,Synthetic,Portfolio,Auto,2021-10,17,727729.271348558
Claims Reported,month,cumulative,Synthetic,Portfolio,Auto,2021-10,18,50.64174054815084
Loss Incurred,month,cumulative,Synthetic,Portfolio,Auto,2021-10,18,355982.93192357087
Exposure,month,cumulative,Synthetic,Portfolio,Auto,2021-10,18,9903.815093969471
Earned Premium,month,cumulative,Synthetic,Portfolio,Auto,2021-10,18,725974.4545731369
Claims Reported,month,cumulative,Synthetic,Portfolio,Auto,2021-10,19,50.74701401786925
Loss Incurred,month,cumulative,Synthetic,Portfolio,Auto,2021-10,19,362081.6160463553
Exposure,month,cumulative,Synthetic,Portfolio,Auto,2021-10,19,9876.056995645395
Earned Premium,month,cumulative,Synthetic,Portfolio,Auto,2021-10,19,724315.587995891
Claims Reported,month,cumulative,Synthetic,Portfolio,Auto,2021-10,20,50.821462252021945
Loss Incurred,month,cumulative,Synthetic,Portfolio,Auto,2021-10,20,366977.97608718305
Exposure,month,cumulative,Synthetic,Portfolio,Auto,2021-10,20,9850.032239563106
Earned Premium,month,cumulative,Synthetic,Portfolio,Auto,2021-10,20,722747.4252340305
Claims Reported,month,cumulative,Synthetic,Portfolio,Auto,2021-10,21,50.87405637362115
Loss Incurred,month,cumulative,Synthetic,Portfolio,Auto,2021-10,21,370883.96773205185
Exposure,month,cumulative,Synthetic,Portfolio,Auto,2021-10,21,9825.632587928643
Earned Premium,month,cumulative,Synthetic,Portfolio,Auto,2021-10,21,721265.0067674599
Claims Reported,month,cumulative,Synthetic,Portfolio,Auto,2021-10,22,50.9111842560612
Loss Incurred,month,cumulative,Synthetic,Portfolio,Auto,2021-10,22,373984.03236340417
Exposure,month,cumulative,Synthetic,Portfolio,Auto,2021-10,22,9802.756561809485
Earned Premium,month,cumulative,Synthetic,Portfolio,Auto,2021-10,22,719863.6442536465
Claims Reported,month,cumulative,Synthetic,Portfolio,Auto,2021-10,23,50.93738039897613
Loss Incurred,month,cumulative,Synthetic,Portfolio,Auto,2021-10,23,376434.4972492009
Exposure,month,cumulative,Synthetic,Portfolio,Auto,2021-10,23,9781.309019080421
Earned Premium,month,cumulative,Synthetic,Portfolio,Auto,2021-10,23,718538.9057001228
Claims Reported,month,cumulative,Synthetic,Portfolio,Auto,2021-10,24,50.955856706865006
Loss Incurred,month,cumulative,Synthetic,Portfolio,Auto,2021-10,24,378365.27852649044
Exposure,month,cumulative,Synthetic,Portfolio,Auto,2021-10,24,9761.200758724406
Earned Premium,month,cumulative,Synthetic,Portfolio,Auto,2021-10,24,717286.6014477303
Claims Reported,month,cumulative,Synthetic,Portfolio,Auto,2021-10,25,50.968884793771515
Loss Incurred,month,cumulative,Synthetic,Portfolio,Auto,2021-10,25,379882.74677146977
Exposure,month,cumulative,Synthetic,Portfolio,Auto,2021-10,25,9742.348149842675
Earned Premium,month,cumulative,Synthetic,Portfolio,Auto,2021-10,25,716102.7709202735
Claims Reported,month,cumulative,Synthetic,Portfolio,Auto,2021-10,26,50.97806953354048
Loss Incurred,month,cumulative,Synthetic,Portfolio,Auto,2021-10,26,381073.00969492865
Exposure,month,cumulative,Synthetic,Portfolio,Auto,2021-10,26,9724.672783831154
Earned Premium,month,cumulative,Synthetic,Portfolio,Auto,2021-10,26,714983.6700986791
Claims Reported,month,cumulative,Synthetic,Portfolio,Auto,2021-10,27,50.984543898762816
Loss Incurred,month,cumulative,Synthetic,Portfolio,Auto,2021-10,27,382005.1664522239
Exposure,month,cumulative,Synthetic,Portfolio,Auto,2021-10,27,9708.101148276566
Earned Premium,month,cumulative,Synthetic,Portfolio,Auto,2021-10,27,713925.7596800453
Claims Reported,month,cumulative,Synthetic,Portfolio,Auto,2021-10,28,50.98910729467514
Loss Incurred,month,cumulative,Synthetic,Portfolio,Auto,2021-10,28,382734.295703221
Exposure,month,cumulative,Synthetic,Portfolio,Auto,2021-10,28,9692.56432121595
Earned Premium,month,cumulative,Synthetic,Portfolio,Auto,2021-10,28,712925.6938841328
Claims Reported,month,cumulative,Synthetic,Portfolio,Auto,2021-10,29,50.992323556113
Loss Incurred,month,cumulative,Synthetic,Portfolio,Auto,2021-10,29,383304.07294491393
Exposure,month,cumulative,Synthetic,Portfolio,Auto,2021-10,29,9677.997684488011
Earned Premium,month,cumulative,Synthetic,Portfolio,Auto,2021-10,29,711980.3098718973
Claims Reported,month,cumulative,Synthetic,Portfolio,Auto,2021-10,30,50.99459026095904
Loss Incurred,month,cumulative,Synthetic,Portfolio,Auto,2021-10,30,383748.992348384
Exposure,month,cumulative,Synthetic,Portfolio,Auto,2021-10,30,9664.340654984115
Earned Premium,month,cumulative,Synthetic,Portfolio,Auto,2021-10,30,711086.6177425957
Claims Reported,month,cumulative,Synthetic,Portfolio,Auto,2021-10,31,50.9961877019102
Loss Incurred,month,cumulative,Synthetic,Portfolio,Auto,2021-10,31,384096.2120151053
Exposure,month,cumulative,Synthetic,Portfolio,Auto,2021-10,31,9651.536432681205
Earned Premium,month,cumulative,Synthetic,Portfolio,Auto,2021-10,31,710241.7910778343
Claims Reported,month,cumulative,Synthetic,Portfolio,Auto,2021-10,32,50.99731345963671
Loss Incurred,month,cumulative,Synthetic,Portfolio,Auto,2021-10,32,384367.062496595
Exposure,month,cumulative,Synthetic,Portfolio,Auto,2021-10,32,9639.53176440868
Earned Premium,month,cumulative,Synthetic,Portfolio,Auto,2021-10,32,709443.1580026506
Claims Reported,month,cumulative,Synthetic,Portfolio,Auto,2021-10,33,50.99810679755235
Loss Incurred,month,cumulative,Synthetic,Portfolio,Auto,2021-10,33,384578.2657987362
Exposure,month,cumulative,Synthetic,Portfolio,Auto,2021-10,33,9628.27672236676
Earned Premium,month,cumulative,Synthetic,Portfolio,Auto,2021-10,33,708688.1927353578
Claims Reported,month,cumulative,Synthetic,Portfolio,Auto,2021-10,34,50.998665868158355
Loss Incurred,month,cumulative,Synthetic,Portfolio,Auto,2021-10,34,384742.91193611297
Exposure,month,cumulative,Synthetic,Portfolio,Auto,2021-10,34,9617.72449647516
Earned Premium,month,cumulative,Synthetic,Portfolio,Auto,2021-10,34,707974.5075994309
Claims Reported,month,cumulative,Synthetic,Portfolio,Auto,2021-10,35,50.999059845918204
Loss Incurred,month,cumulative,Synthetic,Portfolio,Auto,2021-10,35,384871.23615935625
Exposure,month,cumulative,Synthetic,Portfolio,Auto,2021-10,35,9607.831199688475
Earned Premium,month,cumulative,Synthetic,Portfolio,Auto,2021-10,35,707299.8454721655
Claims Reported,month,cumulative,Synthetic,Portfolio,Auto,2021-10,36,50.99933748100938
Loss Incurred,month,cumulative,Synthetic,Portfolio,Auto,2021-10,36,384971.2344728912
Exposure,month,cumulative,Synthetic,Portfolio,Auto,2021-10,36,9598.555685468544
Earned Premium,month,cumulative,Synthetic,Portfolio,Auto,2021-10,36,706662.0726462329
Claims Reported,month,cumulative,Synthetic,Portfolio,Auto,2021-10,37,50.99953312896705
Loss Incurred,month,cumulative,Synthetic,Portfolio,Auto,2021-10,37,385049.1492385221
Exposure,month,cumulative,Synthetic,Portfolio,Auto,2021-10,37,9589.85937665469
Earned Premium,month,cumulative,Synthetic,Portfolio,Auto,2021-10,37,706059.1720815508
Claims Reported,month,cumulative,Synthetic,Portfolio,Auto,2021-10,38,50.99967100065423
Loss Incurred,month,cumulative,Synthetic,Portfolio,Auto,2021-10,38,385109.851168101
Exposure,month,cumulative,Synthetic,Portfolio,Auto,2021-10,38,9581.706105020066
Earned Premium,month,cumulative,Synthetic,Portfolio,Auto,2021-10,38,705489.2370261295
Claims Reported,month,cumulative,Synthetic,Portfolio,Auto,2021-10,39,50.99976815763784
Loss Incurred,month,cumulative,Synthetic,Portfolio,Auto,2021-10,39,385157.13913693524
Exposure,month,cumulative,Synthetic,Portfolio,Auto,2021-10,39,9574.061960846842
Earned Premium,month,cumulative,Synthetic,Portfolio,Auto,2021-10,39,704950.4649857194
Claims Reported,month,cumulative,Synthetic,Portfolio,Auto,2021-10,40,50.99983662322937
Loss Incurred,month,cumulative,Synthetic,Portfolio,Auto,2021-10,40,385193.97508883144
Exposure,month,cumulative,Synthetic,Portfolio,Auto,2021-10,40,9566.895151894607
Earned Premium,month,cumulative,Synthetic,Portfolio,Auto,2021-10,40,704441.1520231875
Claims Reported,month,cumulative,Synthetic,Portfolio,Auto,2021-10,41,50.99988487022669
Loss Incurred,month,cumulative,Synthetic,Portfolio,Auto,2021-10,41,385222.6678378231
Exposure,month,cumulative,Synthetic,Portfolio,Auto,2021-10,41,9560.17587117542
Earned Premium,month,cumulative,Synthetic,Portfolio,Auto,2021-10,41,703959.6873695914
Claims Reported,month,cumulative,Synthetic,Portfolio,Auto,2021-10,42,50.99991886936589
Loss Incurred,month,cumulative,Synthetic,Portfolio,Auto,2021-10,42,385245.0167342426
Exposure,month,cumulative,Synthetic,Portfolio,Auto,2021-10,42,9553.87617298559
Earned Premium,month,cumulative,Synthetic,Portfolio,Auto,2021-10,42,703504.5483299136
Claims Reported,month,cumulative,Synthetic,Portfolio,Auto,2021-10,43,50.99994282818157
Loss Incurred,month,cumulative,Synthetic,Portfolio,Auto,2021-10,43,385262.42386855313
Exposure,month,cumulative,Synthetic,Portfolio,Auto,2021-10,43,9547.969856678608
Earned Premium,month,cumulative,Synthetic,Portfolio,Auto,2021-10,43,703074.2954673376
Claims Reported,month,cumulative,Synthetic,Portfolio,Auto,2021-10,44,50.99995971168715
Loss Incurred,month,cumulative,Synthetic,Portfolio,Auto,2021-10,44,385275.981648034
Exposure,month,cumulative,Synthetic,Portfolio,Auto,2021-10,44,9542.432357695805
Earned Premium,month,cumulative,Synthetic,Portfolio,Auto,2021-10,44,702667.5680508412
Claims Reported,month,cumulative,Synthetic,Portfolio,Auto,2021-10,45,50.99997160929915
Loss Incurred,month,cumulative,Synthetic,Portfolio,Auto,2021-10,45,385286.54111828696
Exposure,month,cumulative,Synthetic,Portfolio,Auto,2021-10,45,9537.240645401582
Earned Premium,month,cumulative,Synthetic,Portfolio,Auto,2021-10,45,702283.0797517059
Claims Reported,month,cumulative,Synthetic,Portfolio,Auto,2021-10,46,50.99997999340797
Loss Incurred,month,cumulative,Synthetic,Portfolio,Auto,2021-10,46,385294.7652429251
Exposure,month,cumulative,Synthetic,Portfolio,Auto,2021-10,46,9532.373127298248
Earned Premium,month,cumulative,Synthetic,Portfolio,Auto,2021-10,46,701919.6145753347
Claims Reported,month,cumulative,Synthetic,Portfolio,Auto,2021-10,47,50.999985901591245
Loss Incurred,month,cumulative,Synthetic,Portfolio,Auto,2021-10,47,385301.17044082924
Exposure,month,cumulative,Synthetic,Portfolio,Auto,2021-10,47,9527.809559222134
Earned Premium,month,cumulative,Synthetic,Portfolio,Auto,2021-10,47,701576.0230155092
Claims Reported,month,cumulative,Synthetic,Portfolio,Auto,2021-10,48,50.99999006501845
Loss Incurred,month,cumulative,Synthetic,Portfolio,Auto,2021-10,48,385306.15896148613
Exposure,month,cumulative,Synthetic,Portfolio,Auto,2021-10,48,9523.530961147468
Earned Premium,month,cumulative,Synthetic,Portfolio,Auto,2021-10,48,701251.2184189259
Claims Reported,month,cumulative,Synthetic,Portfolio,Auto,2021-10,49,50.99999299893643
Loss Incurred,month,cumulative,Synthetic,Portfolio,Auto,2021-10,49,385310.04411475494
Exposure,month,cumulative,Synthetic,Portfolio,Auto,2021-10,49,9519.51953824784
Earned Premium,month,cumulative,Synthetic,Portfolio,Auto,2021-10,49,700944.1735485127
Claims Reported,month,cumulative,Synthetic,Portfolio,Auto,2021-10,50,50.99999506643369
Loss Incurred,month,cumulative,Synthetic,Portfolio,Auto,2021-10,50,385313.0699294341
Exposure,month,cumulative,Synthetic,Portfolio,Auto,2021-10,50,9515.758606886946
Earned Premium,month,cumulative,Synthetic,Portfolio,Auto,2021-10,50,700653.9173346576
Claims Reported,month,cumulative,Synthetic,Portfolio,Auto,2021-11,0,5.290254801269136
Loss Incurred,month,cumulative,Synthetic,Portfolio,Auto,2021-11,0,35473.04037354445
Exposure,month,cumulative,Synthetic,Portfolio,Auto,2021-11,0,10367.962817461208
Earned Premium,month,cumulative,Synthetic,Portfolio,Auto,2021-11,0,747655.7362750026
Claims Reported,month,cumulative,Synthetic,Portfolio,Auto,2021-11,1,6.872398512950039
Loss Incurred,month,cumulative,Synthetic,Portfolio,Auto,2021-11,1,43900.07913145859
Exposure,month,cumulative,Synthetic,Portfolio,Auto,2021-11,1,10265.338421711514
Earned Premium,month,cumulative,Synthetic,Portfolio,Auto,2021-11,1,743711.4614584917
Claims Reported,month,cumulative,Synthetic,Portfolio,Auto,2021-11,2,8.707498215878658
Loss Incurred,month,cumulative,Synthetic,Portfolio,Auto,2021-11,2,53866.00703836931
Exposure,month,cumulative,Synthetic,Portfolio,Auto,2021-11,2,10170.50181854729
Earned Premium,month,cumulative,Synthetic,Portfolio,Auto,2021-11,2,739961.3956814508
Claims Reported,month,cumulative,Synthetic,Portfolio,Auto,2021-11,3,10.725753354622881
Loss Incurred,month,cumulative,Synthetic,Portfolio,Auto,2021-11,3,65434.78537628878
Exposure,month,cumulative,Synthetic,Portfolio,Auto,2021-11,3,10082.862020680268
Earned Premium,month,cumulative,Synthetic,Portfolio,Auto,2021-11,3,736395.9764380287
Claims Reported,month,cumulative,Synthetic,Portfolio,Auto,2021-11,4,12.819653061697228
Loss Incurred,month,cumulative,Synthetic,Portfolio,Auto,2021-11,4,78577.94428360509
Exposure,month,cumulative,Synthetic,Portfolio,Auto,2021-11,4,10001.872888700582
Earned Premium,month,cumulative,Synthetic,Portfolio,Auto,2021-11,4,733006.1120630641
Claims Reported,month,cumulative,Synthetic,Portfolio,Auto,2021-11,5,14.864579171567549
Loss Incurred,month,cumulative,Synthetic,Portfolio,Auto,2021-11,5,93149.18431022073
Exposure,month,cumulative,Synthetic,Portfolio,Auto,2021-11,5,9927.029727734196
Earned Premium,month,cumulative,Synthetic,Portfolio,Auto,2021-11,5,729783.158548732
Claims Reported,month,cumulative,Synthetic,Portfolio,Auto,2021-11,6,16.747090735740915
Loss Incurred,month,cumulative,Synthetic,Portfolio,Auto,2021-11,6,108872.34302347609
Exposure,month,cumulative,Synthetic,Portfolio,Auto,2021-11,6,9857.866142367639
Earned Premium,month,cumulative,Synthetic,Portfolio,Auto,2021-11,6,726718.8975026972
Claims Reported,month,cumulative,Synthetic,Portfolio,Auto,2021-11,7,18.388132318116476
Loss Incurred,month,cumulative,Synthetic,Portfolio,Auto,2021-11,7,125350.69905074227
Exposure,month,cumulative,Synthetic,Portfolio,Auto,2021-11,7,9793.951130241074
Earned Premium,month,cumulative,Synthetic,Portfolio,Auto,2021-11,7,723805.5151915681
Claims Reported,month,cumulative,Synthetic,Portfolio,Auto,2021-11,8,19.752053914755834
Loss Incurred,month,cumulative,Synthetic,Portfolio,Auto,2021-11,8,142100.878094953
Exposure,month,cumulative,Synthetic,Portfolio,Auto,2021-11,8,9734.886396198031
Earned Premium,month,cumulative,Synthetic,Portfolio,Auto,2021-11,8,721035.5826162141
Claims Reported,month,cumulative,Synthetic,Portfolio,Auto,2021-11,9,20.841425749956954
Loss Incurred,month,cumulative,Synthetic,Portfolio,Auto,2021-11,9,158606.84623542134
Exposure,month,cumulative,Synthetic,Portfolio,Auto,2021-11,9,9680.303870254564
Earned Premium,month,cumulative,Synthetic,Portfolio,Auto,2021-11,9,718402.0365681386
Claims Reported,month,cumulative,Synthetic,Portfolio,Auto,2021-11,10,21.684185782504937
Loss Incurred,month,cumulative,Synthetic,Portfolio,Auto,2021-11,10,174381.9470291384
Exposure,month,cumulative,Synthetic,Portfolio,Auto,2021-11,10,9629.863413920699
Earned Premium,month,cumulative,Synthetic,Portfolio,Auto,2021-11,10,715898.1616186023
Claims Reported,month,cumulative,Synthetic,Portfolio,Auto,2021-11,11,22.320207077230798
Loss Incurred,month,cumulative,Synthetic,Portfolio,Auto,2021-11,11,189023.69186015474
Exposure,month,cumulative,Synthetic,Portfolio,Auto,2021-11,11,9583.250700580837
Earned Premium,month,cumulative,Synthetic,Portfolio,Auto,2021-11,11,713517.5729945691
Claims Reported,month,cumulative,Synthetic,Portfolio,Auto,2021-11,12,22.791286693463526
Loss Incurred,month,cumulative,Synthetic,Portfolio,Auto,2021-11,12,202248.94377654977
Exposure,month,cumulative,Synthetic,Portfolio,Auto,2021-11,12,9540.175256724366
Earned Premium,month,cumulative,Synthetic,Portfolio,Auto,2021-11,12,711254.2002978113
Claims Reported,month,cumulative,Synthetic,Portfolio,Auto,2021-11,13,23.13537472167432
Loss Incurred,month,cumulative,Synthetic,Portfolio,Auto,2021-11,13,213904.5286420282
Exposure,month,cumulative,Synthetic,Portfolio,Auto,2021-11,13,9500.36865182018
Earned Premium,month,cumulative,Synthetic,Portfolio,Auto,2021-11,13,709102.272025656
Claims Reported,month,cumulative,Synthetic,Portfolio,Auto,2021-11,14,23.38415695782912
Loss Incurred,month,cumulative,Synthetic,Portfolio,Auto,2021-11,14,223956.17570266075
Exposure,month,cumulative,Synthetic,Portfolio,Auto,2021-11,14,9463.582825555037
Earned Premium,month,cumulative,Synthetic,Portfolio,Auto,2021-11,14,707056.300853902
Claims Reported,month,cumulative,Synthetic,Portfolio,Auto,2021-11,15,23.562709065581192
Loss Incurred,month,cumulative,Synthetic,Portfolio,Auto,2021-11,15,232463.6101083235
Exposure,month,cumulative,Synthetic,Portfolio,Auto,2021-11,15,9429.588542011734
Earned Premium,month,cumulative,Synthetic,Portfolio,Auto,2021-11,15,705111.0696443804
Claims Reported,month,cumulative,Synthetic,Portfolio,Auto,2021-11,16,23.690179228711784
Loss Incurred,month,cumulative,Synthetic,Portfolio,Auto,2021-11,16,239550.5562050083
Exposure,month,cumulative,Synthetic,Portfolio,Auto,2021-11,16,9398.173961154063
Earned Premium,month,cumulative,Synthetic,Portfolio,Auto,2021-11,16,703261.6181414772
Claims Reported,month,cumulative,Synthetic,Portfolio,Auto,2021-11,17,23.78083749241297
Loss Incurred,month,cumulative,Synthetic,Portfolio,Auto,2021-11,17,245376.46163537662
Exposure,month,cumulative,Synthetic,Portfolio,Auto,2021-11,17,9369.143318716606
Earned Premium,month,cumulative,Synthetic,Portfolio,Auto,2021-11,17,701503.2303236962
Claims Reported,month,cumulative,Synthetic,Portfolio,Auto,2021-11,18,23.845141180192822
Loss Incurred,month,cumulative,Synthetic,Portfolio,Auto,2021-11,18,250113.75414406616
Exposure,month,cumulative,Synthetic,Portfolio,Auto,2021-11,18,9342.315706272888
Earned Premium,month,cumulative,Synthetic,Portfolio,Auto,2021-11,18,699831.4223780064
Claims Reported,month,cumulative,Synthetic,Portfolio,Auto,2021-11,19,23.890664496869476
Loss Incurred,month,cumulative,Synthetic,Portfolio,Auto,2021-11,19,253931.79671996136
Exposure,month,cumulative,Synthetic,Portfolio,Auto,2021-11,19,9317.523943879725
Earned Premium,month,cumulative,Synthetic,Portfolio,Auto,2021-11,19,698241.931266314
Claims Reported,month,cumulative,Synthetic,Portfolio,Auto,2021-11,20,23.922848778805687
Loss Incurred,month,cumulative,Synthetic,Portfolio,Auto,2021-11,20,256987.00437540724
Exposure,month,cumulative,Synthetic,Portfolio,Auto,2021-11,20,9294.613538272495
Earned Premium,month,cumulative,Synthetic,Portfolio,Auto,2021-11,20,696730.7038548982
Claims Reported,month,cumulative,Synthetic,Portfolio,Auto,2021-11,21,23.945580792087107
Loss Incurred,month,cumulative,Synthetic,Portfolio,Auto,2021-11,21,259417.80764762213
Exposure,month,cumulative,Synthetic,Portfolio,Auto,2021-11,21,9273.441720119203
Earned Premium,month,cumulative,Synthetic,Portfolio,Auto,2021-11,21,695293.8865790955
Claims Reported,month,cumulative,Synthetic,Portfolio,Auto,2021-11,22,23.96162573654091
Loss Incurred,month,cumulative,Synthetic,Portfolio,Auto,2021-11,22,261343.00792312933
Exposure,month,cumulative,Synthetic,Portfolio,Auto,2021-11,22,9253.876554333805
Earned Premium,month,cumulative,Synthetic,Portfolio,Auto,2021-11,22,693927.815616876
Claims Reported,month,cumulative,Synthetic,Portfolio,Auto,2021-11,23,23.972945338854444
Loss Incurred,month,cumulative,Synthetic,Portfolio,Auto,2021-11,23,262862.26319726335
Exposure,month,cumulative,Synthetic,Portfolio,Auto,2021-11,23,9235.796117904656
Earned Premium,month,cumulative,Synthetic,Portfolio,Auto,2021-11,23,692629.0075462557
Claims Reported,month,cumulative,Synthetic,Portfolio,Auto,2021-11,24,23.980928553663738
Loss Incurred,month,cumulative,Synthetic,Portfolio,Auto,2021-11,24,264057.75104833365
Exposure,month,cumulative,Synthetic,Portfolio,Auto,2021-11,24,9219.087740114554
Earned Premium,month,cumulative,Synthetic,Portfolio,Auto,2021-11,24,691394.1504627207
Claims Reported,month,cumulative,Synthetic,Portfolio,Auto,2021-11,25,23.98655742437457
Loss Incurred,month,cumulative,Synthetic,Portfolio,Auto,2021-11,25,264996.35679097864
Exposure,month,cumulative,Synthetic,Portfolio,Auto,2021-11,25,9203.647300417711
Earned Premium,month,cumulative,Synthetic,Portfolio,Auto,2021-11,25,690220.0955340131
Claims Reported,month,cumulative,Synthetic,Portfolio,Auto,2021-11,26,23.990525609937222
Loss Incurred,month,cumulative,Synthetic,Portfolio,Auto,2021-11,26,265731.97841543256
Exposure,month,cumulative,Synthetic,Portfolio,Auto,2021-11,26,9189.378579598326
Earned Premium,month,cumulative,Synthetic,Portfolio,Auto,2021-11,26,689103.8489707457
Claims Reported,month,cumulative,Synthetic,Portfolio,Auto,2021-11,27,23.993322731734978
Loss Incurred,month,cumulative,Synthetic,Portfolio,Auto,2021-11,27,266307.71617545834
Exposure,month,cumulative,Synthetic,Portfolio,Auto,2021-11,27,9176.192660167339
Earned Premium,month,cumulative,Synthetic,Portfolio,Auto,2021-11,27,688042.5643923676
Claims Reported,month,cumulative,Synthetic,Portfolio,Auto,2021-11,28,23.995294221947837
Loss Incurred,month,cumulative,Synthetic,Portfolio,Auto,2021-11,28,266757.8321765103
Exposure,month,cumulative,Synthetic,Portfolio,Auto,2021-11,28,9164.007372260923
Earned Premium,month,cumulative,Synthetic,Portfolio,Auto,2021-11,28,687033.5355690165
Claims Reported,month,cumulative,Synthetic,Portfolio,Auto,2021-11,29,23.99668370223015
Loss Incurred,month,cumulative,Synthetic,Portfolio,Auto,2021-11,29,267109.43820695794
Exposure,month,cumulative,Synthetic,Portfolio,Auto,2021-11,29,9152.746781587715
Earned Premium,month,cumulative,Synthetic,Portfolio,Auto,2021-11,29,686074.18952075
Claims Reported,month,cumulative,Synthetic,Portfolio,Auto,2021-11,30,23.9976629490941
Loss Incurred,month,cumulative,Synthetic,Portfolio,Auto,2021-11,30,267383.91193938954
Exposure,month,cumulative,Synthetic,Portfolio,Auto,2021-11,30,9142.340716233874
Earned Premium,month,cumulative,Synthetic,Portfolio,Auto,2021-11,30,685162.0799565574
Claims Reported,month,cumulative,Synthetic,Portfolio,Auto,2021-11,31,23.99835306070113
Loss Incurred,month,cumulative,Synthetic,Portfolio,Auto,2021-11,31,267598.0633304253
Exposure,month,cumulative,Synthetic,Portfolio,Auto,2021-11,31,9132.724329377184
Earned Premium,month,cumulative,Synthetic,Portfolio,Auto,2021-11,31,684294.8810364231
Claims Reported,month,cumulative,Synthetic,Portfolio,Auto,2021-11,32,23.99883939797196
Loss Incurred,month,cumulative,Synthetic,Portfolio,Auto,2021-11,32,267765.0823573005
Exposure,month,cumulative,Synthetic,Portfolio,Auto,2021-11,32,9123.837695185193
Earned Premium,month,cumulative,Synthetic,Portfolio,Auto,2021-11,32,683470.3814405358
Claims Reported,month,cumulative,Synthetic,Portfolio,Auto,2021-11,33,23.99918212589403
Loss Incurred,month,cumulative,Synthetic,Portfolio,Auto,2021-11,33,267895.30138822953
Exposure,month,cumulative,Synthetic,Portfolio,Auto,2021-11,33,9115.625435379183
Earned Premium,month,cumulative,Synthetic,Portfolio,Auto,2021-11,33,682686.4787305172
Claims Reported,month,cumulative,Synthetic,Portfolio,Auto,2021-11,34,23.999423648058418
Loss Incurred,month,cumulative,Synthetic,Portfolio,Auto,2021-11,34,267996.8038348364
Exposure,month,cumulative,Synthetic,Portfolio,Auto,2021-11,34,9108.036374136826
Earned Premium,month,cumulative,Synthetic,Portfolio,Auto,2021-11,34,681941.1739882956
Claims Reported,month,cumulative,Synthetic,Portfolio,Auto,2021-11,35,23.99959384877093
Loss Incurred,month,cumulative,Synthetic,Portfolio,Auto,2021-11,35,268075.90731269063
Exposure,month,cumulative,Synthetic,Portfolio,Auto,2021-11,35,9101.02321918305
Earned Premium,month,cumulative,Synthetic,Portfolio,Auto,2021-11,35,681232.5667189513
Claims Reported,month,cumulative,Synthetic,Portfolio,Auto,2021-11,36,23.99971378863589
Loss Incurred,month,cumulative,Synthetic,Portfolio,Auto,2021-11,36,268137.54551622586
Exposure,month,cumulative,Synthetic,Portfolio,Auto,2021-11,36,9094.542267081732
Earned Premium,month,cumulative,Synthetic,Portfolio,Auto,2021-11,36,680558.850004536
Claims Reported,month,cumulative,Synthetic,Portfolio,Auto,2021-11,37,23.999798309550272
Loss Incurred,month,cumulative,Synthetic,Portfolio,Auto,2021-11,37,268185.5690343379
Exposure,month,cumulative,Synthetic,Portfolio,Auto,2021-11,37,9088.553130891753
Earned Premium,month,cumulative,Synthetic,Portfolio,Auto,2021-11,37,679918.3058965106
Claims Reported,month,cumulative,Synthetic,Portfolio,Auto,2021-11,38,23.99985787078954
Loss Incurred,month,cumulative,Synthetic,Portfolio,Auto,2021-11,38,268222.9817047848
Exposure,month,cumulative,Synthetic,Portfolio,Auto,2021-11,38,9083.018488490243
Earned Premium,month,cumulative,Synthetic,Portfolio,Auto,2021-11,38,679309.3010350502
Claims Reported,month,cumulative,Synthetic,Portfolio,Auto,2021-11,39,23.99989984306303
Loss Incurred,month,cumulative,Synthetic,Portfolio,Auto,2021-11,39,268252.12595290114
Exposure,month,cumulative,Synthetic,Portfolio,Auto,2021-11,39,9077.903849994656
Earned Premium,month,cumulative,Synthetic,Portfolio,Auto,2021-11,39,678730.282484047
Claims Reported,month,cumulative,Synthetic,Portfolio,Auto,2021-11,40,23.999929420512434
Loss Incurred,month,cumulative,Synthetic,Portfolio,Auto,2021-11,40,268274.8279034847
Exposure,month,cumulative,Synthetic,Portfolio,Auto,2021-11,40,9073.177342834337
Earned Premium,month,cumulative,Synthetic,Portfolio,Auto,2021-11,40,678179.7737711907
Claims Reported,month,cumulative,Synthetic,Portfolio,Auto,2021-11,41,23.999950263432535
Loss Incurred,month,cumulative,Synthetic,Portfolio,Auto,2021-11,41,268292.51086211565
Exposure,month,cumulative,Synthetic,Portfolio,Auto,2021-11,41,9068.809513132232
Earned Premium,month,cumulative,Synthetic,Portfolio,Auto,2021-11,41,677656.3711230274
Claims Reported,month,cumulative,Synthetic,Portfolio,Auto,2021-11,42,23.999964951211837
Loss Incurred,month,cumulative,Synthetic,Portfolio,Auto,2021-11,42,268306.28397889674
Exposure,month,cumulative,Synthetic,Portfolio,Auto,2021-11,42,9064.77314215902
Earned Premium,month,cumulative,Synthetic,Portfolio,Auto,2021-11,42,677158.7398853983
Claims Reported,month,cumulative,Synthetic,Portfolio,Auto,2021-11,43,23.999975301525772
Loss Incurred,month,cumulative,Synthetic,Portfolio,Auto,2021-11,43,268317.011472582
Exposure,month,cumulative,Synthetic,Portfolio,Auto,2021-11,43,9061.043076715869
Earned Premium,month,cumulative,Synthetic,Portfolio,Auto,2021-11,43,676685.6111201289
Claims Reported,month,cumulative,Synthetic,Portfolio,Auto,2021-11,44,23.999982595274087
Loss Incurred,month,cumulative,Synthetic,Portfolio,Auto,2021-11,44,268325.36664726486
Exposure,month,cumulative,Synthetic,Portfolio,Auto,2021-11,44,9057.596072388835
Earned Premium,month,cumulative,Synthetic,Portfolio,Auto,2021-11,44,676235.7783692912
Claims Reported,month,cumulative,Synthetic,Portfolio,Auto,2021-11,45,23.999987735094315
Loss Incurred,month,cumulative,Synthetic,Portfolio,Auto,2021-11,45,268331.87402428564
Exposure,month,cumulative,Synthetic,Portfolio,Auto,2021-11,45,9054.4106486981
Earned Premium,month,cumulative,Synthetic,Portfolio,Auto,2021-11,45,675808.0945787888
Claims Reported,month,cumulative,Synthetic,Portfolio,Auto,2021-11,46,23.99999135706574
Loss Incurred,month,cumulative,Synthetic,Portfolio,Auto,2021-11,46,268336.9421932364
Exposure,month,cumulative,Synthetic,Portfolio,Auto,2021-11,46,9051.466955239432
Earned Premium,month,cumulative,Synthetic,Portfolio,Auto,2021-11,46,675401.469173418
Claims Reported,month,cumulative,Synthetic,Portfolio,Auto,2021-11,47,23.99999390942652
Loss Incurred,month,cumulative,Synthetic,Portfolio,Auto,2021-11,47,268340.88941979816
Exposure,month,cumulative,Synthetic,Portfolio,Auto,2021-11,47,9048.746647983662
Earned Premium,month,cumulative,Synthetic,Portfolio,Auto,2021-11,47,675014.8652759477
Claims Reported,month,cumulative,Synthetic,Portfolio,Auto,2021-11,48,23.999995708045084
Loss Incurred,month,cumulative,Synthetic,Portfolio,Auto,2021-11,48,268343.9636033736
Exposure,month,cumulative,Synthetic,Portfolio,Auto,2021-11,48,9046.232774963357
Earned Premium,month,cumulative,Synthetic,Portfolio,Auto,2021-11,48,674647.2970631282
Claims Reported,month,cumulative,Synthetic,Portfolio,Auto,2021-11,49,23.99999697551033
Loss Incurred,month,cumulative,Synthetic,Portfolio,Auto,2021-11,49,268346.3578287394
Exposure,month,cumulative,Synthetic,Portfolio,Auto,2021-11,49,9043.909670634312
Earned Premium,month,cumulative,Synthetic,Portfolio,Auto,2021-11,49,674297.8272518838
Claims Reported,month,cumulative,Synthetic,Portfolio,Auto,2021-12,0,8.003223312993596
Loss Incurred,month,cumulative,Synthetic,Portfolio,Auto,2021-12,0,50435.27585646834
Exposure,month,cumulative,Synthetic,Portfolio,Auto,2021-12,0,11281.266585683043
Earned Premium,month,cumulative,Synthetic,Portfolio,Auto,2021-12,0,852807.0479977627
Claims Reported,month,cumulative,Synthetic,Portfolio,Auto,2021-12,1,10.47851916393856
Loss Incurred,month,cumulative,Synthetic,Portfolio,Auto,2021-12,1,62808.580095323894
Exposure,month,cumulative,Synthetic,Portfolio,Auto,2021-12,1,11160.29885491423
Earned Premium,month,cumulative,Synthetic,Portfolio,Auto,2021-12,1,847280.8084353287
Claims Reported,month,cumulative,Synthetic,Portfolio,Auto,2021-12,2,13.3988034065665
Loss Incurred,month,cumulative,Synthetic,Portfolio,Auto,2021-12,2,77643.39734551181
Exposure,month,cumulative,Synthetic,Portfolio,Auto,2021-12,2,11049.275734851817
Earned Premium,month,cumulative,Synthetic,Portfolio,Auto,2021-12,2,842088.7988590902
Claims Reported,month,cumulative,Synthetic,Portfolio,Auto,2021-12,3,16.67329217400402
Loss Incurred,month,cumulative,Synthetic,Portfolio,Auto,2021-12,3,95144.88915853613
Exposure,month,cumulative,Synthetic,Portfolio,Auto,2021-12,3,10947.379691088294
Earned Premium,month,cumulative,Synthetic,Portfolio,Auto,2021-12,3,837210.8048569848
Claims Reported,month,cumulative,Synthetic,Portfolio,Auto,2021-12,4,20.142089663938634
Loss Incurred,month,cumulative,Synthetic,Portfolio,Auto,2021-12,4,115403.85290236962
Exposure,month,cumulative,Synthetic,Portfolio,Auto,2021-12,4,10853.860397730108
Earned Premium,month,cumulative,Synthetic,Portfolio,Auto,2021-12,4,832627.8345956285
Claims Reported,month,cumulative,Synthetic,Portfolio,Auto,2021-12,5,23.60235923045313
Loss Incurred,month,cumulative,Synthetic,Portfolio,Auto,2021-12,5,138345.41036961135
Exposure,month,cumulative,Synthetic,Portfolio,Auto,2021-12,5,10768.029212267094
Earned Premium,month,cumulative,Synthetic,Portfolio,Auto,2021-12,5,828322.0448780912
Claims Reported,month,cumulative,Synthetic,Portfolio,Auto,2021-12,6,26.853222894017872
Loss Incurred,month,cumulative,Synthetic,Portfolio,Auto,2021-12,6,163687.64238535543
Exposure,month,cumulative,Synthetic,Portfolio,Auto,2021-12,6,10689.254104656196
Earned Premium,month,cumulative,Synthetic,Portfolio,Auto,2021-12,6,824276.671673735
Claims Reported,month,cumulative,Synthetic,Portfolio,Auto,2021-12,7,29.73976431526815
Loss Incurred,month,cumulative,Synthetic,Portfolio,Auto,2021-12,7,190925.31547927918
Exposure,month,cumulative,Synthetic,Portfolio,Auto,2021-12,7,10616.955003279078
Earned Premium,month,cumulative,Synthetic,Portfolio,Auto,2021-12,7,820475.9648496495
Claims Reported,month,cumulative,Synthetic,Portfolio,Auto,2021-12,8,32.17715988261609
Loss Incurred,month,cumulative,Synthetic,Portfolio,Auto,2021-12,8,219351.6900246449
Exposure,month,cumulative,Synthetic,Portfolio,Auto,2021-12,8,10550.59952350293
Earned Premium,month,cumulative,Synthetic,Portfolio,Auto,2021-12,8,816905.1268495618
Claims Reported,month,cumulative,Synthetic,Portfolio,Auto,2021-12,9,34.14944200282523
Loss Incurred,month,cumulative,Synthetic,Portfolio,Auto,2021-12,9,248122.37982735486
Exposure,month,cumulative,Synthetic,Portfolio,Auto,2021-12,9,10489.699047391117
Earned Premium,month,cumulative,Synthetic,Portfolio,Auto,2021-12,9,813550.2550814828
Claims Reported,month,cumulative,Synthetic,Portfolio,Auto,2021-12,10,35.69106346949983
Loss Incurred,month,cumulative,Synthetic,Portfolio,Auto,2021-12,10,276351.5110746364
Exposure,month,cumulative,Synthetic,Portfolio,Auto,2021-12,10,10433.805125696068
Earned Premium,month,cumulative,Synthetic,Portfolio,Auto,2021-12,10,810398.2877897779
Claims Reported,month,cumulative,Synthetic,Portfolio,Auto,2021-12,11,36.863774107712366
Loss Incurred,month,cumulative,Synthetic,Portfolio,Auto,2021-12,11,303218.1370696702
Exposure,month,cumulative,Synthetic,Portfolio,Auto,2021-12,11,10382.506175639972
Earned Premium,month,cumulative,Synthetic,Portfolio,Auto,2021-12,11,807436.9532009253
Claims Reported,month,cumulative,Synthetic,Portfolio,Auto,2021-12,12,37.73755401791935
Loss Incurred,month,cumulative,Synthetic,Portfolio,Auto,2021-12,12,328056.7069259159
Exposure,month,cumulative,Synthetic,Portfolio,Auto,2021-12,12,10335.424450166933
Earned Premium,month,cumulative,Synthetic,Portfolio,Auto,2021-12,12,804654.7217449661
Claims Reported,month,cumulative,Synthetic,Portfolio,Auto,2021-12,13,38.37859870326515
Loss Incurred,month,cumulative,Synthetic,Portfolio,Auto,2021-12,13,350411.801708074
Exposure,month,cumulative,Synthetic,Portfolio,Auto,2021-12,13,10292.21325634923
Earned Premium,month,cumulative,Synthetic,Portfolio,Auto,2021-12,13,802040.7611666287
Claims Reported,month,cumulative,Synthetic,Portfolio,Auto,2021-12,14,38.843574855956675
Loss Incurred,month,cumulative,Synthetic,Portfolio,Auto,2021-12,14,370050.6084593455
Exposure,month,cumulative,Synthetic,Portfolio,Auto,2021-12,14,10252.554402465035
Earned Premium,month,cumulative,Synthetic,Portfolio,Auto,2021-12,14,799584.8943513545
Claims Reported,month,cumulative,Synthetic,Portfolio,Auto,2021-12,15,39.17806356631576
Loss Incurred,month,cumulative,Synthetic,Portfolio,Auto,2021-12,15,386939.6899382143
Exposure,month,cumulative,Synthetic,Portfolio,Auto,2021-12,15,10216.155854948776
Earned Premium,month,cumulative,Synthetic,Portfolio,Auto,2021-12,15,797277.5597020304
Claims Reported,month,cumulative,Synthetic,Portfolio,Auto,2021-12,16,39.41725497688755
Loss Incurred,month,cumulative,Synthetic,Portfolio,Auto,2021-12,16,401200.1104326254
Exposure,month,cumulative,Synthetic,Portfolio,Auto,2021-12,16,10182.749587960778
Earned Premium,month,cumulative,Synthetic,Portfolio,Auto,2021-12,16,795109.7739121575
Claims Reported,month,cumulative,Synthetic,Portfolio,Auto,2021-12,17,39.58757213916536
Loss Incurred,month,cumulative,Synthetic,Portfolio,Auto,2021-12,17,413055.72517087794
Exposure,month,cumulative,Synthetic,Portfolio,Auto,2021-12,17,10152.089609741184
Earned Premium,month,cumulative,Synthetic,Portfolio,Auto,2021-12,17,793073.0969905193
Claims Reported,month,cumulative,Synthetic,Portfolio,Auto,2021-12,18,39.70847935570429
Loss Incurred,month,cumulative,Synthetic,Portfolio,Auto,2021-12,18,422785.6538256125
Exposure,month,cumulative,Synthetic,Portfolio,Auto,2021-12,18,10123.950151214924
Earned Premium,month,cumulative,Synthetic,Portfolio,Auto,2021-12,18,791159.5994011764
Claims Reported,month,cumulative,Synthetic,Portfolio,Auto,2021-12,19,39.794125783754744
Loss Incurred,month,cumulative,Synthetic,Portfolio,Auto,2021-12,19,430686.77876346896
Exposure,month,cumulative,Synthetic,Portfolio,Auto,2021-12,19,10098.124003509276
Earned Premium,month,cumulative,Synthetic,Portfolio,Auto,2021-12,19,789361.8311908526
Claims Reported,month,cumulative,Synthetic,Portfolio,Auto,2021-12,20,39.854702049451724
Loss Incurred,month,cumulative,Synthetic,Portfolio,Auto,2021-12,20,437047.7577812969
Exposure,month,cumulative,Synthetic,Portfolio,Auto,2021-12,20,10074.420992142108
Earned Premium,month,cumulative,Synthetic,Portfolio,Auto,2021-12,20,787672.7929835138
Claims Reported,month,cumulative,Synthetic,Portfolio,Auto,2021-12,21,39.897500312821855
Loss Incurred,month,cumulative,Synthetic,Portfolio,Auto,2021-12,21,442133.35643848614
Exposure,month,cumulative,Synthetic,Portfolio,Auto,2021-12,21,10052.66657664524
Earned Premium,month,cumulative,Synthetic,Portfolio,Auto,2021-12,21,786085.9087292104
Claims Reported,month,cumulative,Synthetic,Portfolio,Auto,2021-12,22,39.92771499068814
Loss Incurred,month,cumulative,Synthetic,Portfolio,Auto,2021-12,22,446176.7545783553
Exposure,month,cumulative,Synthetic,Portfolio,Auto,2021-12,22,10032.700565311094
Earned Premium,month,cumulative,Synthetic,Portfolio,Auto,2021-12,22,784595.0001010841
Claims Reported,month,cumulative,Synthetic,Portfolio,Auto,2021-12,23,39.94903441629368
Loss Incurred,month,cumulative,Synthetic,Portfolio,Auto,2021-12,23,449377.35003343323
Exposure,month,cumulative,Synthetic,Portfolio,Auto,2021-12,23,10014.375935598438
Earned Premium,month,cumulative,Synthetic,Portfolio,Auto,2021-12,23,783194.2624408589
Claims Reported,month,cumulative,Synthetic,Portfolio,Auto,2021-12,24,39.96407164146353
Loss Incurred,month,cumulative,Synthetic,Portfolio,Auto,2021-12,24,451901.9609127588
Exposure,month,cumulative,Synthetic,Portfolio,Auto,2021-12,24,9997.557751511184
Earned Premium,month,cumulative,Synthetic,Portfolio,Auto,2021-12,24,781878.2421591606
Claims Reported,month,cumulative,Synthetic,Portfolio,Auto,2021-12,25,39.97467499615323
Loss Incurred,month,cumulative,Synthetic,Portfolio,Auto,2021-12,25,453887.86478010676
Exposure,month,cumulative,Synthetic,Portfolio,Auto,2021-12,25,9982.122169978125
Earned Premium,month,cumulative,Synthetic,Portfolio,Auto,2021-12,25,780641.8155026779
Claims Reported,month,cumulative,Synthetic,Portfolio,Auto,2021-12,26,39.982150434094805
Loss Incurred,month,cumulative,Synthetic,Portfolio,Auto,2021-12,26,455446.6197759808
Exposure,month,cumulative,Synthetic,Portfolio,Auto,2021-12,26,9967.955528917024
Earned Premium,month,cumulative,Synthetic,Portfolio,Auto,2021-12,26,779480.1686054982
Claims Reported,month,cumulative,Synthetic,Portfolio,Auto,2021-12,27,39.98741996570637
Loss Incurred,month,cumulative,Synthetic,Portfolio,Auto,2021-12,27,456668.0151231505
Exposure,month,cumulative,Synthetic,Portfolio,Auto,2021-12,27,9954.95351026782
Earned Premium,month,cumulative,Synthetic,Portfolio,Auto,2021-12,27,778388.778746947
Claims Reported,month,cumulative,Synthetic,Portfolio,Auto,2021-12,28,39.99113417624412
Loss Incurred,month,cumulative,Synthetic,Portfolio,Auto,2021-12,28,457623.7858992128
Exposure,month,cumulative,Synthetic,Portfolio,Auto,2021-12,28,9943.020371831892
Earned Premium,month,cumulative,Synthetic,Portfolio,Auto,2021-12,28,777363.3967429659
Claims Reported,month,cumulative,Synthetic,Portfolio,Auto,2021-12,29,39.99375195063022
Loss Incurred,month,cumulative,Synthetic,Portfolio,Auto,2021-12,29,458370.9166058705
Exposure,month,cumulative,Synthetic,Portfolio,Auto,2021-12,29,9932.068242260862
Earned Premium,month,cumulative,Synthetic,Portfolio,Auto,2021-12,29,776400.030402469
Claims Reported,month,cumulative,Synthetic,Portfolio,Auto,2021-12,30,39.995596870917225
Loss Incurred,month,cumulative,Synthetic,Portfolio,Auto,2021-12,30,458954.47454814176
Exposure,month,cumulative,Synthetic,Portfolio,Auto,2021-12,30,9922.01647400353
Earned Premium,month,cumulative,Synthetic,Portfolio,Auto,2021-12,30,775494.9289842664
Claims Reported,month,cumulative,Synthetic,Portfolio,Auto,2021-12,31,39.99689706650953
Loss Incurred,month,cumulative,Synthetic,Portfolio,Auto,2021-12,31,459409.98016346985
Exposure,month,cumulative,Synthetic,Portfolio,Auto,2021-12,31,9912.791049446249
Earned Premium,month,cumulative,Synthetic,Portfolio,Auto,2021-12,31,774644.568594044
Claims Reported,month,cumulative,Synthetic,Portfolio,Auto,2021-12,32,39.997813349633574
Loss Incurred,month,cumulative,Synthetic,Portfolio,Auto,2021-12,32,459765.3550621821
Exposure,month,cumulative,Synthetic,Portfolio,Auto,2021-12,32,9904.324035873782
Earned Premium,month,cumulative,Synthetic,Portfolio,Auto,2021-12,32,773845.6384645393
Claims Reported,month,cumulative,Synthetic,Portfolio,Auto,2021-12,33,39.99845906865422
Loss Incurred,month,cumulative,Synthetic,Portfolio,Auto,2021-12,33,460042.5023672973
Exposure,month,cumulative,Synthetic,Portfolio,Auto,2021-12,33,9896.553085237183
Earned Premium,month,cumulative,Synthetic,Portfolio,Auto,2021-12,33,773095.0280655021
Claims Reported,month,cumulative,Synthetic,Portfolio,Auto,2021-12,34,39.99891411168008
Loss Incurred,month,cumulative,Synthetic,Portfolio,Auto,2021-12,34,460258.5764544362
Exposure,month,cumulative,Synthetic,Portfolio,Auto,2021-12,34,9889.420975045125
Earned Premium,month,cumulative,Synthetic,Portfolio,Auto,2021-12,34,772389.81499325
Claims Reported,month,cumulative,Synthetic,Portfolio,Auto,2021-12,35,39.99923478129951
Loss Incurred,month,cumulative,Synthetic,Portfolio,Auto,2021-12,35,460426.9957663089
Exposure,month,cumulative,Synthetic,Portfolio,Auto,2021-12,35,9882.875186998026
Earned Premium,month,cumulative,Synthetic,Portfolio,Auto,2021-12,35,771727.253592671
Claims Reported,month,cumulative,Synthetic,Portfolio,Auto,2021-12,36,39.999460756449295
Loss Incurred,month,cumulative,Synthetic,Portfolio,Auto,2021-12,36,460558.24625857297
Exposure,month,cumulative,Synthetic,Portfolio,Auto,2021-12,36,9876.867520262134
Earned Premium,month,cumulative,Synthetic,Portfolio,Auto,2021-12,36,771104.7642673735
Claims Reported,month,cumulative,Synthetic,Portfolio,Auto,2021-12,37,39.99961999997954
Loss Incurred,month,cumulative,Synthetic,Portfolio,Auto,2021-12,37,460660.5160878577
Exposure,month,cumulative,Synthetic,Portfolio,Auto,2021-12,37,9871.35373653589
Earned Premium,month,cumulative,Synthetic,Portfolio,Auto,2021-12,37,770519.9234363642
Claims Reported,month,cumulative,Synthetic,Portfolio,Auto,2021-12,38,39.99973221776023
Loss Incurred,month,cumulative,Synthetic,Portfolio,Auto,2021-12,38,460740.19537682727
Exposure,month,cumulative,Synthetic,Portfolio,Auto,2021-12,38,9866.293234294948
Earned Premium,month,cumulative,Synthetic,Portfolio,Auto,2021-12,38,769970.4540981513
Claims Reported,month,cumulative,Synthetic,Portfolio,Auto,2021-12,39,39.99981129667193
Loss Incurred,month,cumulative,Synthetic,Portfolio,Auto,2021-12,39,460802.2687645788
Exposure,month,cumulative,Synthetic,Portfolio,Auto,2021-12,39,9861.648749817134
Earned Premium,month,cumulative,Synthetic,Portfolio,Auto,2021-12,39,769454.216965537
Claims Reported,month,cumulative,Synthetic,Portfolio,Auto,2021-12,40,39.99986702282696
Loss Incurred,month,cumulative,Synthetic,Portfolio,Auto,2021-12,40,460850.62315411546
Exposure,month,cumulative,Synthetic,Portfolio,Auto,2021-12,40,9857.38608278576
Earned Premium,month,cumulative,Synthetic,Portfolio,Auto,2021-12,40,768969.2021365813
Claims Reported,month,cumulative,Synthetic,Portfolio,Auto,2021-12,41,39.99990629247796
Loss Incurred,month,cumulative,Synthetic,Portfolio,Auto,2021-12,41,460888.28862040676
Exposure,month,cumulative,Synthetic,Portfolio,Auto,2021-12,41,9853.473844450771
Earned Premium,month,cumulative,Synthetic,Portfolio,Auto,2021-12,41,768513.5212693105
Claims Reported,month,cumulative,Synthetic,Portfolio,Auto,2021-12,42,39.99993396537961
Loss Incurred,month,cumulative,Synthetic,Portfolio,Auto,2021-12,42,460917.62677993934
Exposure,month,cumulative,Synthetic,Portfolio,Auto,2021-12,42,9849.883226493257
Earned Premium,month,cumulative,Synthetic,Portfolio,Auto,2021-12,42,768085.4002297049
Claims Reported,month,cumulative,Synthetic,Portfolio,Auto,2021-12,43,39.99995346616682
Loss Incurred,month,cumulative,Synthetic,Portfolio,Auto,2021-12,43,460940.4779488482
Exposure,month,cumulative,Synthetic,Portfolio,Auto,2021-12,43,9846.587788891331
Earned Premium,month,cumulative,Synthetic,Portfolio,Auto,2021-12,43,767683.172184339
Claims Reported,month,cumulative,Synthetic,Portfolio,Auto,2021-12,44,39.99996720815072
Loss Incurred,month,cumulative,Synthetic,Portfolio,Auto,2021-12,44,460958.27602659824
Exposure,month,cumulative,Synthetic,Portfolio,Auto,2021-12,44,9843.563265225295
Earned Premium,month,cumulative,Synthetic,Portfolio,Auto,2021-12,44,767305.2711107831
Claims Reported,month,cumulative,Synthetic,Portfolio,Auto,2021-12,45,39.99997689196878
Loss Incurred,month,cumulative,Synthetic,Portfolio,Auto,2021-12,45,460972.13813555543
Exposure,month,cumulative,Synthetic,Portfolio,Auto,2021-12,45,9840.787383988441
Earned Premium,month,cumulative,Synthetic,Portfolio,Auto,2021-12,45,766950.2257004989
Claims Reported,month,cumulative,Synthetic,Portfolio,Auto,2021-12,46,39.99998371604284
Loss Incurred,month,cumulative,Synthetic,Portfolio,Auto,2021-12,46,460982.934534378
Exposure,month,cumulative,Synthetic,Portfolio,Auto,2021-12,46,9838.239704587666
Earned Premium,month,cumulative,Synthetic,Portfolio,Auto,2021-12,46,766616.653630492
Claims Reported,month,cumulative,Synthetic,Portfolio,Auto,2021-12,47,39.99998852488796
Loss Incurred,month,cumulative,Synthetic,Portfolio,Auto,2021-12,47,460991.34312853916
Exposure,month,cumulative,Synthetic,Portfolio,Auto,2021-12,47,9835.90146682628
Earned Premium,month,cumulative,Synthetic,Portfolio,Auto,2021-12,47,766303.2561814175
Claims Reported,month,cumulative,Synthetic,Portfolio,Auto,2021-12,48,39.99999191362453
Loss Incurred,month,cumulative,Synthetic,Portfolio,Auto,2021-12,48,460997.8919607383
Exposure,month,cumulative,Synthetic,Portfolio,Auto,2021-12,48,9833.755452760655
Earned Premium,month,cumulative,Synthetic,Portfolio,Auto,2021-12,48,766008.8131811856
Claims Reported,month,cumulative,Synthetic,Portfolio,Auto,2022-01,0,7.195828573299446
Loss Incurred,month,cumulative,Synthetic,Portfolio,Auto,2022-01,0,54148.384765623065
Exposure,month,cumulative,Synthetic,Portfolio,Auto,2022-01,0,11802.975067287676
Earned Premium,month,cumulative,Synthetic,Portfolio,Auto,2022-01,0,867105.7005367837
Claims Reported,month,cumulative,Synthetic,Portfolio,Auto,2022-01,1,9.583142209376678
Loss Incurred,month,cumulative,Synthetic,Portfolio,Auto,2022-01,1,67468.77430079076
Exposure,month,cumulative,Synthetic,Portfolio,Auto,2022-01,1,11703.709522951956
Earned Premium,month,cumulative,Synthetic,Portfolio,Auto,2022-01,1,861339.8080332717
Claims Reported,month,cumulative,Synthetic,Portfolio,Auto,2022-01,2,12.507197753708807
Loss Incurred,month,cumulative,Synthetic,Portfolio,Auto,2022-01,2,83457.92434058606
Exposure,month,cumulative,Synthetic,Portfolio,Auto,2022-01,2,11610.844452774381
Earned Premium,month,cumulative,Synthetic,Portfolio,Auto,2022-01,2,855931.7628900686
Claims Reported,month,cumulative,Synthetic,Portfolio,Auto,2022-01,3,15.933099312550109
Loss Incurred,month,cumulative,Synthetic,Portfolio,Auto,2022-01,3,102347.71196398897
Exposure,month,cumulative,Synthetic,Portfolio,Auto,2022-01,3,11523.967165022654
Earned Premium,month,cumulative,Synthetic,Portfolio,Auto,2022-01,3,850859.356102549
Claims Reported,month,cumulative,Synthetic,Portfolio,Auto,2022-01,4,19.744209930049053
Loss Incurred,month,cumulative,Synthetic,Portfolio,Auto,2022-01,4,124249.55838222755
Exposure,month,cumulative,Synthetic,Portfolio,Auto,2022-01,4,11442.691577628342
Earned Premium,month,cumulative,Synthetic,Portfolio,Auto,2022-01,4,846101.7570188186
Claims Reported,month,cumulative,Synthetic,Portfolio,Auto,2022-01,5,23.746935274229212
Loss Incurred,month,cumulative,Synthetic,Portfolio,Auto,2022-01,5,149098.1120142781
Exposure,month,cumulative,Synthetic,Portfolio,Auto,2022-01,5,11366.656502440823
Earned Premium,month,cumulative,Synthetic,Portfolio,Auto,2022-01,5,841639.4277953024
Claims Reported,month,cumulative,Synthetic,Portfolio,Auto,2022-01,6,27.704874800401527
Loss Incurred,month,cumulative,Synthetic,Portfolio,Auto,2022-01,6,176604.56311830174
Exposure,month,cumulative,Synthetic,Portfolio,Auto,2022-01,6,11295.524040109623
Earned Premium,month,cumulative,Synthetic,Portfolio,Auto,2022-01,6,837454.0431614557
Claims Reported,month,cumulative,Synthetic,Portfolio,Auto,2022-01,7,31.391900129581813
Loss Incurred,month,cumulative,Synthetic,Portfolio,Auto,2022-01,7,206236.0447481354
Exposure,month,cumulative,Synthetic,Portfolio,Auto,2022-01,7,11228.978078462049
Earned Premium,month,cumulative,Synthetic,Portfolio,Auto,2022-01,7,833528.4151641031
Claims Reported,month,cumulative,Synthetic,Portfolio,Auto,2022-01,8,34.64053953740645
Loss Incurred,month,cumulative,Synthetic,Portfolio,Auto,2022-01,8,237235.78259924895
Exposure,month,cumulative,Synthetic,Portfolio,Auto,2022-01,8,11166.722887702845
Earned Premium,month,cumulative,Synthetic,Portfolio,Auto,2022-01,8,829846.4225823522
Claims Reported,month,cumulative,Synthetic,Portfolio,Auto,2022-01,9,37.36544198704425
Loss Incurred,month,cumulative,Synthetic,Portfolio,Auto,2022-01,9,268689.38059765357
Exposure,month,cumulative,Synthetic,Portfolio,Auto,2022-01,9,11108.481806193038
Earned Premium,month,cumulative,Synthetic,Portfolio,Auto,2022-01,9,826392.9447232143
Claims Reported,month,cumulative,Synthetic,Portfolio,Auto,2022-01,10,39.558248419074836
Loss Incurred,month,cumulative,Synthetic,Portfolio,Auto,2022-01,10,299627.8396855075
Exposure,month,cumulative,Synthetic,Portfolio,Auto,2022-01,10,11053.996010967516
Earned Premium,month,cumulative,Synthetic,Portfolio,Auto,2022-01,10,823153.7993260542
Claims Reported,month,cumulative,Synthetic,Portfolio,Auto,2022-01,11,41.26474847244542
Loss Incurred,month,cumulative,Synthetic,Portfolio,Auto,2022-01,11,329144.04771445825
Exposure,month,cumulative,Synthetic,Portfolio,Auto,2022-01,11,11003.023367527545
Earned Premium,month,cumulative,Synthetic,Portfolio,Auto,2022-01,11,820115.6843208626
Claims Reported,month,cumulative,Synthetic,Portfolio,Auto,2022-01,12,42.5585049806466
Loss Incurred,month,cumulative,Synthetic,Portfolio,Auto,2022-01,12,356494.02938980225
Exposure,month,cumulative,Synthetic,Portfolio,Auto,2022-01,12,10955.337353796733
Earned Premium,month,cumulative,Synthetic,Portfolio,Auto,2022-01,12,817266.123201173
Claims Reported,month,cumulative,Synthetic,Portfolio,Auto,2022-01,13,43.520027449374346
Loss Incurred,month,cumulative,Synthetic,Portfolio,Auto,2022-01,13,381160.396061257
Exposure,month,cumulative,Synthetic,Portfolio,Auto,2022-01,13,10910.726053458482
Earned Premium,month,cumulative,Synthetic,Portfolio,Auto,2022-01,13,814593.4137872859
Claims Reported,month,cumulative,Synthetic,Portfolio,Auto,2022-01,14,44.22411910293517
Loss Incurred,month,cumulative,Synthetic,Portfolio,Auto,2022-01,14,402869.594762749
Exposure,month,cumulative,Synthetic,Portfolio,Auto,2022-01,14,10868.991214201335
Earned Premium,month,cumulative,Synthetic,Portfolio,Auto,2022-01,14,812086.580169392
Claims Reported,month,cumulative,Synthetic,Portfolio,Auto,2022-01,15,44.73412585058518
Loss Incurred,month,cumulative,Synthetic,Portfolio,Auto,2022-01,15,421569.1476890279
Exposure,month,cumulative,Synthetic,Portfolio,Auto,2022-01,15,10829.947366687064
Earned Premium,month,cumulative,Synthetic,Portfolio,Auto,2022-01,15,809735.3276332389
Claims Reported,month,cumulative,Synthetic,Portfolio,Auto,2022-01,16,45.10064478330178
Loss Incurred,month,cumulative,Synthetic,Portfolio,Auto,2022-01,16,437379.87722736946
Exposure,month,cumulative,Synthetic,Portfolio,Auto,2022-01,16,10793.421000326218
Earned Premium,month,cumulative,Synthetic,Portfolio,Auto,2022-01,16,807530.0003832352
Claims Reported,month,cumulative,Synthetic,Portfolio,Auto,2022-01,17,45.36255467078544
Loss Incurred,month,cumulative,Synthetic,Portfolio,Auto,2022-01,17,450539.4657260005
Exposure,month,cumulative,Synthetic,Portfolio,Auto,2022-01,17,10759.249792198249
Earned Premium,month,cumulative,Synthetic,Portfolio,Auto,2022-01,17,805461.5418893781
Claims Reported,month,cumulative,Synthetic,Portfolio,Auto,2022-01,18,45.54895405925646
Loss Incurred,month,cumulative,Synthetic,Portfolio,Auto,2022-01,18,461349.82813067746
Exposure,month,cumulative,Synthetic,Portfolio,Auto,2022-01,18,10727.281885689581
Earned Premium,month,cumulative,Synthetic,Portfolio,Auto,2022-01,18,803521.4576951606
Claims Reported,month,cumulative,Synthetic,Portfolio,Auto,2022-01,19,45.68123025661947
Loss Incurred,month,cumulative,Synthetic,Portfolio,Auto,2022-01,19,470135.1260574244
Exposure,month,cumulative,Synthetic,Portfolio,Auto,2022-01,19,10697.375215643855
Earned Premium,month,cumulative,Synthetic,Portfolio,Auto,2022-01,19,801701.7805337232
Claims Reported,month,cumulative,Synthetic,Portfolio,Auto,2022-01,20,45.77490611606786
Loss Incurred,month,cumulative,Synthetic,Portfolio,Auto,2022-01,20,477212.3706203584
Exposure,month,cumulative,Synthetic,Portfolio,Auto,2022-01,20,10669.396877025361
Earned Premium,month,cumulative,Synthetic,Portfolio,Auto,2022-01,20,799995.0376089958
Claims Reported,month,cumulative,Synthetic,Portfolio,Auto,2022-01,21,45.8411494718801
Loss Incurred,month,cumulative,Synthetic,Portfolio,Auto,2022-01,21,482873.47591565276
Exposure,month,cumulative,Synthetic,Portfolio,Auto,2022-01,21,10643.222534289967
Earned Premium,month,cumulative,Synthetic,Portfolio,Auto,2022-01,21,798394.2199074609
Claims Reported,month,cumulative,Synthetic,Portfolio,Auto,2022-01,22,45.88794565261042
Loss Incurred,month,cumulative,Synthetic,Portfolio,Auto,2022-01,22,487376.2512898114
Exposure,month,cumulative,Synthetic,Portfolio,Auto,2022-01,22,10618.735868838827
Earned Premium,month,cumulative,Synthetic,Portfolio,Auto,2022-01,22,796892.753414517
Claims Reported,month,cumulative,Synthetic,Portfolio,Auto,2022-01,23,45.920979791288715
Loss Incurred,month,cumulative,Synthetic,Portfolio,Auto,2022-01,23,490941.6093648404
Exposure,month,cumulative,Synthetic,Portfolio,Auto,2022-01,23,10595.828062099314
Earned Premium,month,cumulative,Synthetic,Portfolio,Auto,2022-01,23,795484.4721172329
Claims Reported,month,cumulative,Synthetic,Portfolio,Auto,2022-01,24,45.94428713717035
Loss Incurred,month,cumulative,Synthetic,Portfolio,Auto,2022-01,24,493754.6523621225
Exposure,month,cumulative,Synthetic,Portfolio,Auto,2022-01,24,10574.397311936053
Earned Premium,month,cumulative,Synthetic,Portfolio,Auto,2022-01,24,794163.5926826263
Claims Reported,month,cumulative,Synthetic,Portfolio,Auto,2022-01,25,45.96072576202952
Loss Incurred,month,cumulative,Synthetic,Portfolio,Auto,2022-01,25,495967.88191767025
Exposure,month,cumulative,Synthetic,Portfolio,Auto,2022-01,25,10554.348380242907
Earned Premium,month,cumulative,Synthetic,Portfolio,Auto,2022-01,25,792924.6907074801
Claims Reported,month,cumulative,Synthetic,Portfolio,Auto,2022-01,26,45.97231693243515
Loss Incurred,month,cumulative,Synthetic,Portfolio,Auto,2022-01,26,497705.33841296495
Exposure,month,cumulative,Synthetic,Portfolio,Auto,2022-01,26,10535.59216970552
Earned Premium,month,cumulative,Synthetic,Portfolio,Auto,2022-01,26,791762.6784421608
Claims Reported,month,cumulative,Synthetic,Portfolio,Auto,2022-01,27,45.980488604426654
Loss Incurred,month,cumulative,Synthetic,Portfolio,Auto,2022-01,27,499066.925909469
Exposure,month,cumulative,Synthetic,Portfolio,Auto,2022-01,27,10518.045327853433
Earned Premium,month,cumulative,Synthetic,Portfolio,Auto,2022-01,27,790672.7838969581
Claims Reported,month,cumulative,Synthetic,Portfolio,Auto,2022-01,28,45.986248829457786
Loss Incurred,month,cumulative,Synthetic,Portfolio,Auto,2022-01,28,500132.50260675896
Exposure,month,cumulative,Synthetic,Portfolio,Auto,2022-01,28,10501.62987664231
Earned Premium,month,cumulative,Synthetic,Portfolio,Auto,2022-01,28,789650.5312451445
Claims Reported,month,cumulative,Synthetic,Portfolio,Auto,2022-01,29,45.990308858364294
Loss Incurred,month,cumulative,Synthetic,Portfolio,Auto,2022-01,29,500965.5316640119
Exposure,month,cumulative,Synthetic,Portfolio,Auto,2022-01,29,10486.272865920018
Earned Premium,month,cumulative,Synthetic,Portfolio,Auto,2022-01,29,788691.722442275
Claims Reported,month,cumulative,Synthetic,Portfolio,Auto,2022-01,30,45.99317034300353
Loss Incurred,month,cumulative,Synthetic,Portfolio,Auto,2022-01,30,501616.219999997
Exposure,month,cumulative,Synthetic,Portfolio,Auto,2022-01,30,10471.906049236679
Earned Premium,month,cumulative,Synthetic,Portfolio,Auto,2022-01,30,787792.4199862441
Claims Reported,month,cumulative,Synthetic,Portfolio,Auto,2022-01,31,45.99518701103127
Loss Incurred,month,cumulative,Synthetic,Portfolio,Auto,2022-01,31,502124.14859589236
Exposure,month,cumulative,Synthetic,Portfolio,Auto,2022-01,31,10458.465580557893
Earned Premium,month,cumulative,Synthetic,Portfolio,Auto,2022-01,31,786948.930747302
Claims Reported,month,cumulative,Synthetic,Portfolio,Auto,2022-01,32,45.99660823919733
Loss Incurred,month,cumulative,Synthetic,Portfolio,Auto,2022-01,32,502520.4368506769
Exposure,month,cumulative,Synthetic,Portfolio,Auto,2022-01,32,10445.891730533422
Earned Premium,month,cumulative,Synthetic,Portfolio,Auto,2022-01,32,786157.7908016256
Claims Reported,month,cumulative,Synthetic,Portfolio,Auto,2022-01,33,45.99760981451407
Loss Incurred,month,cumulative,Synthetic,Portfolio,Auto,2022-01,33,502829.49999665224
Exposure,month,cumulative,Synthetic,Portfolio,Auto,2022-01,33,10434.12862106035
Earned Premium,month,cumulative,Synthetic,Portfolio,Auto,2022-01,33,785415.751206159
Claims Reported,month,cumulative,Synthetic,Portfolio,Auto,2022-01,34,45.99831563891004
Loss Incurred,month,cumulative,Synthetic,Portfolio,Auto,2022-01,34,503070.46206934727
Exposure,month,cumulative,Synthetic,Portfolio,Auto,2022-01,34,10423.123976961198
Earned Premium,month,cumulative,Synthetic,Portfolio,Auto,2022-01,34,784719.7646563087
Claims Reported,month,cumulative,Synthetic,Portfolio,Auto,2022-01,35,45.998813037966144
Loss Incurred,month,cumulative,Synthetic,Portfolio,Auto,2022-01,35,503258.28354694805
Exposure,month,cumulative,Synthetic,Portfolio,Auto,2022-01,35,10412.828893673379
Earned Premium,month,cumulative,Synthetic,Portfolio,Auto,2022-01,35,784066.9729716978
Claims Reported,month,cumulative,Synthetic,Portfolio,Auto,2022-01,36,45.99916355561802
Loss Incurred,month,cumulative,Synthetic,Portfolio,Auto,2022-01,36,503404.6562329005
Exposure,month,cumulative,Synthetic,Portfolio,Auto,2022-01,36,10403.197619917666
Earned Premium,month,cumulative,Synthetic,Portfolio,Auto,2022-01,36,783454.6953585906
Claims Reported,month,cumulative,Synthetic,Portfolio,Auto,2022-01,37,45.99941056444114
Loss Incurred,month,cumulative,Synthetic,Portfolio,Auto,2022-01,37,503518.71038572537
Exposure,month,cumulative,Synthetic,Portfolio,Auto,2022-01,37,10394.187354379817
Earned Premium,month,cumulative,Synthetic,Portfolio,Auto,2022-01,37,782880.4174007828
Claims Reported,month,cumulative,Synthetic,Portfolio,Auto,2022-01,38,45.99958463021022
Loss Incurred,month,cumulative,Synthetic,Portfolio,Auto,2022-01,38,503607.57165356766
Exposure,month,cumulative,Synthetic,Portfolio,Auto,2022-01,38,10385.75805550184
Earned Premium,month,cumulative,Synthetic,Portfolio,Auto,2022-01,38,782341.7807337482
Claims Reported,month,cumulative,Synthetic,Portfolio,Auto,2022-01,39,45.99970729307578
Loss Incurred,month,cumulative,Synthetic,Portfolio,Auto,2022-01,39,503676.79860669986
Exposure,month,cumulative,Synthetic,Portfolio,Auto,2022-01,39,10377.872263537573
Earned Premium,month,cumulative,Synthetic,Portfolio,Auto,2022-01,39,781836.5733596368
Claims Reported,month,cumulative,Synthetic,Portfolio,Auto,2022-01,40,45.99979373252912
Loss Incurred,month,cumulative,Synthetic,Portfolio,Auto,2022-01,40,503730.725796348
Exposure,month,cumulative,Synthetic,Portfolio,Auto,2022-01,40,10370.49493408184
Earned Premium,month,cumulative,Synthetic,Portfolio,Auto,2022-01,40,781362.720563351
Claims Reported,month,cumulative,Synthetic,Portfolio,Auto,2022-01,41,45.9998546455775
Loss Incurred,month,cumulative,Synthetic,Portfolio,Auto,2022-01,41,503772.73233320337
Exposure,month,cumulative,Synthetic,Portfolio,Auto,2022-01,41,10363.593282333346
Earned Premium,month,cumulative,Synthetic,Portfolio,Auto,2022-01,41,780918.2763923944
Claims Reported,month,cumulative,Synthetic,Portfolio,Auto,2022-01,42,45.999897570374095
Loss Incurred,month,cumulative,Synthetic,Portfolio,Auto,2022-01,42,503805.4519100779
Exposure,month,cumulative,Synthetic,Portfolio,Auto,2022-01,42,10357.136637399253
Earned Premium,month,cumulative,Synthetic,Portfolio,Auto,2022-01,42,780501.4156655075
Claims Reported,month,cumulative,Synthetic,Portfolio,Auto,2022-01,43,45.99992781901513
Loss Incurred,month,cumulative,Synthetic,Portfolio,Auto,2022-01,43,503830.9368862952
Exposure,month,cumulative,Synthetic,Portfolio,Auto,2022-01,43,10351.096305993944
Earned Premium,month,cumulative,Synthetic,Portfolio,Auto,2022-01,43,780110.4264772666
Claims Reported,month,cumulative,Synthetic,Portfolio,Auto,2022-01,44,45.99994913489608
Loss Incurred,month,cumulative,Synthetic,Portfolio,Auto,2022-01,44,503850.7863917091
Exposure,month,cumulative,Synthetic,Portfolio,Auto,2022-01,44,10345.445444926254
Earned Premium,month,cumulative,Synthetic,Portfolio,Auto,2022-01,44,779743.7031678702
Claims Reported,month,cumulative,Synthetic,Portfolio,Auto,2022-01,45,45.99996415595538
Loss Incurred,month,cumulative,Synthetic,Portfolio,Auto,2022-01,45,503866.2462854509
Exposure,month,cumulative,Synthetic,Portfolio,Auto,2022-01,45,10340.158941808515
Earned Premium,month,cumulative,Synthetic,Portfolio,Auto,2022-01,45,779399.73972924
Claims Reported,month,cumulative,Synthetic,Portfolio,Auto,2022-01,46,45.999974741122855
Loss Incurred,month,cumulative,Synthetic,Portfolio,Auto,2022-01,46,503878.2871199692
Exposure,month,cumulative,Synthetic,Portfolio,Auto,2022-01,46,10335.213303457282
Earned Premium,month,cumulative,Synthetic,Portfolio,Auto,2022-01,46,779077.1236203563
Claims Reported,month,cumulative,Synthetic,Portfolio,Auto,2022-01,47,45.999982200367235
Loss Incurred,month,cumulative,Synthetic,Portfolio,Auto,2022-01,47,503887.6649299416
Exposure,month,cumulative,Synthetic,Portfolio,Auto,2022-01,47,10330.586551489781
Earned Premium,month,cumulative,Synthetic,Portfolio,Auto,2022-01,47,778774.5299664331
Claims Reported,month,cumulative,Synthetic,Portfolio,Auto,2022-02,0,9.099490544017169
Loss Incurred,month,cumulative,Synthetic,Portfolio,Auto,2022-02,0,48516.15738900723
Exposure,month,cumulative,Synthetic,Portfolio,Auto,2022-02,0,11645.796145886741
Earned Premium,month,cumulative,Synthetic,Portfolio,Auto,2022-02,0,881783.3572962754
Claims Reported,month,cumulative,Synthetic,Portfolio,Auto,2022-02,1,11.860946154759477
Loss Incurred,month,cumulative,Synthetic,Portfolio,Auto,2022-02,1,60358.848292676834
Exposure,month,cumulative,Synthetic,Portfolio,Auto,2022-02,1,11546.840257572838
Earned Premium,month,cumulative,Synthetic,Portfolio,Auto,2022-02,1,876241.274449128
Claims Reported,month,cumulative,Synthetic,Portfolio,Auto,2022-02,2,15.08746489983305
Loss Incurred,month,cumulative,Synthetic,Portfolio,Auto,2022-02,2,74526.6301689926
Exposure,month,cumulative,Synthetic,Portfolio,Auto,2022-02,2,11454.330820187506
Earned Premium,month,cumulative,Synthetic,Portfolio,Auto,2022-02,2,871024.294548887
Claims Reported,month,cumulative,Synthetic,Portfolio,Auto,2022-02,3,18.66556952386349
Loss Incurred,month,cumulative,Synthetic,Portfolio,Auto,2022-02,3,91198.06226243849
Exposure,month,cumulative,Synthetic,Portfolio,Auto,2022-02,3,11367.847881666423
Earned Premium,month,cumulative,Synthetic,Portfolio,Auto,2022-02,3,866113.3468005097
Claims Reported,month,cumulative,Synthetic,Portfolio,Auto,2022-02,4,22.410929479434927
Loss Incurred,month,cumulative,Synthetic,Portfolio,Auto,2022-02,4,110438.14343903108
Exposure,month,cumulative,Synthetic,Portfolio,Auto,2022-02,4,11286.998847593415
Earned Premium,month,cumulative,Synthetic,Portfolio,Auto,2022-02,4,861490.4791168183
Claims Reported,month,cumulative,Synthetic,Portfolio,Auto,2022-02,5,26.101709889854
Loss Incurred,month,cumulative,Synthetic,Portfolio,Auto,2022-02,5,132151.069357891
Exposure,month,cumulative,Synthetic,Portfolio,Auto,2022-02,5,11211.41669899488
Earned Premium,month,cumulative,Synthetic,Portfolio,Auto,2022-02,5,857138.7924942147
Claims Reported,month,cumulative,Synthetic,Portfolio,Auto,2022-02,6,29.52858168105616
Loss Incurred,month,cumulative,Synthetic,Portfolio,Auto,2022-02,6,156044.21340108887
Exposure,month,cumulative,Synthetic,Portfolio,Auto,2022-02,6,11140.758326235444
Earned Premium,month,cumulative,Synthetic,Portfolio,Auto,2022-02,6,853042.3792379684
Claims Reported,month,cumulative,Synthetic,Portfolio,Auto,2022-02,7,32.53902431619883
Loss Incurred,month,cumulative,Synthetic,Portfolio,Auto,2022-02,7,181617.51004173598
Exposure,month,cumulative,Synthetic,Portfolio,Auto,2022-02,7,11074.70297145147
Earned Premium,month,cumulative,Synthetic,Portfolio,Auto,2022-02,7,849186.2648112563
Claims Reported,month,cumulative,Synthetic,Portfolio,Auto,2022-02,8,35.057674200015704
Loss Incurred,month,cumulative,Synthetic,Portfolio,Auto,2022-02,8,208189.5119252063
Exposure,month,cumulative,Synthetic,Portfolio,Auto,2022-02,8,11012.950772451752
Earned Premium,month,cumulative,Synthetic,Portfolio,Auto,2022-02,8,845556.3530953857
Claims Reported,month,cumulative,Synthetic,Portfolio,Auto,2022-02,9,37.08024040671469
Loss Incurred,month,cumulative,Synthetic,Portfolio,Auto,2022-02,9,234962.12754857534
Exposure,month,cumulative,Synthetic,Portfolio,Auto,2022-02,9,10955.221401475368
Earned Premium,month,cumulative,Synthetic,Portfolio,Auto,2022-02,9,842139.3748610936
Claims Reported,month,cumulative,Synthetic,Portfolio,Auto,2022-02,10,38.65163195450793
Loss Incurred,month,cumulative,Synthetic,Portfolio,Auto,2022-02,10,261113.0433197955
Exposure,month,cumulative,Synthetic,Portfolio,Auto,2022-02,10,10901.252792627218
Earned Premium,month,cumulative,Synthetic,Portfolio,Auto,2022-02,10,838922.8392625616
Claims Reported,month,cumulative,Synthetic,Portfolio,Auto,2022-02,11,39.84143132629043
Loss Incurred,month,cumulative,Synthetic,Portfolio,Auto,2022-02,11,285894.1491870426
Exposure,month,cumulative,Synthetic,Portfolio,Auto,2022-02,11,10850.799952214385
Earned Premium,month,cumulative,Synthetic,Portfolio,Auto,2022-02,11,835894.9881768299
Claims Reported,month,cumulative,Synthetic,Portfolio,Auto,2022-02,12,40.72484116189709
Loss Incurred,month,cumulative,Synthetic,Portfolio,Auto,2022-02,12,308711.84517688287
Exposure,month,cumulative,Synthetic,Portfolio,Auto,2022-02,12,10803.633846582781
Earned Premium,month,cumulative,Synthetic,Portfolio,Auto,2022-02,12,833044.7532216962
Claims Reported,month,cumulative,Synthetic,Portfolio,Auto,2022-02,13,41.3712735677628
Loss Incurred,month,cumulative,Synthetic,Portfolio,Auto,2022-02,13,329172.34520361864
Exposure,month,cumulative,Synthetic,Portfolio,Auto,2022-02,13,10759.540362405307
Earned Premium,month,cumulative,Synthetic,Portfolio,Auto,2022-02,13,830361.7152949807
Claims Reported,month,cumulative,Synthetic,Portfolio,Auto,2022-02,14,41.83927240635167
Loss Incurred,month,cumulative,Synthetic,Portfolio,Auto,2022-02,14,347087.8365461146
Exposure,month,cumulative,Synthetic,Portfolio,Auto,2022-02,14,10718.319334701755
Earned Premium,month,cumulative,Synthetic,Portfolio,Auto,2022-02,14,827836.0664872469
Claims Reported,month,cumulative,Synthetic,Portfolio,Auto,2022-02,15,42.17547635727126
Loss Incurred,month,cumulative,Synthetic,Portfolio,Auto,2022-02,15,362451.0152360732
Exposure,month,cumulative,Synthetic,Portfolio,Auto,2022-02,15,10679.783638178025
Earned Premium,month,cumulative,Synthetic,Portfolio,Auto,2022-02,15,825458.5742287547
Claims Reported,month,cumulative,Synthetic,Portfolio,Auto,2022-02,16,42.41565912263655
Loss Incurred,month,cumulative,Synthetic,Portfolio,Auto,2022-02,16,375391.56036059634
Exposure,month,cumulative,Synthetic,Portfolio,Auto,2022-02,16,10643.758337759784
Earned Premium,month,cumulative,Synthetic,Portfolio,Auto,2022-02,16,823220.5475395804
Claims Reported,month,cumulative,Synthetic,Portfolio,Auto,2022-02,17,42.586562783098955
Loss Incurred,month,cumulative,Synthetic,Portfolio,Auto,2022-02,17,386128.0162538113
Exposure,month,cumulative,Synthetic,Portfolio,Auto,2022-02,17,10610.079894464352
Earned Premium,month,cumulative,Synthetic,Portfolio,Auto,2022-02,17,821113.8052595302
Claims Reported,month,cumulative,Synthetic,Portfolio,Auto,2022-02,18,42.7078261275099
Loss Incurred,month,cumulative,Synthetic,Portfolio,Auto,2022-02,18,394924.6614161401
Exposure,month,cumulative,Synthetic,Portfolio,Auto,2022-02,18,10578.595423005807
Earned Premium,month,cumulative,Synthetic,Portfolio,Auto,2022-02,18,819130.6461417148
Claims Reported,month,cumulative,Synthetic,Portfolio,Auto,2022-02,19,42.79369458608544
Loss Incurred,month,cumulative,Synthetic,Portfolio,Auto,2022-02,19,402058.13392932876
Exposure,month,cumulative,Synthetic,Portfolio,Auto,2022-02,19,10549.161997763184
Earned Premium,month,cumulative,Synthetic,Portfolio,Auto,2022-02,19,817263.8207004551
Claims Reported,month,cumulative,Synthetic,Portfolio,Auto,2022-02,20,42.85441275703724
Loss Incurred,month,cumulative,Synthetic,Portfolio,Auto,2022-02,20,407794.7360972835
Exposure,month,cumulative,Synthetic,Portfolio,Auto,2022-02,20,10521.64600396117
Earned Premium,month,cumulative,Synthetic,Portfolio,Auto,2022-02,20,815506.5047106151
Claims Reported,month,cumulative,Synthetic,Portfolio,Auto,2022-02,21,42.8973037227651
Loss Incurred,month,cumulative,Synthetic,Portfolio,Auto,2022-02,21,412377.07038686454
Exposure,month,cumulative,Synthetic,Portfolio,Auto,2022-02,21,10495.922531117918
Earned Premium,month,cumulative,Synthetic,Portfolio,Auto,2022-02,21,813852.2742614824
Claims Reported,month,cumulative,Synthetic,Portfolio,Auto,2022-02,22,42.927580079589404
Loss Incurred,month,cumulative,Synthetic,Portfolio,Auto,2022-02,22,416017.7578781706
Exposure,month,cumulative,Synthetic,Portfolio,Auto,2022-02,22,10471.874806006526
Earned Premium,month,cumulative,Synthetic,Portfolio,Auto,2022-02,22,812295.082274009
Claims Reported,month,cumulative,Synthetic,Portfolio,Auto,2022-02,23,42.94894115001641
Loss Incurred,month,cumulative,Synthetic,Portfolio,Auto,2022-02,23,418897.9636833086
Exposure,month,cumulative,Synthetic,Portfolio,Auto,2022-02,23,10449.393662556075
Earned Premium,month,cumulative,Synthetic,Portfolio,Auto,2022-02,23,810829.2363955687
Claims Reported,month,cumulative,Synthetic,Portfolio,Auto,2022-02,24,42.96400681524991
Loss Incurred,month,cumulative,Synthetic,Portfolio,Auto,2022-02,24,421168.8441188211
Exposure,month,cumulative,Synthetic,Portfolio,Auto,2022-02,24,10428.377046285772
Earned Premium,month,cumulative,Synthetic,Portfolio,Auto,2022-02,24,809449.3781914262
Claims Reported,month,cumulative,Synthetic,Portfolio,Auto,2022-02,25,42.97462976009873
Loss Incurred,month,cumulative,Synthetic,Portfolio,Auto,2022-02,25,422954.5341910353
Exposure,month,cumulative,Synthetic,Portfolio,Auto,2022-02,25,10408.729551022614
Earned Premium,month,cumulative,Synthetic,Portfolio,Auto,2022-02,25,808150.4635568499
Claims Reported,month,cumulative,Synthetic,Portfolio,Auto,2022-02,26,42.98211877856159
Loss Incurred,month,cumulative,Synthetic,Portfolio,Auto,2022-02,26,424355.75417419587
Exposure,month,cumulative,Synthetic,Portfolio,Auto,2022-02,26,10390.361985799409
Earned Premium,month,cumulative,Synthetic,Portfolio,Auto,2022-02,26,806927.7442782664
Claims Reported,month,cumulative,Synthetic,Portfolio,Auto,2022-02,27,42.98739776862838
Loss Incurred,month,cumulative,Synthetic,Portfolio,Auto,2022-02,27,425453.47294299846
Exposure,month,cumulative,Synthetic,Portfolio,Auto,2022-02,27,10373.190969967114
Earned Premium,month,cumulative,Synthetic,Portfolio,Auto,2022-02,27,805776.7506760524
Claims Reported,month,cumulative,Synthetic,Portfolio,Auto,2022-02,28,42.99111858897501
Loss Incurred,month,cumulative,Synthetic,Portfolio,Auto,2022-02,28,426312.3188617411
Exposure,month,cumulative,Synthetic,Portfolio,Auto,2022-02,28,10357.138554683432
Earned Premium,month,cumulative,Synthetic,Portfolio,Auto,2022-02,28,804693.2752655129
Claims Reported,month,cumulative,Synthetic,Portfolio,Auto,2022-02,29,42.993740993662485
Loss Incurred,month,cumulative,Synthetic,Portfolio,Auto,2022-02,29,426983.59429160564
Exposure,month,cumulative,Synthetic,Portfolio,Auto,2022-02,29,10342.131869059445
Earned Premium,month,cumulative,Synthetic,Portfolio,Auto,2022-02,29,803673.3573763209
Claims Reported,month,cumulative,Synthetic,Portfolio,Auto,2022-02,30,42.99558916318024
Loss Incurred,month,cumulative,Synthetic,Portfolio,Auto,2022-02,30,427507.85021064174
Exposure,month,cumulative,Synthetic,Portfolio,Auto,2022-02,30,10328.102789357894
Earned Premium,month,cumulative,Synthetic,Portfolio,Auto,2022-02,30,802713.2686741917
Claims Reported,month,cumulative,Synthetic,Portfolio,Auto,2022-02,31,42.99689164166782
Loss Incurred,month,cumulative,Synthetic,Portfolio,Auto,2022-02,31,427917.0337058133
Exposure,month,cumulative,Synthetic,Portfolio,Auto,2022-02,31,10314.987629741445
Earned Premium,month,cumulative,Synthetic,Portfolio,Auto,2022-02,31,801809.4995318673
Claims Reported,month,cumulative,Synthetic,Portfolio,Auto,2022-02,32,42.997809530144046
Loss Incurred,month,cumulative,Synthetic,Portfolio,Auto,2022-02,32,428236.2490945591
Exposure,month,cumulative,Synthetic,Portfolio,Auto,2022-02,32,10302.72685316706
Earned Premium,month,cumulative,Synthetic,Portfolio,Auto,2022-02,32,800958.7461995905
Claims Reported,month,cumulative,Synthetic,Portfolio,Auto,2022-02,33,42.99845637876012
Loss Incurred,month,cumulative,Synthetic,Portfolio,Auto,2022-02,33,428485.1843654289
Exposure,month,cumulative,Synthetic,Portfolio,Auto,2022-02,33,10291.264801114072
Earned Premium,month,cumulative,Synthetic,Portfolio,Auto,2022-02,33,800157.8987281682
Claims Reported,month,cumulative,Synthetic,Portfolio,Auto,2022-02,34,42.99891221696546
Loss Incurred,month,cumulative,Synthetic,Portfolio,Auto,2022-02,34,428679.25590722536
Exposure,month,cumulative,Synthetic,Portfolio,Auto,2022-02,34,10280.549440919036
Earned Premium,month,cumulative,Synthetic,Portfolio,Auto,2022-02,34,799404.0296004774
Claims Reported,month,cumulative,Synthetic,Portfolio,Auto,2022-02,35,42.999233446524755
Loss Incurred,month,cumulative,Synthetic,Portfolio,Auto,2022-02,35,428830.5207892777
Exposure,month,cumulative,Synthetic,Portfolio,Auto,2022-02,35,10270.53212957037
Earned Premium,month,cumulative,Synthetic,Portfolio,Auto,2022-02,35,798694.3830298566
Claims Reported,month,cumulative,Synthetic,Portfolio,Auto,2022-02,36,42.999459816052074
Loss Incurred,month,cumulative,Synthetic,Portfolio,Auto,2022-02,36,428948.3999612622
Exposure,month,cumulative,Synthetic,Portfolio,Auto,2022-02,36,10261.167392890538
Earned Premium,month,cumulative,Synthetic,Portfolio,Auto,2022-02,36,798026.3648862612
Claims Reported,month,cumulative,Synthetic,Portfolio,Auto,2022-02,37,42.99961933739344
Loss Incurred,month,cumulative,Synthetic,Portfolio,Auto,2022-02,37,429040.24925155356
Exposure,month,cumulative,Synthetic,Portfolio,Auto,2022-02,37,10252.412719103315
Earned Premium,month,cumulative,Synthetic,Portfolio,Auto,2022-02,37,797397.533213359
Claims Reported,month,cumulative,Synthetic,Portfolio,Auto,2022-02,38,42.99973175089368
Loss Incurred,month,cumulative,Synthetic,Portfolio,Auto,2022-02,38,429111.80880114436
Exposure,month,cumulative,Synthetic,Portfolio,Auto,2022-02,38,10244.228365849076
Earned Premium,month,cumulative,Synthetic,Portfolio,Auto,2022-02,38,796805.5893019007
Claims Reported,month,cumulative,Synthetic,Portfolio,Auto,2022-02,39,42.99981096770146
Loss Incurred,month,cumulative,Synthetic,Portfolio,Auto,2022-02,39,429167.55597104185
Exposure,month,cumulative,Synthetic,Portfolio,Auto,2022-02,39,10236.577179771995
Earned Premium,month,cumulative,Synthetic,Portfolio,Auto,2022-02,39,796248.3692867332
Claims Reported,month,cumulative,Synthetic,Portfolio,Auto,2022-02,40,42.99986679101771
Loss Incurred,month,cumulative,Synthetic,Portfolio,Auto,2022-02,40,429210.9819445824
Exposure,month,cumulative,Synthetic,Portfolio,Auto,2022-02,40,10229.424427860195
Earned Premium,month,cumulative,Synthetic,Portfolio,Auto,2022-02,40,795723.8362367379
Claims Reported,month,cumulative,Synthetic,Portfolio,Auto,2022-02,41,42.999906129130856
Loss Incurred,month,cumulative,Synthetic,Portfolio,Auto,2022-02,41,429244.8082145784
Exposure,month,cumulative,Synthetic,Portfolio,Auto,2022-02,41,10222.737639773179
Earned Premium,month,cumulative,Synthetic,Portfolio,Auto,2022-02,41,795230.0727087808
Claims Reported,month,cumulative,Synthetic,Portfolio,Auto,2022-02,42,42.9999338502739
Loss Incurred,month,cumulative,Synthetic,Portfolio,Auto,2022-02,42,429271.1558334666
Exposure,month,cumulative,Synthetic,Portfolio,Auto,2022-02,42,10216.486460440801
Earned Premium,month,cumulative,Synthetic,Portfolio,Auto,2022-02,42,794765.2737384533
Claims Reported,month,cumulative,Synthetic,Portfolio,Auto,2022-02,43,42.9999533850547
Loss Incurred,month,cumulative,Synthetic,Portfolio,Auto,2022-02,43,429291.67762022594
Exposure,month,cumulative,Synthetic,Portfolio,Auto,2022-02,43,10210.642512264636
Earned Premium,month,cumulative,Synthetic,Portfolio,Auto,2022-02,43,794327.740241981
Claims Reported,month,cumulative,Synthetic,Portfolio,Auto,2022-02,44,42.99996715099274
Loss Incurred,month,cumulative,Synthetic,Portfolio,Auto,2022-02,44,429307.6613629775
Exposure,month,cumulative,Synthetic,Portfolio,Auto,2022-02,44,10205.179266296176
Earned Premium,month,cumulative,Synthetic,Portfolio,Auto,2022-02,44,793915.8728051827
Claims Reported,month,cumulative,Synthetic,Portfolio,Auto,2022-02,45,42.9999768516906
Loss Incurred,month,cumulative,Synthetic,Portfolio,Auto,2022-02,45,429320.1103388111
Exposure,month,cumulative,Synthetic,Portfolio,Auto,2022-02,45,10200.071921807119
Earned Premium,month,cumulative,Synthetic,Portfolio,Auto,2022-02,45,793528.1658367736
Claims Reported,month,cumulative,Synthetic,Portfolio,Auto,2022-02,46,42.99998368765947
Loss Incurred,month,cumulative,Synthetic,Portfolio,Auto,2022-02,46,429329.80611104483
Exposure,month,cumulative,Synthetic,Portfolio,Auto,2022-02,46,10195.29729370498
Earned Premium,month,cumulative,Synthetic,Portfolio,Auto,2022-02,46,793163.2020646395
Claims Reported,month,cumulative,Synthetic,Portfolio,Auto,2022-03,0,9.528895990020754
Loss Incurred,month,cumulative,Synthetic,Portfolio,Auto,2022-03,0,48252.367434136475
Exposure,month,cumulative,Synthetic,Portfolio,Auto,2022-03,0,13004.687498041449
Earned Premium,month,cumulative,Synthetic,Portfolio,Auto,2022-03,0,1004374.9166402117
Claims Reported,month,cumulative,Synthetic,Portfolio,Auto,2022-03,1,12.522071557135494
Loss Incurred,month,cumulative,Synthetic,Portfolio,Auto,2022-03,1,60345.41858866873
Exposure,month,cumulative,Synthetic,Portfolio,Auto,2022-03,1,12868.459196496728
Earned Premium,month,cumulative,Synthetic,Portfolio,Auto,2022-03,1,997246.0465639206
Claims Reported,month,cumulative,Synthetic,Portfolio,Auto,2022-03,2,16.081845521026718
Loss Incurred,month,cumulative,Synthetic,Portfolio,Auto,2022-03,2,74980.36738426283
Exposure,month,cumulative,Synthetic,Portfolio,Auto,2022-03,2,12743.171500107512
Earned Premium,month,cumulative,Synthetic,Portfolio,Auto,2022-03,2,990589.4377439372
Claims Reported,month,cumulative,Synthetic,Portfolio,Auto,2022-03,3,20.110569827841097
Loss Incurred,month,cumulative,Synthetic,Portfolio,Auto,2022-03,3,92439.90674087022
Exposure,month,cumulative,Synthetic,Portfolio,Auto,2022-03,3,12627.94576001882
Earned Premium,month,cumulative,Synthetic,Portfolio,Auto,2022-03,3,984373.8046200225
Claims Reported,month,cumulative,Synthetic,Portfolio,Auto,2022-03,4,24.42186093163377
Loss Incurred,month,cumulative,Synthetic,Portfolio,Auto,2022-03,4,112917.1508894085
Exposure,month,cumulative,Synthetic,Portfolio,Auto,2022-03,4,12521.973892376356
Earned Premium,month,cumulative,Synthetic,Portfolio,Auto,2022-03,4,978569.9341845053
Claims Reported,month,cumulative,Synthetic,Portfolio,Auto,2022-03,5,28.76783442699123
Loss Incurred,month,cumulative,Synthetic,Portfolio,Auto,2022-03,5,136459.0001172005
Exposure,month,cumulative,Synthetic,Portfolio,Auto,2022-03,5,12424.512711194204
Earned Premium,month,cumulative,Synthetic,Portfolio,Auto,2022-03,5,973150.5486833454
Claims Reported,month,cumulative,Synthetic,Portfolio,Auto,2022-03,6,32.89264543243782
Loss Incurred,month,cumulative,Synthetic,Portfolio,Auto,2022-03,6,162910.9228756951
Exposure,month,cumulative,Synthetic,Portfolio,Auto,2022-03,6,12334.878716354482
Earned Premium,month,cumulative,Synthetic,Portfolio,Auto,2022-03,6,968090.1774127444
Claims Reported,month,cumulative,Synthetic,Portfolio,Auto,2022-03,7,36.58966972853578
Loss Incurred,month,cumulative,Synthetic,Portfolio,Auto,2022-03,7,191878.15303801012
Exposure,month,cumulative,Synthetic,Portfolio,Auto,2022-03,7,12252.443300186975
Earned Premium,month,cumulative,Synthetic,Portfolio,Auto,2022-03,7,963365.0370087554
Claims Reported,month,cumulative,Synthetic,Portfolio,Auto,2022-03,8,39.73702510589901
Loss Incurred,month,cumulative,Synthetic,Portfolio,Auto,2022-03,8,222720.1636882356
Exposure,month,cumulative,Synthetic,Portfolio,Auto,2022-03,8,12176.62833901224
Earned Premium,month,cumulative,Synthetic,Portfolio,Auto,2022-03,8,958952.9196672626
Claims Reported,month,cumulative,Synthetic,Portfolio,Auto,2022-03,9,42.30113255442546
Loss Incurred,month,cumulative,Synthetic,Portfolio,Auto,2022-03,9,254590.42286802985
Exposure,month,cumulative,Synthetic,Portfolio,Auto,2022-03,9,12106.902138731444
Earned Premium,month,cumulative,Synthetic,Portfolio,Auto,2022-03,9,954833.0887689751
Claims Reported,month,cumulative,Synthetic,Portfolio,Auto,2022-03,10,44.316252146995815
Loss Incurred,month,cumulative,Synthetic,Portfolio,Auto,2022-03,10,286521.1760521193
Exposure,month,cumulative,Synthetic,Portfolio,Auto,2022-03,10,12042.775706029157
Earned Premium,month,cumulative,Synthetic,Portfolio,Auto,2022-03,10,950986.1814188767
Claims Reported,month,cumulative,Synthetic,Portfolio,Auto,2022-03,11,45.85560503131732
Loss Incurred,month,cumulative,Synthetic,Portfolio,Auto,2022-03,11,317537.35572497256
Exposure,month,cumulative,Synthetic,Portfolio,Auto,2022-03,11,11983.799319038897
Earned Premium,month,cumulative,Synthetic,Portfolio,Auto,2022-03,11,947394.1174420782
Claims Reported,month,cumulative,Synthetic,Portfolio,Auto,2022-03,12,47.00621295411774
Loss Incurred,month,cumulative,Synthetic,Portfolio,Auto,2022-03,12,346772.30638482264
Exposure,month,cumulative,Synthetic,Portfolio,Auto,2022-03,12,11929.559373421262
Earned Premium,month,cumulative,Synthetic,Portfolio,Auto,2022-03,12,944040.0144083557
Claims Reported,month,cumulative,Synthetic,Portfolio,Auto,2022-03,13,47.85233894103922
Loss Incurred,month,cumulative,Synthetic,Portfolio,Auto,2022-03,13,373557.27351734997
Exposure,month,cumulative,Synthetic,Portfolio,Auto,2022-03,13,11879.675481736103
Earned Premium,month,cumulative,Synthetic,Portfolio,Auto,2022-03,13,940908.1082860007
Claims Reported,month,cumulative,Synthetic,Portfolio,Auto,2022-03,14,48.46712492722311
Loss Incurred,month,cumulative,Synthetic,Portfolio,Auto,2022-03,14,397466.97418021405
Exposure,month,cumulative,Synthetic,Portfolio,Auto,2022-03,14,11833.797805766468
Earned Premium,month,cumulative,Synthetic,Portfolio,Auto,2022-03,14,937983.6793520574
Claims Reported,month,cumulative,Synthetic,Portfolio,Auto,2022-03,15,48.90993223709623
Loss Incurred,month,cumulative,Synthetic,Portfolio,Auto,2022-03,15,418319.13432544866
Exposure,month,cumulative,Synthetic,Portfolio,Auto,2022-03,15,11791.604603085749
Earned Premium,month,cumulative,Synthetic,Portfolio,Auto,2022-03,15,935252.9830107337
Claims Reported,month,cumulative,Synthetic,Portfolio,Auto,2022-03,16,49.2268646304613
Loss Incurred,month,cumulative,Synthetic,Portfolio,Auto,2022-03,16,436138.8665276588
Exposure,month,cumulative,Synthetic,Portfolio,Auto,2022-03,16,11752.79997066203
Earned Premium,month,cumulative,Synthetic,Portfolio,Auto,2022-03,16,932703.1851948351
Claims Reported,month,cumulative,Synthetic,Portfolio,Auto,2022-03,17,49.45268148093855
Loss Incurred,month,cumulative,Synthetic,Portfolio,Auto,2022-03,17,451104.56691404025
Exposure,month,cumulative,Synthetic,Portfolio,Auto,2022-03,17,11717.11176967538
Earned Premium,month,cumulative,Synthetic,Portfolio,Auto,2022-03,17,930322.302046616
Claims Reported,month,cumulative,Synthetic,Portfolio,Auto,2022-03,18,49.61306033968554
Loss Incurred,month,cumulative,Synthetic,Portfolio,Auto,2022-03,18,463490.81480052107
Exposure,month,cumulative,Synthetic,Portfolio,Auto,2022-03,18,11684.289716994757
Earned Premium,month,cumulative,Synthetic,Portfolio,Auto,2022-03,18,928099.1435945504
Claims Reported,month,cumulative,Synthetic,Portfolio,Auto,2022-03,19,49.726703649990014
Loss Incurred,month,cumulative,Synthetic,Portfolio,Auto,2022-03,19,473618.676038105
Exposure,month,cumulative,Synthetic,Portfolio,Auto,2022-03,19,11654.103629929943
Earned Premium,month,cumulative,Synthetic,Portfolio,Auto,2022-03,19,926023.261161308
Claims Reported,month,cumulative,Synthetic,Portfolio,Auto,2022-03,20,49.807099946918655
Loss Incurred,month,cumulative,Synthetic,Portfolio,Auto,2022-03,20,481818.1529708089
Exposure,month,cumulative,Synthetic,Portfolio,Auto,2022-03,20,11626.341811948872
Earned Premium,month,cumulative,Synthetic,Portfolio,Auto,2022-03,20,924084.8982557578
Claims Reported,month,cumulative,Synthetic,Portfolio,Auto,2022-03,21,49.86391058155359
Loss Incurred,month,cumulative,Synthetic,Portfolio,Auto,2022-03,21,488403.2511559602
Exposure,month,cumulative,Synthetic,Portfolio,Auto,2022-03,21,11600.809568039313
Earned Premium,month,cumulative,Synthetic,Portfolio,Auto,2022-03,21,922274.9447181942
Claims Reported,month,cumulative,Synthetic,Portfolio,Auto,2022-03,22,49.9040222630324
Loss Incurred,month,cumulative,Synthetic,Portfolio,Auto,2022-03,22,493657.75164443714
Exposure,month,cumulative,Synthetic,Portfolio,Auto,2022-03,22,11577.32783930304
Earned Premium,month,cumulative,Synthetic,Portfolio,Auto,2022-03,22,920584.8939032727
Claims Reported,month,cumulative,Synthetic,Portfolio,Auto,2022-03,23,49.932327270418064
Loss Incurred,month,cumulative,Synthetic,Portfolio,Auto,2022-03,23,497828.93620495684
Exposure,month,cumulative,Synthetic,Portfolio,Auto,2022-03,23,11555.73194720687
Earned Premium,month,cumulative,Synthetic,Portfolio,Auto,2022-03,23,919006.8026994169
Claims Reported,month,cumulative,Synthetic,Portfolio,Auto,2022-03,24,49.95229276530007
Loss Incurred,month,cumulative,Synthetic,Portfolio,Auto,2022-03,24,501126.6069145437
Exposure,month,cumulative,Synthetic,Portfolio,Auto,2022-03,24,11535.870438683909
Earned Premium,month,cumulative,Synthetic,Portfolio,Auto,2022-03,24,917533.2541967921
Claims Reported,month,cumulative,Synthetic,Portfolio,Auto,2022-03,25,49.96637180448706
Loss Incurred,month,cumulative,Synthetic,Portfolio,Auto,2022-03,25,503725.2537071278
Exposure,month,cumulative,Synthetic,Portfolio,Auto,2022-03,25,11517.604023985643
Earned Premium,month,cumulative,Synthetic,Portfolio,Auto,2022-03,25,916157.3228283883
Claims Reported,month,cumulative,Synthetic,Portfolio,Auto,2022-03,26,49.97629790352455
Loss Incurred,month,cumulative,Synthetic,Portfolio,Auto,2022-03,26,505767.8256887494
Exposure,month,cumulative,Synthetic,Portfolio,Auto,2022-03,26,11500.804599835992
Earned Premium,month,cumulative,Synthetic,Portfolio,Auto,2022-03,26,914872.5418203756
Claims Reported,month,cumulative,Synthetic,Portfolio,Auto,2022-03,27,49.983295076386334
Loss Incurred,month,cumulative,Synthetic,Portfolio,Auto,2022-03,27,507370.0926933738
Exposure,month,cumulative,Synthetic,Portfolio,Auto,2022-03,27,11485.35435103667
Earned Premium,month,cumulative,Synthetic,Portfolio,Auto,2022-03,27,913672.872798755
Claims Reported,month,cumulative,Synthetic,Portfolio,Auto,2022-03,28,49.98822707773491
Loss Incurred,month,cumulative,Synthetic,Portfolio,Auto,2022-03,28,508624.98877678544
Exposure,month,cumulative,Synthetic,Portfolio,Auto,2022-03,28,11471.144924223318
Earned Premium,month,cumulative,Synthetic,Portfolio,Auto,2022-03,28,912552.677409455
Claims Reported,month,cumulative,Synthetic,Portfolio,Auto,2022-03,29,49.991703184990506
Loss Incurred,month,cumulative,Synthetic,Portfolio,Auto,2022-03,29,509606.61088894284
Exposure,month,cumulative,Synthetic,Portfolio,Auto,2022-03,29,11458.07666797796
Earned Premium,month,cumulative,Synthetic,Portfolio,Auto,2022-03,29,911506.6908184919
Claims Reported,month,cumulative,Synthetic,Portfolio,Auto,2022-03,30,49.994153046762165
Loss Incurred,month,cumulative,Synthetic,Portfolio,Auto,2022-03,30,510373.7273976807
Exposure,month,cumulative,Synthetic,Portfolio,Auto,2022-03,30,11446.05793396866
Earned Premium,month,cumulative,Synthetic,Portfolio,Auto,2022-03,30,910529.9969676464
Claims Reported,month,cumulative,Synthetic,Portfolio,Auto,2022-03,31,49.99587957939961
Loss Incurred,month,cumulative,Synthetic,Portfolio,Auto,2022-03,31,510972.7599231295
Exposure,month,cumulative,Synthetic,Portfolio,Auto,2022-03,31,11435.004434215192
Earned Premium,month,cumulative,Synthetic,Portfolio,Auto,2022-03,31,909618.0054693606
Claims Reported,month,cumulative,Synthetic,Portfolio,Auto,2022-03,32,49.99709631801373
Loss Incurred,month,cumulative,Synthetic,Portfolio,Auto,2022-03,32,511440.261830406
Exposure,month,cumulative,Synthetic,Portfolio,Auto,2022-03,32,11424.838649973244
Earned Premium,month,cumulative,Synthetic,Portfolio,Auto,2022-03,32,908766.4300322618
Claims Reported,month,cumulative,Synthetic,Portfolio,Auto,2022-03,33,49.99795377479551
Loss Incurred,month,cumulative,Synthetic,Portfolio,Auto,2022-03,33,511804.9456512793
Exposure,month,cumulative,Synthetic,Portfolio,Auto,2022-03,33,11415.489288091598
Earned Premium,month,cumulative,Synthetic,Portfolio,Auto,2022-03,33,907971.2683159155
Claims Reported,month,cumulative,Synthetic,Portfolio,Auto,2022-03,34,49.998558032042624
Loss Incurred,month,cumulative,Synthetic,Portfolio,Auto,2022-03,34,512089.32213657495
Exposure,month,cumulative,Synthetic,Portfolio,Auto,2022-03,34,11406.890781029717
Earned Premium,month,cumulative,Synthetic,Portfolio,Auto,2022-03,34,907228.7831201273
Claims Reported,month,cumulative,Synthetic,Portfolio,Auto,2022-03,35,49.998983853700565
Loss Incurred,month,cumulative,Synthetic,Portfolio,Auto,2022-03,35,512311.0137561448
Exposure,month,cumulative,Synthetic,Portfolio,Auto,2022-03,35,11398.982827029306
Earned Premium,month,cumulative,Synthetic,Portfolio,Auto,2022-03,35,906535.484820383
Claims Reported,month,cumulative,Synthetic,Portfolio,Auto,2022-03,36,49.99928392950781
Loss Incurred,month,cumulative,Synthetic,Portfolio,Auto,2022-03,36,512483.80036347406
Exposure,month,cumulative,Synthetic,Portfolio,Auto,2022-03,36,11391.709967215093
Earned Premium,month,cumulative,Synthetic,Portfolio,Auto,2022-03,36,905888.1149668762
Claims Reported,month,cumulative,Synthetic,Portfolio,Auto,2022-03,37,49.99949539151862
Loss Incurred,month,cumulative,Synthetic,Portfolio,Auto,2022-03,37,512618.4474607439
Exposure,month,cumulative,Synthetic,Portfolio,Auto,2022-03,37,11385.021196658958
Earned Premium,month,cumulative,Synthetic,Portfolio,Auto,2022-03,37,905283.6309700398
Claims Reported,month,cumulative,Synthetic,Portfolio,Auto,2022-03,38,49.99964440735341
Loss Incurred,month,cumulative,Synthetic,Portfolio,Auto,2022-03,38,512723.35974362923
Exposure,month,cumulative,Synthetic,Portfolio,Auto,2022-03,38,11378.869606679844
Earned Premium,month,cumulative,Synthetic,Portfolio,Auto,2022-03,38,904719.1918006035
Claims Reported,month,cumulative,Synthetic,Portfolio,Auto,2022-03,39,49.99974941757088
Loss Incurred,month,cumulative,Synthetic,Portfolio,Auto,2022-03,39,512805.09526130994
Exposure,month,cumulative,Synthetic,Portfolio,Auto,2022-03,39,11373.212055870838
Earned Premium,month,cumulative,Synthetic,Portfolio,Auto,2022-03,39,904192.1446369711
Claims Reported,month,cumulative,Synthetic,Portfolio,Auto,2022-03,40,49.99982341728536
Loss Incurred,month,cumulative,Synthetic,Portfolio,Auto,2022-03,40,512868.76899934997
Exposure,month,cumulative,Synthetic,Portfolio,Auto,2022-03,40,11368.008867546325
Earned Premium,month,cumulative,Synthetic,Portfolio,Auto,2022-03,40,903700.0123971578
Claims Reported,month,cumulative,Synthetic,Portfolio,Auto,2022-03,41,49.99987556413436
Loss Incurred,month,cumulative,Synthetic,Portfolio,Auto,2022-03,41,512918.36911017745
Exposure,month,cumulative,Synthetic,Portfolio,Auto,2022-03,41,11363.223551487436
Earned Premium,month,cumulative,Synthetic,Portfolio,Auto,2022-03,41,903240.4820966922
Claims Reported,month,cumulative,Synthetic,Portfolio,Auto,2022-03,42,49.99991231146311
Loss Incurred,month,cumulative,Synthetic,Portfolio,Auto,2022-03,42,512957.0043611025
Exposure,month,cumulative,Synthetic,Portfolio,Auto,2022-03,42,11358.822548034303
Earned Premium,month,cumulative,Synthetic,Portfolio,Auto,2022-03,42,902811.3939777625
Claims Reported,month,cumulative,Synthetic,Portfolio,Auto,2022-03,43,49.999938206900445
Loss Incurred,month,cumulative,Synthetic,Portfolio,Auto,2022-03,43,512987.09755657153
Exposure,month,cumulative,Synthetic,Portfolio,Auto,2022-03,43,11354.77499273051
Earned Premium,month,cumulative,Synthetic,Portfolio,Auto,2022-03,43,902410.7313585187
Claims Reported,month,cumulative,Synthetic,Portfolio,Auto,2022-03,44,49.99995645512283
Loss Incurred,month,cumulative,Synthetic,Portfolio,Auto,2022-03,44,513010.53660661436
Exposure,month,cumulative,Synthetic,Portfolio,Auto,2022-03,44,11351.052499869118
Earned Premium,month,cumulative,Synthetic,Portfolio,Auto,2022-03,44,902036.6111548181
Claims Reported,month,cumulative,Synthetic,Portfolio,Auto,2022-03,45,49.99996931443579
Loss Incurred,month,cumulative,Synthetic,Portfolio,Auto,2022-03,45,513028.79244083073
Exposure,month,cumulative,Synthetic,Portfolio,Auto,2022-03,45,11347.62896342228
Earned Premium,month,cumulative,Synthetic,Portfolio,Auto,2022-03,45,901687.2750298731
Claims Reported,month,cumulative,Synthetic,Portfolio,Auto,2022-04,0,17.389649088536235
Loss Incurred,month,cumulative,Synthetic,Portfolio,Auto,2022-04,0,78143.13534159485
Exposure,month,cumulative,Synthetic,Portfolio,Auto,2022-04,0,14123.506222235297
Earned Premium,month,cumulative,Synthetic,Portfolio,Auto,2022-04,0,1090795.0406588733
Claims Reported,month,cumulative,Synthetic,Portfolio,Auto,2022-04,1,22.350282562416258
Loss Incurred,month,cumulative,Synthetic,Portfolio,Auto,2022-04,1,97840.35290898172
Exposure,month,cumulative,Synthetic,Portfolio,Auto,2022-04,1,13963.22241163532
Earned Premium,month,cumulative,Synthetic,Portfolio,Auto,2022-04,1,1085008.7310349662
Claims Reported,month,cumulative,Synthetic,Portfolio,Auto,2022-04,2,27.973584002161996
Loss Incurred,month,cumulative,Synthetic,Portfolio,Auto,2022-04,2,121738.7838365815
Exposure,month,cumulative,Synthetic,Portfolio,Auto,2022-04,2,13816.88439913327
Earned Premium,month,cumulative,Synthetic,Portfolio,Auto,2022-04,2,1079508.903160254
Claims Reported,month,cumulative,Synthetic,Portfolio,Auto,2022-04,3,34.002110132545376
Loss Incurred,month,cumulative,Synthetic,Portfolio,Auto,2022-04,3,150337.3815486621
Exposure,month,cumulative,Synthetic,Portfolio,Auto,2022-04,3,13683.278804014903
Earned Premium,month,cumulative,Synthetic,Portfolio,Auto,2022-04,3,1074281.3732461126
Claims Reported,month,cumulative,Synthetic,Portfolio,Auto,2022-04,4,40.090483223699174
Loss Incurred,month,cumulative,Synthetic,Portfolio,Auto,2022-04,4,184001.1467504085
Exposure,month,cumulative,Synthetic,Portfolio,Auto,2022-04,4,13561.297818065106
Earned Premium,month,cumulative,Synthetic,Portfolio,Auto,2022-04,4,1069312.6597471153
Claims Reported,month,cumulative,Synthetic,Portfolio,Auto,2022-04,5,45.87959438950697
Loss Incurred,month,cumulative,Synthetic,Portfolio,Auto,2022-04,5,222866.96177237746
Exposure,month,cumulative,Synthetic,Portfolio,Auto,2022-04,5,13449.93002003163
Earned Premium,month,cumulative,Synthetic,Portfolio,Auto,2022-04,5,1064589.9485927837
Claims Reported,month,cumulative,Synthetic,Portfolio,Auto,2022-04,6,51.077083934059175
Loss Incurred,month,cumulative,Synthetic,Portfolio,Auto,2022-04,6,266747.74684377166
Exposure,month,cumulative,Synthetic,Portfolio,Auto,2022-04,6,13348.25198929388
Earned Premium,month,cumulative,Synthetic,Portfolio,Auto,2022-04,6,1060101.0601407227
Claims Reported,month,cumulative,Synthetic,Portfolio,Auto,2022-04,7,55.50836637619184
Loss Incurred,month,cumulative,Synthetic,Portfolio,Auto,2022-04,7,315058.8243592744
Exposure,month,cumulative,Synthetic,Portfolio,Auto,2022-04,7,13255.420649200403
Earned Premium,month,cumulative,Synthetic,Portfolio,Auto,2022-04,7,1055834.4177659152
Claims Reported,month,cumulative,Synthetic,Portfolio,Auto,2022-04,8,59.12293304571714
Loss Incurred,month,cumulative,Synthetic,Portfolio,Auto,2022-04,8,366795.19809458277
Exposure,month,cumulative,Synthetic,Portfolio,Auto,2022-04,8,13170.666276588905
Earned Premium,month,cumulative,Synthetic,Portfolio,Auto,2022-04,8,1051779.0180051697
Claims Reported,month,cumulative,Synthetic,Portfolio,Auto,2022-04,9,61.966419251871294
Loss Incurred,month,cumulative,Synthetic,Portfolio,Auto,2022-04,9,420582.80606498016
Exposure,month,cumulative,Synthetic,Portfolio,Auto,2022-04,9,13093.286119526265
Earned Premium,month,cumulative,Synthetic,Portfolio,Auto,2022-04,9,1047924.4021797227
Claims Reported,month,cumulative,Synthetic,Portfolio,Auto,2022-04,10,64.14023449391769
Loss Incurred,month,cumulative,Synthetic,Portfolio,Auto,2022-04,10,474808.2653836279
Exposure,month,cumulative,Synthetic,Portfolio,Auto,2022-04,10,13022.638570349236
Earned Premium,month,cumulative,Synthetic,Portfolio,Auto,2022-04,10,1044260.6294228157
Claims Reported,month,cumulative,Synthetic,Portfolio,Auto,2022-04,11,65.76602565230526
Loss Incurred,month,cumulative,Synthetic,Portfolio,Auto,2022-04,11,527805.3382189246
Exposure,month,cumulative,Synthetic,Portfolio,Auto,2022-04,11,12958.137845690844
Earned Premium,month,cumulative,Synthetic,Portfolio,Auto,2022-04,11,1040778.2510426834
Claims Reported,month,cumulative,Synthetic,Portfolio,Auto,2022-04,12,66.96210570461828
Loss Incurred,month,cumulative,Synthetic,Portfolio,Auto,2022-04,12,578054.4945429827
Exposure,month,cumulative,Synthetic,Portfolio,Auto,2022-04,12,12899.249129381198
Earned Premium,month,cumulative,Synthetic,Portfolio,Auto,2022-04,12,1037468.2861548358
Claims Reported,month,cumulative,Synthetic,Portfolio,Auto,2022-04,13,67.83143960493219
Loss Incurred,month,cumulative,Synthetic,Portfolio,Auto,2022-04,13,624346.6221962733
Exposure,month,cumulative,Synthetic,Portfolio,Auto,2022-04,13,12845.484137949481
Earned Premium,month,cumulative,Synthetic,Portfolio,Auto,2022-04,13,1034322.1985207958
Claims Reported,month,cumulative,Synthetic,Portfolio,Auto,2022-04,14,68.45773172857919
Loss Incurred,month,cumulative,Synthetic,Portfolio,Auto,2022-04,14,665876.2729908136
Exposure,month,cumulative,Synthetic,Portfolio,Auto,2022-04,14,12796.397071957874
Earned Premium,month,cumulative,Synthetic,Portfolio,Auto,2022-04,14,1031331.8745335535
Claims Reported,month,cumulative,Synthetic,Portfolio,Auto,2022-04,15,68.90606430052847
Loss Incurred,month,cumulative,Synthetic,Portfolio,Auto,2022-04,15,702255.5507748452
Exposure,month,cumulative,Synthetic,Portfolio,Auto,2022-04,15,12751.580919597383
Earned Premium,month,cumulative,Synthetic,Portfolio,Auto,2022-04,15,1028489.6022929695
Claims Reported,month,cumulative,Synthetic,Portfolio,Auto,2022-04,16,69.22554239502212
Loss Incurred,month,cumulative,Synthetic,Portfolio,Auto,2022-04,16,733463.5141331534
Exposure,month,cumulative,Synthetic,Portfolio,Auto,2022-04,16,12710.664081896344
Earned Premium,month,cumulative,Synthetic,Portfolio,Auto,2022-04,16,1025788.0517171591
Claims Reported,month,cumulative,Synthetic,Portfolio,Auto,2022-04,17,69.45246000713199
Loss Incurred,month,cumulative,Synthetic,Portfolio,Auto,2022-04,17,759758.4530950008
Exposure,month,cumulative,Synthetic,Portfolio,Auto,2022-04,17,12673.307291559093
Earned Premium,month,cumulative,Synthetic,Portfolio,Auto,2022-04,17,1023220.2556385674
Claims Reported,month,cumulative,Synthetic,Portfolio,Auto,2022-04,18,69.61326175019948
Loss Incurred,month,cumulative,Synthetic,Portfolio,Auto,2022-04,18,781580.4101709025
Exposure,month,cumulative,Synthetic,Portfolio,Auto,2022-04,18,12639.200799886941
Earned Premium,month,cumulative,Synthetic,Portfolio,Auto,2022-04,18,1020779.5918359832
Claims Reported,month,cumulative,Synthetic,Portfolio,Auto,2022-04,19,69.72702478916747
Loss Incurred,month,cumulative,Synthetic,Portfolio,Auto,2022-04,19,799463.5260478697
Exposure,month,cumulative,Synthetic,Portfolio,Auto,2022-04,19,12608.061808456441
Earned Premium,month,cumulative,Synthetic,Portfolio,Auto,2022-04,19,1018459.7659561527
Claims Reported,month,cumulative,Synthetic,Portfolio,Auto,2022-04,20,69.80741583793065
Loss Incurred,month,cumulative,Synthetic,Portfolio,Auto,2022-04,20,813968.042632471
Exposure,month,cumulative,Synthetic,Portfolio,Auto,2022-04,20,12579.632124259388
Earned Premium,month,cumulative,Synthetic,Portfolio,Auto,2022-04,20,1016254.7952809477
Claims Reported,month,cumulative,Synthetic,Portfolio,Auto,2022-04,21,69.86417788430332
Loss Incurred,month,cumulative,Synthetic,Portfolio,Auto,2022-04,21,825633.9500805526
Exposure,month,cumulative,Synthetic,Portfolio,Auto,2022-04,21,12553.676018861812
Earned Premium,month,cumulative,Synthetic,Portfolio,Auto,2022-04,21,1014158.9932982282
Claims Reported,month,cumulative,Synthetic,Portfolio,Auto,2022-04,22,69.90423289835154
Loss Incurred,month,cumulative,Synthetic,Portfolio,Auto,2022-04,22,834953.6063900694
Exposure,month,cumulative,Synthetic,Portfolio,Auto,2022-04,22,12529.97827383094
Earned Premium,month,cumulative,Synthetic,Portfolio,Auto,2022-04,22,1012166.9550366023
Claims Reported,month,cumulative,Synthetic,Portfolio,Auto,2022-04,23,69.93248678761931
Loss Incurred,month,cumulative,Synthetic,Portfolio,Auto,2022-04,23,842358.7902452451
Exposure,month,cumulative,Synthetic,Portfolio,Auto,2022-04,23,12508.342396223485
Earned Premium,month,cumulative,Synthetic,Portfolio,Auto,2022-04,23,1010273.5431262688
Claims Reported,month,cumulative,Synthetic,Portfolio,Auto,2022-04,24,69.95241068891123
Loss Incurred,month,cumulative,Synthetic,Portfolio,Auto,2022-04,24,848217.5696235122
Exposure,month,cumulative,Synthetic,Portfolio,Auto,2022-04,24,12488.588989338776
Earned Premium,month,cumulative,Synthetic,Portfolio,Auto,2022-04,24,1008473.8745499902
Claims Reported,month,cumulative,Synthetic,Portfolio,Auto,2022-04,25,69.96645764507967
Loss Incurred,month,cumulative,Synthetic,Portfolio,Auto,2022-04,25,852837.1499348982
Exposure,month,cumulative,Synthetic,Portfolio,Auto,2022-04,25,12470.554265227634
Earned Premium,month,cumulative,Synthetic,Portfolio,Auto,2022-04,25,1006763.3080500287
Claims Reported,month,cumulative,Synthetic,Portfolio,Auto,2022-04,26,69.9763597567378
Loss Incurred,month,cumulative,Synthetic,Portfolio,Auto,2022-04,26,856469.8850693925
Exposure,month,cumulative,Synthetic,Portfolio,Auto,2022-04,26,12454.088686623234
Earned Premium,month,cumulative,Synthetic,Portfolio,Auto,2022-04,26,1005137.4321585682
Claims Reported,month,cumulative,Synthetic,Portfolio,Auto,2022-04,27,69.98333934053291
Loss Incurred,month,cumulative,Synthetic,Portfolio,Auto,2022-04,27,859320.5699443601
Exposure,month,cumulative,Synthetic,Portfolio,Auto,2022-04,27,12439.055727033337
Earned Premium,month,cumulative,Synthetic,Portfolio,Auto,2022-04,27,1003592.0538207532
Claims Reported,month,cumulative,Synthetic,Portfolio,Auto,2022-04,28,69.98825860643915
Loss Incurred,month,cumulative,Synthetic,Portfolio,Auto,2022-04,28,861553.864095608
Exposure,month,cumulative,Synthetic,Portfolio,Auto,2022-04,28,12425.33073871309
Earned Premium,month,cumulative,Synthetic,Portfolio,Auto,2022-04,28,1002123.1875810043
Claims Reported,month,cumulative,Synthetic,Portfolio,Auto,2022-04,29,69.99172556993614
Loss Incurred,month,cumulative,Synthetic,Portfolio,Auto,2022-04,29,863301.2122717935
Exposure,month,cumulative,Synthetic,Portfolio,Auto,2022-04,29,12412.799919131994
Earned Premium,month,cumulative,Synthetic,Portfolio,Auto,2022-04,29,1000727.0453047225
Claims Reported,month,cumulative,Synthetic,Portfolio,Auto,2022-04,30,69.99416890413474
Loss Incurred,month,cumulative,Synthetic,Portfolio,Auto,2022-04,30,864666.9655861456
Exposure,month,cumulative,Synthetic,Portfolio,Auto,2022-04,30,12401.35936736538
Earned Premium,month,cumulative,Synthetic,Portfolio,Auto,2022-04,30,999400.0264088731
Claims Reported,month,cumulative,Synthetic,Portfolio,Auto,2022-04,31,69.99589079510777
Loss Incurred,month,cumulative,Synthetic,Portfolio,Auto,2022-04,31,865733.6122301343
Exposure,month,cumulative,Synthetic,Portfolio,Auto,2022-04,31,12390.91422258634
Earned Premium,month,cumulative,Synthetic,Portfolio,Auto,2022-04,31,998138.708576259
Claims Reported,month,cumulative,Synthetic,Portfolio,Auto,2022-04,32,69.9971042420543
Loss Incurred,month,cumulative,Synthetic,Portfolio,Auto,2022-04,32,866566.1420538084
Exposure,month,cumulative,Synthetic,Portfolio,Auto,2022-04,32,12381.37787751481
Earned Premium,month,cumulative,Synthetic,Portfolio,Auto,2022-04,32,996939.8389295292
Claims Reported,month,cumulative,Synthetic,Portfolio,Auto,2022-04,33,69.9979593689357
Loss Incurred,month,cumulative,Synthetic,Portfolio,Auto,2022-04,33,867215.6268593516
Exposure,month,cumulative,Synthetic,Portfolio,Auto,2022-04,33,12372.67126030202
Earned Premium,month,cumulative,Synthetic,Portfolio,Auto,2022-04,33,995800.3256421675
Claims Reported,month,cumulative,Synthetic,Portfolio,Auto,2022-04,34,69.9985619792137
Loss Incurred,month,cumulative,Synthetic,Portfolio,Auto,2022-04,34,867722.1208855062
Exposure,month,cumulative,Synthetic,Portfolio,Auto,2022-04,34,12364.722178895941
Earned Premium,month,cumulative,Synthetic,Portfolio,Auto,2022-04,34,994717.2299648221
Claims Reported,month,cumulative,Synthetic,Portfolio,Auto,2022-04,35,69.99898663773143
Loss Incurred,month,cumulative,Synthetic,Portfolio,Auto,2022-04,35,868116.9888192937
Exposure,month,cumulative,Synthetic,Portfolio,Auto,2022-04,35,12357.464722451472
Earned Premium,month,cumulative,Synthetic,Portfolio,Auto,2022-04,35,993687.7586464133
Claims Reported,month,cumulative,Synthetic,Portfolio,Auto,2022-04,36,69.99928589262588
Loss Incurred,month,cumulative,Synthetic,Portfolio,Auto,2022-04,36,868424.7612933135
Exposure,month,cumulative,Synthetic,Portfolio,Auto,2022-04,36,12350.838714822079
Earned Premium,month,cumulative,Synthetic,Portfolio,Auto,2022-04,36,992709.2567304758
Claims Reported,month,cumulative,Synthetic,Portfolio,Auto,2022-04,37,69.99949677552266
Loss Incurred,month,cumulative,Synthetic,Portfolio,Auto,2022-04,37,868664.6059381757
Exposure,month,cumulative,Synthetic,Portfolio,Auto,2022-04,37,12344.78921560142
Earned Premium,month,cumulative,Synthetic,Portfolio,Auto,2022-04,37,991779.2007081544
Claims Reported,month,cumulative,Synthetic,Portfolio,Auto,2022-04,38,69.99964538295151
Loss Incurred,month,cumulative,Synthetic,Portfolio,Auto,2022-04,38,868851.4889210984
Exposure,month,cumulative,Synthetic,Portfolio,Auto,2022-04,38,12339.266064577809
Earned Premium,month,cumulative,Synthetic,Portfolio,Auto,2022-04,38,990895.1920101971
Claims Reported,month,cumulative,Synthetic,Portfolio,Auto,2022-04,39,69.99975010521567
Loss Incurred,month,cumulative,Synthetic,Portfolio,Auto,2022-04,39,868997.0892420647
Exposure,month,cumulative,Synthetic,Portfolio,Auto,2022-04,39,12334.223465824267
Earned Premium,month,cumulative,Synthetic,Portfolio,Auto,2022-04,39,990054.9508211627
Claims Reported,month,cumulative,Synthetic,Portfolio,Auto,2022-04,40,69.99982390193614
Loss Incurred,month,cumulative,Synthetic,Portfolio,Auto,2022-04,40,869110.5166917142
Exposure,month,cumulative,Synthetic,Portfolio,Auto,2022-04,40,12329.619607975641
Earned Premium,month,cumulative,Synthetic,Portfolio,Auto,2022-04,40,989256.3101998866
Claims Reported,month,cumulative,Synthetic,Portfolio,Auto,2022-04,41,69.9998759056996
Loss Incurred,month,cumulative,Synthetic,Portfolio,Auto,2022-04,41,869198.8745906935
Exposure,month,cumulative,Synthetic,Portfolio,Auto,2022-04,41,12325.416317544199
Earned Premium,month,cumulative,Synthetic,Portfolio,Auto,2022-04,41,988497.2104910457
Claims Reported,month,cumulative,Synthetic,Portfolio,Auto,2022-04,42,69.99991255217873
Loss Incurred,month,cumulative,Synthetic,Portfolio,Auto,2022-04,42,869267.7002368654
Exposure,month,cumulative,Synthetic,Portfolio,Auto,2022-04,42,12321.578742399188
Earned Premium,month,cumulative,Synthetic,Portfolio,Auto,2022-04,42,987775.694013407
Claims Reported,month,cumulative,Synthetic,Portfolio,Auto,2022-04,43,69.99993837653913
Loss Incurred,month,cumulative,Synthetic,Portfolio,Auto,2022-04,43,869321.3092542595
Exposure,month,cumulative,Synthetic,Portfolio,Auto,2022-04,43,12318.075062785843
Earned Premium,month,cumulative,Synthetic,Portfolio,Auto,2022-04,43,987089.9000110627
Claims Reported,month,cumulative,Synthetic,Portfolio,Auto,2022-04,44,69.9999565746698
Loss Incurred,month,cumulative,Synthetic,Portfolio,Auto,2022-04,44,869363.0645793149
Exposure,month,cumulative,Synthetic,Portfolio,Auto,2022-04,44,12314.876227487746
Earned Premium,month,cumulative,Synthetic,Portfolio,Auto,2022-04,44,986438.0598546322
Claims Reported,month,cumulative,Synthetic,Portfolio,Auto,2022-05,0,11.535071256314788
Loss Incurred,month,cumulative,Synthetic,Portfolio,Auto,2022-05,0,84653.7508639016
Exposure,month,cumulative,Synthetic,Portfolio,Auto,2022-05,0,12253.44387697644
Earned Premium,month,cumulative,Synthetic,Portfolio,Auto,2022-05,0,953167.1525559197
Claims Reported,month,cumulative,Synthetic,Portfolio,Auto,2022-05,1,15.046593603577357
Loss Incurred,month,cumulative,Synthetic,Portfolio,Auto,2022-05,1,104901.54373654404
Exposure,month,cumulative,Synthetic,Portfolio,Auto,2022-05,1,12105.92598048509
Earned Premium,month,cumulative,Synthetic,Portfolio,Auto,2022-05,1,946070.082818916
Claims Reported,month,cumulative,Synthetic,Portfolio,Auto,2022-05,2,19.1559737635199
Loss Incurred,month,cumulative,Synthetic,Portfolio,Auto,2022-05,2,128915.45143829445
Exposure,month,cumulative,Synthetic,Portfolio,Auto,2022-05,2,11972.023717010476
Earned Premium,month,cumulative,Synthetic,Portfolio,Auto,2022-05,2,939466.2162464259
Claims Reported,month,cumulative,Synthetic,Portfolio,Auto,2022-05,3,23.721322500425316
Loss Incurred,month,cumulative,Synthetic,Portfolio,Auto,2022-05,3,156885.25883872452
Exposure,month,cumulative,Synthetic,Portfolio,Auto,2022-05,3,11850.480388437623
Earned Premium,month,cumulative,Synthetic,Portfolio,Auto,2022-05,3,933321.2782194164
Claims Reported,month,cumulative,Synthetic,Portfolio,Auto,2022-05,4,28.509314693216538
Loss Incurred,month,cumulative,Synthetic,Portfolio,Auto,2022-05,4,188784.22279851447
Exposure,month,cumulative,Synthetic,Portfolio,Auto,2022-05,4,11740.155287597414
Earned Premium,month,cumulative,Synthetic,Portfolio,Auto,2022-05,4,927603.3759963331
Claims Reported,month,cumulative,Synthetic,Portfolio,Auto,2022-05,5,33.236806129622934
Loss Incurred,month,cumulative,Synthetic,Portfolio,Auto,2022-05,5,224302.7954612821
Exposure,month,cumulative,Synthetic,Portfolio,Auto,2022-05,5,11640.01299251368
Earned Premium,month,cumulative,Synthetic,Portfolio,Auto,2022-05,5,922282.8331871076
Claims Reported,month,cumulative,Synthetic,Portfolio,Auto,2022-05,6,37.63452362626498
Loss Incurred,month,cumulative,Synthetic,Portfolio,Auto,2022-05,6,262811.67083590484
Exposure,month,cumulative,Synthetic,Portfolio,Auto,2022-05,6,11549.113648771747
Earned Premium,month,cumulative,Synthetic,Portfolio,Auto,2022-05,6,917332.035730215
Claims Reported,month,cumulative,Synthetic,Portfolio,Auto,2022-05,7,41.50441988502946
Loss Incurred,month,cumulative,Synthetic,Portfolio,Auto,2022-05,7,303374.86269310914
Exposure,month,cumulative,Synthetic,Portfolio,Auto,2022-05,7,11466.604148806668
Earned Premium,month,cumulative,Synthetic,Portfolio,Auto,2022-05,7,912725.2885733885
Claims Reported,month,cumulative,Synthetic,Portfolio,Auto,2022-05,8,44.74686348139511
Loss Incurred,month,cumulative,Synthetic,Portfolio,Auto,2022-05,8,344823.5490977895
Exposure,month,cumulative,Synthetic,Portfolio,Auto,2022-05,8,11391.710125327078
Earned Premium,month,cumulative,Synthetic,Portfolio,Auto,2022-05,8,908438.6823141517
Claims Reported,month,cumulative,Synthetic,Portfolio,Auto,2022-05,9,47.35379614506116
Loss Incurred,month,cumulative,Synthetic,Portfolio,Auto,2022-05,9,385883.00711358053
Exposure,month,cumulative,Synthetic,Portfolio,Auto,2022-05,9,11323.728683731444
Earned Premium,month,cumulative,Synthetic,Portfolio,Auto,2022-05,9,904449.9691080232
Claims Reported,month,cumulative,Synthetic,Portfolio,Auto,2022-05,10,49.38112949820012
Loss Incurred,month,cumulative,Synthetic,Portfolio,Auto,2022-05,10,425325.4739473801
Exposure,month,cumulative,Synthetic,Portfolio,Auto,2022-05,10,11262.021805309027
Earned Premium,month,cumulative,Synthetic,Portfolio,Auto,2022-05,10,900738.4472003462
Claims Reported,month,cumulative,Synthetic,Portfolio,Auto,2022-05,11,50.9172753498674
Loss Incurred,month,cumulative,Synthetic,Portfolio,Auto,2022-05,11,462111.38005161495
Exposure,month,cumulative,Synthetic,Portfolio,Auto,2022-05,11,11206.010359313397
Earned Premium,month,cumulative,Synthetic,Portfolio,Auto,2022-05,11,897284.853482452
Claims Reported,month,cumulative,Synthetic,Portfolio,Auto,2022-05,12,52.058470100379104
Loss Incurred,month,cumulative,Synthetic,Portfolio,Auto,2022-05,12,495486.12375817436
Exposure,month,cumulative,Synthetic,Portfolio,Auto,2022-05,12,11155.168667710637
Earned Premium,month,cumulative,Synthetic,Portfolio,Auto,2022-05,12,894071.2635145178
Claims Reported,month,cumulative,Synthetic,Portfolio,Auto,2022-05,13,52.893874818492066
Loss Incurred,month,cumulative,Synthetic,Portfolio,Auto,2022-05,13,525016.6172479807
Exposure,month,cumulative,Synthetic,Portfolio,Auto,2022-05,13,11109.019571591396
Earned Premium,month,cumulative,Synthetic,Portfolio,Auto,2022-05,13,891080.9984962275
Claims Reported,month,cumulative,Synthetic,Portfolio,Auto,2022-05,14,53.49886316281474
Loss Incurred,month,cumulative,Synthetic,Portfolio,Auto,2022-05,14,550571.8345510716
Exposure,month,cumulative,Synthetic,Portfolio,Auto,2022-05,14,11067.129952944104
Earned Premium,month,cumulative,Synthetic,Portfolio,Auto,2022-05,14,888298.538702404
Claims Reported,month,cumulative,Synthetic,Portfolio,Auto,2022-05,15,53.933571264640314
Loss Incurred,month,cumulative,Synthetic,Portfolio,Auto,2022-05,15,572265.3719914587
Exposure,month,cumulative,Synthetic,Portfolio,Auto,2022-05,15,11029.106669760358
Earned Premium,month,cumulative,Synthetic,Portfolio,Auto,2022-05,15,885709.4429343404
Claims Reported,month,cumulative,Synthetic,Portfolio,Auto,2022-05,16,54.2441725157551
Loss Incurred,month,cumulative,Synthetic,Portfolio,Auto,2022-05,16,590381.9356882052
Exposure,month,cumulative,Synthetic,Portfolio,Auto,2022-05,16,10994.592866322699
Earned Premium,month,cumulative,Synthetic,Portfolio,Auto,2022-05,16,883300.2735687722
Claims Reported,month,cumulative,Synthetic,Portfolio,Auto,2022-05,17,54.46520703966354
Loss Incurred,month,cumulative,Synthetic,Portfolio,Auto,2022-05,17,605305.7394357779
Exposure,month,cumulative,Synthetic,Portfolio,Auto,2022-05,17,10963.264624046064
Earned Premium,month,cumulative,Synthetic,Portfolio,Auto,2022-05,17,881058.5268154904
Claims Reported,month,cumulative,Synthetic,Portfolio,Auto,2022-05,18,54.622052506315434
Loss Incurred,month,cumulative,Synthetic,Portfolio,Auto,2022-05,18,617461.5169817262
Exposure,month,cumulative,Synthetic,Portfolio,Auto,2022-05,18,10934.827921440503
Earned Premium,month,cumulative,Synthetic,Portfolio,Auto,2022-05,18,878972.5678216259
Claims Reported,month,cumulative,Synthetic,Portfolio,Auto,2022-05,19,54.733123325476505
Loss Incurred,month,cumulative,Synthetic,Portfolio,Auto,2022-05,19,627271.9964000648
Exposure,month,cumulative,Synthetic,Portfolio,Auto,2022-05,19,10909.015874663777
Earned Premium,month,cumulative,Synthetic,Portfolio,Auto,2022-05,19,877031.5702857918
Claims Reported,month,cumulative,Synthetic,Portfolio,Auto,2022-05,20,54.81166531318362
Loss Incurred,month,cumulative,Synthetic,Portfolio,Auto,2022-05,20,635131.0465015975
Exposure,month,cumulative,Synthetic,Portfolio,Auto,2022-05,20,10885.586232765929
Earned Premium,month,cumulative,Synthetic,Portfolio,Auto,2022-05,20,875225.4602686749
Claims Reported,month,cumulative,Synthetic,Portfolio,Auto,2022-05,21,54.867148446262874
Loss Incurred,month,cumulative,Synthetic,Portfolio,Auto,2022-05,21,641389.4323836874
Exposure,month,cumulative,Synthetic,Portfolio,Auto,2022-05,21,10864.319104118218
Earned Premium,month,cumulative,Synthetic,Portfolio,Auto,2022-05,21,873544.8639084488
Claims Reported,month,cumulative,Synthetic,Portfolio,Auto,2022-05,22,54.90631426439333
Loss Incurred,month,cumulative,Synthetic,Portfolio,Auto,2022-05,22,646349.5597900184
Exposure,month,cumulative,Synthetic,Portfolio,Auto,2022-05,22,10845.014892688512
Earned Premium,month,cumulative,Synthetic,Portfolio,Auto,2022-05,22,871981.0587696492
Claims Reported,month,cumulative,Synthetic,Portfolio,Auto,2022-05,23,54.93394755174227
Loss Incurred,month,cumulative,Synthetic,Portfolio,Auto,2022-05,23,650265.9723965504
Exposure,month,cumulative,Synthetic,Portfolio,Auto,2022-05,23,10827.492424794716
Earned Premium,month,cumulative,Synthetic,Portfolio,Auto,2022-05,23,870525.9285730048
Claims Reported,month,cumulative,Synthetic,Portfolio,Auto,2022-05,24,54.95343711261314
Loss Incurred,month,cumulative,Synthetic,Portfolio,Auto,2022-05,24,653349.1082717216
Exposure,month,cumulative,Synthetic,Portfolio,Auto,2022-05,24,10811.587248755426
Earned Premium,month,cumulative,Synthetic,Portfolio,Auto,2022-05,24,869171.9210712693
Claims Reported,month,cumulative,Synthetic,Portfolio,Auto,2022-05,25,54.967179482362894
Loss Incurred,month,cumulative,Synthetic,Portfolio,Auto,2022-05,25,655770.5830319569
Exposure,month,cumulative,Synthetic,Portfolio,Auto,2022-05,25,10797.150091479749
Earned Premium,month,cumulative,Synthetic,Portfolio,Auto,2022-05,25,867912.0088524293
Claims Reported,month,cumulative,Synthetic,Portfolio,Auto,2022-05,26,54.97686769566826
Loss Incurred,month,cumulative,Synthetic,Portfolio,Auto,2022-05,26,657668.8982426022
Exposure,month,cumulative,Synthetic,Portfolio,Auto,2022-05,26,10784.045457511045
Earned Premium,month,cumulative,Synthetic,Portfolio,Auto,2022-05,26,866739.6528668472
Claims Reported,month,cumulative,Synthetic,Portfolio,Auto,2022-05,27,54.98369691573399
Loss Incurred,month,cumulative,Synthetic,Portfolio,Auto,2022-05,27,659154.9375112208
Exposure,month,cumulative,Synthetic,Portfolio,Auto,2022-05,27,10772.150357376408
Earned Premium,month,cumulative,Synthetic,Portfolio,Auto,2022-05,27,865648.7684890487
Claims Reported,month,cumulative,Synthetic,Portfolio,Auto,2022-05,28,54.98851040493574
Loss Incurred,month,cumulative,Synthetic,Portfolio,Auto,2022-05,28,660316.9259066737
Exposure,month,cumulative,Synthetic,Portfolio,Auto,2022-05,28,10761.353153307147
Earned Premium,month,cumulative,Synthetic,Portfolio,Auto,2022-05,28,864633.6939380078
Claims Reported,month,cumulative,Synthetic,Portfolio,Auto,2022-05,29,54.99190291968418
Loss Incurred,month,cumulative,Synthetic,Portfolio,Auto,2022-05,29,661224.7250017064
Exposure,month,cumulative,Synthetic,Portfolio,Auto,2022-05,29,10751.552511497182
Earned Premium,month,cumulative,Synthetic,Portfolio,Auto,2022-05,29,863689.1608920306
Claims Reported,month,cumulative,Synthetic,Portfolio,Auto,2022-05,30,54.9942938358604
Loss Incurred,month,cumulative,Synthetic,Portfolio,Auto,2022-05,30,661933.4504442422
Exposure,month,cumulative,Synthetic,Portfolio,Auto,2022-05,30,10742.656451066065
Earned Premium,month,cumulative,Synthetic,Portfolio,Auto,2022-05,30,862810.2671457258
Claims Reported,month,cumulative,Synthetic,Portfolio,Auto,2022-05,31,54.99597881089104
Loss Incurred,month,cumulative,Synthetic,Portfolio,Auto,2022-05,31,662486.4596041418
Exposure,month,cumulative,Synthetic,Portfolio,Auto,2022-05,31,10734.581480800995
Earned Premium,month,cumulative,Synthetic,Portfolio,Auto,2022-05,31,861992.4511671495
Claims Reported,month,cumulative,Synthetic,Portfolio,Auto,2022-05,32,54.99716625474502
Loss Incurred,month,cumulative,Synthetic,Portfolio,Auto,2022-05,32,662917.7840230501
Exposure,month,cumulative,Synthetic,Portfolio,Auto,2022-05,32,10727.251815575957
Earned Premium,month,cumulative,Synthetic,Portfolio,Auto,2022-05,32,861231.4684230728
Claims Reported,month,cumulative,Synthetic,Portfolio,Auto,2022-05,33,54.998003063085626
Loss Incurred,month,cumulative,Synthetic,Portfolio,Auto,2022-05,33,663254.0890471218
Exposure,month,cumulative,Synthetic,Portfolio,Auto,2022-05,33,10720.598665093969
Earned Premium,month,cumulative,Synthetic,Portfolio,Auto,2022-05,33,860523.3693495006
Claims Reported,month,cumulative,Synthetic,Portfolio,Auto,2022-05,34,54.998592767251935
Loss Incurred,month,cumulative,Synthetic,Portfolio,Auto,2022-05,34,663516.2401094276
Exposure,month,cumulative,Synthetic,Portfolio,Auto,2022-05,34,10714.55958827709
Earned Premium,month,cumulative,Synthetic,Portfolio,Auto,2022-05,34,859864.478853104
Claims Reported,month,cumulative,Synthetic,Portfolio,Auto,2022-05,35,54.99900833235006
Loss Incurred,month,cumulative,Synthetic,Portfolio,Auto,2022-05,35,663720.547147574
Exposure,month,cumulative,Synthetic,Portfolio,Auto,2022-05,35,10709.077907245091
Earned Premium,month,cumulative,Synthetic,Portfolio,Auto,2022-05,35,859251.3772371798
Claims Reported,month,cumulative,Synthetic,Portfolio,Auto,2022-05,36,54.999301179897216
Loss Incurred,month,cumulative,Synthetic,Portfolio,Auto,2022-05,36,663879.7488000541
Exposure,month,cumulative,Synthetic,Portfolio,Auto,2022-05,36,10704.102175382797
Earned Premium,month,cumulative,Synthetic,Portfolio,Auto,2022-05,36,858680.8824531379
Claims Reported,month,cumulative,Synthetic,Portfolio,Auto,2022-05,37,54.999507547948944
Loss Incurred,month,cumulative,Synthetic,Portfolio,Auto,2022-05,37,664003.7880825181
Exposure,month,cumulative,Synthetic,Portfolio,Auto,2022-05,37,10699.585694503861
Earned Premium,month,cumulative,Synthetic,Portfolio,Auto,2022-05,37,858150.0335854044
Claims Reported,month,cumulative,Synthetic,Portfolio,Auto,2022-05,38,54.99965297398728
Loss Incurred,month,cumulative,Synthetic,Portfolio,Auto,2022-05,38,664100.4220832508
Exposure,month,cumulative,Synthetic,Portfolio,Auto,2022-05,38,10695.486076579438
Earned Premium,month,cumulative,Synthetic,Portfolio,Auto,2022-05,38,857656.0754840219
Claims Reported,month,cumulative,Synthetic,Portfolio,Auto,2022-05,39,54.99975545444636
Loss Incurred,month,cumulative,Synthetic,Portfolio,Auto,2022-05,39,664175.700203328
Exposure,month,cumulative,Synthetic,Portfolio,Auto,2022-05,39,10691.764845918497
Earned Premium,month,cumulative,Synthetic,Portfolio,Auto,2022-05,39,857196.4444651915
Claims Reported,month,cumulative,Synthetic,Portfolio,Auto,2022-05,40,54.99982767143468
Loss Incurred,month,cumulative,Synthetic,Portfolio,Auto,2022-05,40,664234.3386843243
Exposure,month,cumulative,Synthetic,Portfolio,Auto,2022-05,40,10688.38707806617
Earned Premium,month,cumulative,Synthetic,Portfolio,Auto,2022-05,40,856768.755005539
Claims Reported,month,cumulative,Synthetic,Portfolio,Auto,2022-05,41,54.99987856200014
Loss Incurred,month,cumulative,Synthetic,Portfolio,Auto,2022-05,41,664280.0135516671
Exposure,month,cumulative,Synthetic,Portfolio,Auto,2022-05,41,10685.321072031133
Earned Premium,month,cumulative,Synthetic,Portfolio,Auto,2022-05,41,856370.7873610507
Claims Reported,month,cumulative,Synthetic,Portfolio,Auto,2022-05,42,54.999914424032056
Loss Incurred,month,cumulative,Synthetic,Portfolio,Auto,2022-05,42,664315.589525332
Exposure,month,cumulative,Synthetic,Portfolio,Auto,2022-05,42,10682.53805276579
Earned Premium,month,cumulative,Synthetic,Portfolio,Auto,2022-05,42,856000.4760464154
Claims Reported,month,cumulative,Synthetic,Portfolio,Auto,2022-05,43,54.99993969560691
Loss Incurred,month,cumulative,Synthetic,Portfolio,Auto,2022-05,43,664343.298761057
Exposure,month,cumulative,Synthetic,Portfolio,Auto,2022-05,43,10680.011901107002
Earned Premium,month,cumulative,Synthetic,Portfolio,Auto,2022-05,43,855655.8991149833
Claims Reported,month,cumulative,Synthetic,Portfolio,Auto,2022-06,0,13.254608364461747
Loss Incurred,month,cumulative,Synthetic,Portfolio,Auto,2022-06,0,86979.38228644144
Exposure,month,cumulative,Synthetic,Portfolio,Auto,2022-06,0,12860.311949524734
Earned Premium,month,cumulative,Synthetic,Portfolio,Auto,2022-06,0,956279.1789680568
Claims Reported,month,cumulative,Synthetic,Portfolio,Auto,2022-06,1,17.262626903373476
Loss Incurred,month,cumulative,Synthetic,Portfolio,Auto,2022-06,1,108199.25733969134
Exposure,month,cumulative,Synthetic,Portfolio,Auto,2022-06,1,12710.448124410686
Earned Premium,month,cumulative,Synthetic,Portfolio,Auto,2022-06,1,950223.5869352747
Claims Reported,month,cumulative,Synthetic,Portfolio,Auto,2022-06,2,21.937186216920345
Loss Incurred,month,cumulative,Synthetic,Portfolio,Auto,2022-06,2,133579.27823845233
Exposure,month,cumulative,Synthetic,Portfolio,Auto,2022-06,2,12573.973316655294
Earned Premium,month,cumulative,Synthetic,Portfolio,Auto,2022-06,2,944525.8978660036
Claims Reported,month,cumulative,Synthetic,Portfolio,Auto,2022-06,3,27.110491582584697
Loss Incurred,month,cumulative,Synthetic,Portfolio,Auto,2022-06,3,163435.97298133653
Exposure,month,cumulative,Synthetic,Portfolio,Auto,2022-06,3,12449.69133507837
Earned Premium,month,cumulative,Synthetic,Portfolio,Auto,2022-06,3,939164.9586623141
Claims Reported,month,cumulative,Synthetic,Portfolio,Auto,2022-06,4,32.51368206833396
Loss Incurred,month,cumulative,Synthetic,Portfolio,Auto,2022-06,4,197881.63202138752
Exposure,month,cumulative,Synthetic,Portfolio,Auto,2022-06,4,12336.512857682228
Earned Premium,month,cumulative,Synthetic,Portfolio,Auto,2022-06,4,934120.8664354052
Claims Reported,month,cumulative,Synthetic,Portfolio,Auto,2022-06,5,37.82623021161957
Loss Incurred,month,cumulative,Synthetic,Portfolio,Auto,2022-06,5,236740.03337054496
Exposure,month,cumulative,Synthetic,Portfolio,Auto,2022-06,5,12233.44588382825
Earned Premium,month,cumulative,Synthetic,Portfolio,Auto,2022-06,5,929374.8946146369
Claims Reported,month,cumulative,Synthetic,Portfolio,Auto,2022-06,6,42.74836066991195
Loss Incurred,month,cumulative,Synthetic,Portfolio,Auto,2022-06,6,279482.6003483326
Exposure,month,cumulative,Synthetic,Portfolio,Auto,2022-06,6,12139.587039427692
Earned Premium,month,cumulative,Synthetic,Portfolio,Auto,2022-06,6,924909.4234237322
Claims Reported,month,cumulative,Synthetic,Portfolio,Auto,2022-06,7,47.064007475165674
Loss Incurred,month,cumulative,Synthetic,Portfolio,Auto,2022-06,7,325210.32614333817
Exposure,month,cumulative,Synthetic,Portfolio,Auto,2022-06,7,12054.113658937362
Earned Premium,month,cumulative,Synthetic,Portfolio,Auto,2022-06,7,920707.8744660371
Claims Reported,month,cumulative,Synthetic,Portfolio,Auto,2022-06,8,50.66865439977099
Loss Incurred,month,cumulative,Synthetic,Portfolio,Auto,2022-06,8,372701.4302442405
Exposure,month,cumulative,Synthetic,Portfolio,Auto,2022-06,8,11976.276574759479
Earned Premium,month,cumulative,Synthetic,Portfolio,Auto,2022-06,8,916754.6491759794
Claims Reported,month,cumulative,Synthetic,Portfolio,Auto,2022-06,9,53.55937599917558
Loss Incurred,month,cumulative,Synthetic,Portfolio,Auto,2022-06,9,420528.0004279132
Exposure,month,cumulative,Synthetic,Portfolio,Auto,2022-06,9,11905.393550845385
Earned Premium,month,cumulative,Synthetic,Portfolio,Auto,2022-06,9,913035.0709082242
Claims Reported,month,cumulative,Synthetic,Portfolio,Auto,2022-06,10,55.80284551678493
Loss Incurred,month,cumulative,Synthetic,Portfolio,Auto,2022-06,10,467221.6137383112
Exposure,month,cumulative,Synthetic,Portfolio,Auto,2022-06,10,11840.843302949103
Earned Premium,month,cumulative,Synthetic,Portfolio,Auto,2022-06,10,909535.3304495278
Claims Reported,month,cumulative,Synthetic,Portfolio,Auto,2022-06,11,57.5001130123676
Loss Incurred,month,cumulative,Synthetic,Portfolio,Auto,2022-06,11,511449.0003653999
Exposure,month,cumulative,Synthetic,Portfolio,Auto,2022-06,11,11782.060053118774
Earned Premium,month,cumulative,Synthetic,Portfolio,Auto,2022-06,11,906242.434750998
Claims Reported,month,cumulative,Synthetic,Portfolio,Auto,2022-06,12,58.759528952782134
Loss Incurred,month,cumulative,Synthetic,Portfolio,Auto,2022-06,12,552154.7285319512
Exposure,month,cumulative,Synthetic,Portfolio,Auto,2022-06,12,11728.52857069647
Earned Premium,month,cumulative,Synthetic,Portfolio,Auto,2022-06,12,903144.1586904255
Claims Reported,month,cumulative,Synthetic,Portfolio,Auto,2022-06,13,59.68068071434403
Loss Incurred,month,cumulative,Synthetic,Portfolio,Auto,2022-06,13,588641.0534395087
Exposure,month,cumulative,Synthetic,Portfolio,Auto,2022-06,13,11679.779656361172
Earned Premium,month,cumulative,Synthetic,Portfolio,Auto,2022-06,13,900228.9996856009
Claims Reported,month,cumulative,Synthetic,Portfolio,Auto,2022-06,14,60.34734622744428
Loss Incurred,month,cumulative,Synthetic,Portfolio,Auto,2022-06,14,620577.8983461581
Exposure,month,cumulative,Synthetic,Portfolio,Auto,2022-06,14,11635.386029632833
Earned Premium,month,cumulative,Synthetic,Portfolio,Auto,2022-06,14,897486.1349901162
Claims Reported,month,cumulative,Synthetic,Portfolio,Auto,2022-06,15,60.82615435356387
Loss Incurred,month,cumulative,Synthetic,Portfolio,Auto,2022-06,15,647956.659878338
Exposure,month,cumulative,Synthetic,Portfolio,Auto,2022-06,15,11594.958583791891
Earned Premium,month,cumulative,Synthetic,Portfolio,Auto,2022-06,15,894905.381513107
Claims Reported,month,cumulative,Synthetic,Portfolio,Auto,2022-06,16,61.16815398734344
Loss Incurred,month,cumulative,Synthetic,Portfolio,Auto,2022-06,16,671012.1444638079
Exposure,month,cumulative,Synthetic,Portfolio,Auto,2022-06,16,11558.142975388826
Earned Premium,month,cumulative,Synthetic,Portfolio,Auto,2022-06,16,892477.1580137635
Claims Reported,month,cumulative,Synthetic,Portfolio,Auto,2022-06,17,61.411476195832826
Loss Incurred,month,cumulative,Synthetic,Portfolio,Auto,2022-06,17,690136.6297265319
Exposure,month,cumulative,Synthetic,Portfolio,Auto,2022-06,17,11524.616518451121
Earned Premium,month,cumulative,Synthetic,Portfolio,Auto,2022-06,17,890192.4495302562
Claims Reported,month,cumulative,Synthetic,Portfolio,Auto,2022-06,18,61.584108459608565
Loss Incurred,month,cumulative,Synthetic,Portfolio,Auto,2022-06,18,705803.0319912162
Exposure,month,cumulative,Synthetic,Portfolio,Auto,2022-06,18,11494.085356165553
Earned Premium,month,cumulative,Synthetic,Portfolio,Auto,2022-06,18,888042.7739110139
Claims Reported,month,cumulative,Synthetic,Portfolio,Auto,2022-06,19,61.706344473520204
Loss Incurred,month,cumulative,Synthetic,Portfolio,Auto,2022-06,19,718505.5762733232
Exposure,month,cumulative,Synthetic,Portfolio,Auto,2022-06,19,11466.281885245866
Earned Premium,month,cumulative,Synthetic,Portfolio,Auto,2022-06,19,886020.1503240995
Claims Reported,month,cumulative,Synthetic,Portfolio,Auto,2022-06,20,61.79277459992238
Loss Incurred,month,cumulative,Synthetic,Portfolio,Auto,2022-06,20,728719.5323945829
Exposure,month,cumulative,Synthetic,Portfolio,Auto,2022-06,20,11440.962410410564
Earned Premium,month,cumulative,Synthetic,Portfolio,Auto,2022-06,20,884117.0696277736
Claims Reported,month,cumulative,Synthetic,Portfolio,Auto,2022-06,21,61.85382645036578
Loss Incurred,month,cumulative,Synthetic,Portfolio,Auto,2022-06,21,736877.5673128435
Exposure,month,cumulative,Synthetic,Portfolio,Auto,2022-06,21,11417.905008412548
Earned Premium,month,cumulative,Synthetic,Portfolio,Auto,2022-06,21,882326.4664922426
Claims Reported,month,cumulative,Synthetic,Portfolio,Auto,2022-06,22,61.896921473296764
Loss Incurred,month,cumulative,Synthetic,Portfolio,Auto,2022-06,22,743358.6856203829
Exposure,month,cumulative,Synthetic,Portfolio,Auto,2022-06,22,11396.90758289893
Earned Premium,month,cumulative,Synthetic,Portfolio,Auto,2022-06,22,880641.6931690916
Claims Reported,month,cumulative,Synthetic,Portfolio,Auto,2022-06,23,61.92732610901919
Loss Incurred,month,cumulative,Synthetic,Portfolio,Auto,2022-06,23,748485.699585857
Exposure,month,cumulative,Synthetic,Portfolio,Auto,2022-06,23,11377.786093052073
Earned Premium,month,cumulative,Synthetic,Portfolio,Auto,2022-06,23,879056.4948110201
Claims Reported,month,cumulative,Synthetic,Portfolio,Auto,2022-06,24,61.948769841136
Loss Incurred,month,cumulative,Synthetic,Portfolio,Auto,2022-06,24,752527.8740185976
Exposure,month,cumulative,Synthetic,Portfolio,Auto,2022-06,24,11360.372940485999
Earned Premium,month,cumulative,Synthetic,Portfolio,Auto,2022-06,24,877564.9862502525
Claims Reported,month,cumulative,Synthetic,Portfolio,Auto,2022-06,25,61.96388990584092
Loss Incurred,month,cumulative,Synthetic,Portfolio,Auto,2022-06,25,755706.2916489914
Exposure,month,cumulative,Synthetic,Portfolio,Auto,2022-06,25,11344.515500259435
Earned Premium,month,cumulative,Synthetic,Portfolio,Auto,2022-06,25,876161.6301494113
Claims Reported,month,cumulative,Synthetic,Portfolio,Auto,2022-06,26,61.974549269308156
Loss Incurred,month,cumulative,Synthetic,Portfolio,Auto,2022-06,26,758200.3045983312
Exposure,month,cumulative,Synthetic,Portfolio,Auto,2022-06,26,11330.07478312996
Earned Premium,month,cumulative,Synthetic,Portfolio,Auto,2022-06,26,874841.216443737
Claims Reported,month,cumulative,Synthetic,Portfolio,Auto,2022-06,27,61.982062998807194
Loss Incurred,month,cumulative,Synthetic,Portfolio,Auto,2022-06,27,760154.0756656867
Exposure,month,cumulative,Synthetic,Portfolio,Auto,2022-06,27,11316.924217324002
Earned Premium,month,cumulative,Synthetic,Portfolio,Auto,2022-06,27,873598.8429983319
Claims Reported,month,cumulative,Synthetic,Portfolio,Auto,2022-06,28,61.98735892889608
Loss Incurred,month,cumulative,Synthetic,Portfolio,Auto,2022-06,28,761682.6626923144
Exposure,month,cumulative,Synthetic,Portfolio,Auto,2022-06,28,11304.94853914498
Earned Premium,month,cumulative,Synthetic,Portfolio,Auto,2022-06,28,872429.8974086163
Claims Reported,month,cumulative,Synthetic,Portfolio,Auto,2022-06,29,61.99109145136248
Loss Incurred,month,cumulative,Synthetic,Portfolio,Auto,2022-06,29,762877.392407123
Exposure,month,cumulative,Synthetic,Portfolio,Auto,2022-06,29,11294.042782695895
Earned Premium,month,cumulative,Synthetic,Portfolio,Auto,2022-06,29,871330.0398764312
Claims Reported,month,cumulative,Synthetic,Portfolio,Auto,2022-06,30,61.99372198548807
Loss Incurred,month,cumulative,Synthetic,Portfolio,Auto,2022-06,30,763810.4481050433
Exposure,month,cumulative,Synthetic,Portfolio,Auto,2022-06,30,11284.111359861306
Earned Premium,month,cumulative,Synthetic,Portfolio,Auto,2022-06,30,870295.1870982121
Claims Reported,month,cumulative,Synthetic,Portfolio,Auto,2022-06,31,61.99557582565125
Loss Incurred,month,cumulative,Synthetic,Portfolio,Auto,2022-06,31,764538.695055817
Exposure,month,cumulative,Synthetic,Portfolio,Auto,2022-06,31,11275.067222484882
Earned Premium,month,cumulative,Synthetic,Portfolio,Auto,2022-06,31,869321.4971054179
Claims Reported,month,cumulative,Synthetic,Portfolio,Auto,2022-06,32,61.99688227133044
Loss Incurred,month,cumulative,Synthetic,Portfolio,Auto,2022-06,32,765106.8169562023
Exposure,month,cumulative,Synthetic,Portfolio,Auto,2022-06,32,11266.831099398998
Earned Premium,month,cumulative,Synthetic,Portfolio,Auto,2022-06,32,868405.3550009351
Claims Reported,month,cumulative,Synthetic,Portfolio,Auto,2022-06,33,61.99780294111318
Loss Incurred,month,cumulative,Synthetic,Portfolio,Auto,2022-06,33,765549.8559160457
Exposure,month,cumulative,Synthetic,Portfolio,Auto,2022-06,33,11259.33080161906
Earned Premium,month,cumulative,Synthetic,Portfolio,Auto,2022-06,33,867543.3595385011
Claims Reported,month,cumulative,Synthetic,Portfolio,Auto,2022-06,34,61.99845174256784
Loss Incurred,month,cumulative,Synthetic,Portfolio,Auto,2022-06,34,765895.2505636398
Exposure,month,cumulative,Synthetic,Portfolio,Auto,2022-06,34,11252.500589612619
Earned Premium,month,cumulative,Synthetic,Portfolio,Auto,2022-06,34,866732.3104953218
Claims Reported,month,cumulative,Synthetic,Portfolio,Auto,2022-06,35,61.998908953381815
Loss Incurred,month,cumulative,Synthetic,Portfolio,Auto,2022-06,35,766164.4601410433
Exposure,month,cumulative,Synthetic,Portfolio,Auto,2022-06,35,11246.280597097424
Earned Premium,month,cumulative,Synthetic,Portfolio,Auto,2022-06,35,865969.1967910054
Claims Reported,month,cumulative,Synthetic,Portfolio,Auto,2022-06,36,61.99923114844729
Loss Incurred,month,cumulative,Synthetic,Portfolio,Auto,2022-06,36,766374.2518953518
Exposure,month,cumulative,Synthetic,Portfolio,Auto,2022-06,36,11240.61630631808
Earned Premium,month,cumulative,Synthetic,Portfolio,Auto,2022-06,36,865251.1853087001
Claims Reported,month,cumulative,Synthetic,Portfolio,Auto,2022-06,37,61.99945819748392
Loss Incurred,month,cumulative,Synthetic,Portfolio,Auto,2022-06,37,766537.7174757035
Exposure,month,cumulative,Synthetic,Portfolio,Auto,2022-06,37,11235.458070202101
Earned Premium,month,cumulative,Synthetic,Portfolio,Auto,2022-06,37,864575.6103769352
Claims Reported,month,cumulative,Synthetic,Portfolio,Auto,2022-06,38,61.99961819723463
Loss Incurred,month,cumulative,Synthetic,Portfolio,Auto,2022-06,38,766665.0729077465
Exposure,month,cumulative,Synthetic,Portfolio,Auto,2022-06,38,11230.760677207165
Earned Premium,month,cumulative,Synthetic,Portfolio,Auto,2022-06,38,863939.9638731165
Claims Reported,month,cumulative,Synthetic,Portfolio,Auto,2022-06,39,61.99973094764933
Loss Incurred,month,cumulative,Synthetic,Portfolio,Auto,2022-06,39,766764.2867343952
Exposure,month,cumulative,Synthetic,Portfolio,Auto,2022-06,39,11226.482955045412
Earned Premium,month,cumulative,Synthetic,Portfolio,Auto,2022-06,39,863341.8859119327
Claims Reported,month,cumulative,Synthetic,Portfolio,Auto,2022-06,40,61.99981040177
Loss Incurred,month,cumulative,Synthetic,Portfolio,Auto,2022-06,40,766841.572328652
Exposure,month,cumulative,Synthetic,Portfolio,Auto,2022-06,40,11222.587409811516
Earned Premium,month,cumulative,Synthetic,Portfolio,Auto,2022-06,40,862779.1560841037
Claims Reported,month,cumulative,Synthetic,Portfolio,Auto,2022-06,41,61.99986639226483
Loss Incurred,month,cumulative,Synthetic,Portfolio,Auto,2022-06,41,766901.773202503
Exposure,month,cumulative,Synthetic,Portfolio,Auto,2022-06,41,11219.0398973515
Earned Premium,month,cumulative,Synthetic,Portfolio,Auto,2022-06,41,862249.6852129459
Claims Reported,month,cumulative,Synthetic,Portfolio,Auto,2022-06,42,61.99990584816041
Loss Incurred,month,cumulative,Synthetic,Portfolio,Auto,2022-06,42,766948.6642377704
Exposure,month,cumulative,Synthetic,Portfolio,Auto,2022-06,42,11215.809323991834
Earned Premium,month,cumulative,Synthetic,Portfolio,Auto,2022-06,42,861751.507598146
Claims Reported,month,cumulative,Synthetic,Portfolio,Auto,2022-07,0,8.200245550843317
Loss Incurred,month,cumulative,Synthetic,Portfolio,Auto,2022-07,0,54314.885909110904
Exposure,month,cumulative,Synthetic,Portfolio,Auto,2022-07,0,11512.090099369687
Earned Premium,month,cumulative,Synthetic,Portfolio,Auto,2022-07,0,831676.2473904961
Claims Reported,month,cumulative,Synthetic,Portfolio,Auto,2022-07,1,10.716069595684905
Loss Incurred,month,cumulative,Synthetic,Portfolio,Auto,2022-07,1,67494.18247459158
Exposure,month,cumulative,Synthetic,Portfolio,Auto,2022-07,1,11389.305671494509
Earned Premium,month,cumulative,Synthetic,Portfolio,Auto,2022-07,1,826553.3742575457
Claims Reported,month,cumulative,Synthetic,Portfolio,Auto,2022-07,2,13.671897384194443
Loss Incurred,month,cumulative,Synthetic,Portfolio,Auto,2022-07,2,83220.63480755048
Exposure,month,cumulative,Synthetic,Portfolio,Auto,2022-07,2,11276.561365461255
Earned Premium,month,cumulative,Synthetic,Portfolio,Auto,2022-07,2,821725.0176579708
Claims Reported,month,cumulative,Synthetic,Portfolio,Auto,2022-07,3,16.970548767079617
Loss Incurred,month,cumulative,Synthetic,Portfolio,Auto,2022-07,3,101670.11403291664
Exposure,month,cumulative,Synthetic,Portfolio,Auto,2022-07,3,11173.036197303592
Earned Premium,month,cumulative,Synthetic,Portfolio,Auto,2022-07,3,817174.2456892666
Claims Reported,month,cumulative,Synthetic,Portfolio,Auto,2022-07,4,20.446980868542838
Loss Incurred,month,cumulative,Synthetic,Portfolio,Auto,2022-07,4,122887.2224324903
Exposure,month,cumulative,Synthetic,Portfolio,Auto,2022-07,4,11077.976315176053
Earned Premium,month,cumulative,Synthetic,Portfolio,Auto,2022-07,4,812885.0998724544
Claims Reported,month,cumulative,Synthetic,Portfolio,Auto,2022-07,5,23.896597801070065
Loss Incurred,month,cumulative,Synthetic,Portfolio,Auto,2022-07,5,146735.3323121075
Exposure,month,cumulative,Synthetic,Portfolio,Auto,2022-07,5,10990.689509939091
Earned Premium,month,cumulative,Synthetic,Portfolio,Auto,2022-07,5,808842.5391894776
Claims Reported,month,cumulative,Synthetic,Portfolio,Auto,2022-07,6,27.120958725748906
Loss Incurred,month,cumulative,Synthetic,Portfolio,Auto,2022-07,6,172861.2294711045
Exposure,month,cumulative,Synthetic,Portfolio,Auto,2022-07,6,10910.540174615351
Earned Premium,month,cumulative,Synthetic,Portfolio,Auto,2022-07,6,805032.3873379144
Claims Reported,month,cumulative,Synthetic,Portfolio,Auto,2022-07,7,29.970670709297504
Loss Incurred,month,cumulative,Synthetic,Portfolio,Auto,2022-07,7,200689.59870944562
Exposure,month,cumulative,Synthetic,Portfolio,Auto,2022-07,7,10836.944676012808
Earned Premium,month,cumulative,Synthetic,Portfolio,Auto,2022-07,7,801441.2830180458
Claims Reported,month,cumulative,Synthetic,Portfolio,Auto,2022-07,8,32.36729089706355
Loss Incurred,month,cumulative,Synthetic,Portfolio,Auto,2022-07,8,229458.30407671488
Exposure,month,cumulative,Synthetic,Portfolio,Auto,2022-07,8,10769.36710481176
Earned Premium,month,cumulative,Synthetic,Portfolio,Auto,2022-07,8,798056.6330779421
Claims Reported,month,cumulative,Synthetic,Portfolio,Auto,2022-07,9,34.30012879922801
Loss Incurred,month,cumulative,Synthetic,Portfolio,Auto,2022-07,9,258294.42708324228
Exposure,month,cumulative,Synthetic,Portfolio,Auto,2022-07,9,10707.315373168552
Earned Premium,month,cumulative,Synthetic,Portfolio,Auto,2022-07,9,794866.5683522637
Claims Reported,month,cumulative,Synthetic,Portfolio,Auto,2022-07,10,35.8069196532596
Loss Incurred,month,cumulative,Synthetic,Portfolio,Auto,2022-07,10,286316.899620146
Exposure,month,cumulative,Synthetic,Portfolio,Auto,2022-07,10,10650.337631419516
Earned Premium,month,cumulative,Synthetic,Portfolio,Auto,2022-07,10,791859.9020399106
Claims Reported,month,cumulative,Synthetic,Portfolio,Auto,2022-07,11,36.950792941496175
Loss Incurred,month,cumulative,Synthetic,Portfolio,Auto,2022-07,11,312741.1598838536
Exposure,month,cumulative,Synthetic,Portfolio,Auto,2022-07,11,10598.018977792137
Earned Premium,month,cumulative,Synthetic,Portfolio,Auto,2022-07,11,789026.0904745618
Claims Reported,month,cumulative,Synthetic,Portfolio,Auto,2022-07,12,37.80177435257073
Loss Incurred,month,cumulative,Synthetic,Portfolio,Auto,2022-07,12,336960.43528441805
Exposure,month,cumulative,Synthetic,Portfolio,Auto,2022-07,12,10549.978437164222
Earned Premium,month,cumulative,Synthetic,Portfolio,Auto,2022-07,12,786355.1961505355
Claims Reported,month,cumulative,Synthetic,Portfolio,Auto,2022-07,13,38.42538200510196
Loss Incurred,month,cumulative,Synthetic,Portfolio,Auto,2022-07,13,358587.5026107113
Exposure,month,cumulative,Synthetic,Portfolio,Auto,2022-07,13,10505.86618687086
Earned Premium,month,cumulative,Synthetic,Portfolio,Auto,2022-07,13,783837.852874312
Claims Reported,month,cumulative,Synthetic,Portfolio,Auto,2022-07,14,38.8773343683964
Loss Incurred,month,cumulative,Synthetic,Portfolio,Auto,2022-07,14,377454.81641073537
Exposure,month,cumulative,Synthetic,Portfolio,Auto,2022-07,14,10465.361009358074
Earned Premium,month,cumulative,Synthetic,Portfolio,Auto,2022-07,14,781465.2329195114
Claims Reported,month,cumulative,Synthetic,Portfolio,Auto,2022-07,15,39.20225889266289
Loss Incurred,month,cumulative,Synthetic,Portfolio,Auto,2022-07,15,393582.6970279051
Exposure,month,cumulative,Synthetic,Portfolio,Auto,2022-07,15,10428.167953133749
Earned Premium,month,cumulative,Synthetic,Portfolio,Auto,2022-07,15,779229.0160701501
Claims Reported,month,cumulative,Synthetic,Portfolio,Auto,2022-07,16,39.43451086005008
Loss Incurred,month,cumulative,Synthetic,Portfolio,Auto,2022-07,16,407130.612123779
Exposure,month,cumulative,Synthetic,Portfolio,Auto,2022-07,16,10394.016184983393
Earned Premium,month,cumulative,Synthetic,Portfolio,Auto,2022-07,16,777121.3604436137
Claims Reported,month,cumulative,Synthetic,Portfolio,Auto,2022-07,17,39.59983589631524
Loss Incurred,month,cumulative,Synthetic,Portfolio,Auto,2022-07,17,418345.5799812735
Exposure,month,cumulative,Synthetic,Portfolio,Auto,2022-07,17,10362.657017810867
Earned Premium,month,cumulative,Synthetic,Portfolio,Auto,2022-07,17,775134.8749910339
Claims Reported,month,cumulative,Synthetic,Portfolio,Auto,2022-07,18,39.71717355937905
Loss Incurred,month,cumulative,Synthetic,Portfolio,Auto,2022-07,18,427517.1610042127
Exposure,month,cumulative,Synthetic,Portfolio,Auto,2022-07,18,10333.862099743232
Earned Premium,month,cumulative,Synthetic,Portfolio,Auto,2022-07,18,773262.5935786307
Claims Reported,month,cumulative,Synthetic,Portfolio,Auto,2022-07,19,39.800278547375555
Loss Incurred,month,cumulative,Synthetic,Portfolio,Auto,2022-07,19,434943.3865170078
Exposure,month,cumulative,Synthetic,Portfolio,Auto,2022-07,19,10307.421751313052
Earned Premium,month,cumulative,Synthetic,Portfolio,Auto,2022-07,19,771497.9505591319
Claims Reported,month,cumulative,Synthetic,Portfolio,Auto,2022-07,20,39.85905084110355
Loss Incurred,month,cumulative,Synthetic,Portfolio,Auto,2022-07,20,440908.0923533765
Exposure,month,cumulative,Synthetic,Portfolio,Auto,2022-07,20,10283.143438609843
Earned Premium,month,cumulative,Synthetic,Portfolio,Auto,2022-07,20,769834.7577476044
Claims Reported,month,cumulative,Synthetic,Portfolio,Auto,2022-07,21,39.90057134109344
Loss Incurred,month,cumulative,Synthetic,Portfolio,Auto,2022-07,21,445667.9512946896
Exposure,month,cumulative,Synthetic,Portfolio,Auto,2022-07,21,10260.850371282411
Earned Premium,month,cumulative,Synthetic,Portfolio,Auto,2022-07,21,768267.1827209552
Claims Reported,month,cumulative,Synthetic,Portfolio,Auto,2022-07,22,39.92988233760279
Loss Incurred,month,cumulative,Synthetic,Portfolio,Auto,2022-07,22,449446.72261122236
Exposure,month,cumulative,Synthetic,Portfolio,Auto,2022-07,22,10240.380215182982
Earned Premium,month,cumulative,Synthetic,Portfolio,Auto,2022-07,22,766789.7283650065
Claims Reported,month,cumulative,Synthetic,Portfolio,Auto,2022-07,23,39.95056332681804
Loss Incurred,month,cumulative,Synthetic,Portfolio,Auto,2022-07,23,452434.3134596693
Exposure,month,cumulative,Synthetic,Portfolio,Auto,2022-07,23,10221.58391027884
Earned Premium,month,cumulative,Synthetic,Portfolio,Auto,2022-07,23,765397.213597418
Claims Reported,month,cumulative,Synthetic,Portfolio,Auto,2022-07,24,39.965149845570544
Loss Incurred,month,cumulative,Synthetic,Portfolio,Auto,2022-07,24,454788.7064365523
Exposure,month,cumulative,Synthetic,Portfolio,Auto,2022-07,24,10204.3245852237
Earned Premium,month,cumulative,Synthetic,Portfolio,Auto,2022-07,24,764084.7551988595
Claims Reported,month,cumulative,Synthetic,Portfolio,Auto,2022-07,25,39.97543519092864
Loss Incurred,month,cumulative,Synthetic,Portfolio,Auto,2022-07,25,456639.3514978671
Exposure,month,cumulative,Synthetic,Portfolio,Auto,2022-07,25,10188.476560684936
Earned Premium,month,cumulative,Synthetic,Portfolio,Auto,2022-07,25,762847.7506887169
Claims Reported,month,cumulative,Synthetic,Portfolio,Auto,2022-07,26,39.98268633166595
Loss Incurred,month,cumulative,Synthetic,Portfolio,Auto,2022-07,26,458091.1010334373
Exposure,month,cumulative,Synthetic,Portfolio,Auto,2022-07,26,10173.924434169043
Earned Premium,month,cumulative,Synthetic,Portfolio,Auto,2022-07,26,761681.8621852843
Claims Reported,month,cumulative,Synthetic,Portfolio,Auto,2022-07,27,39.98779770439782
Loss Incurred,month,cumulative,Synthetic,Portfolio,Auto,2022-07,27,459228.1344480732
Exposure,month,cumulative,Synthetic,Portfolio,Auto,2022-07,27,10160.562239681236
Earned Premium,month,cumulative,Synthetic,Portfolio,Auto,2022-07,27,760583.0011938397
Claims Reported,month,cumulative,Synthetic,Portfolio,Auto,2022-07,28,39.991400412910224
Loss Incurred,month,cumulative,Synthetic,Portfolio,Auto,2022-07,28,460117.5742779489
Exposure,month,cumulative,Synthetic,Portfolio,Auto,2022-07,28,10148.292676099925
Earned Premium,month,cumulative,Synthetic,Portfolio,Auto,2022-07,28,759547.3142692642
Claims Reported,month,cumulative,Synthetic,Portfolio,Auto,2022-07,29,39.9939395886318
Loss Incurred,month,cumulative,Synthetic,Portfolio,Auto,2022-07,29,460812.66080217913
Exposure,month,cumulative,Synthetic,Portfolio,Auto,2022-07,29,10137.026398647282
Earned Premium,month,cumulative,Synthetic,Portfolio,Auto,2022-07,29,758571.1695029214
Claims Reported,month,cumulative,Synthetic,Portfolio,Auto,2022-07,30,39.99572910919846
Loss Incurred,month,cumulative,Synthetic,Portfolio,Auto,2022-07,30,461355.4511087182
Exposure,month,cumulative,Synthetic,Portfolio,Auto,2022-07,30,10126.681368296466
Earned Premium,month,cumulative,Synthetic,Portfolio,Auto,2022-07,30,757651.1437864155
Claims Reported,month,cumulative,Synthetic,Portfolio,Auto,2022-07,31,39.99699025921916
Loss Incurred,month,cumulative,Synthetic,Portfolio,Auto,2022-07,31,461779.0631516373
Exposure,month,cumulative,Synthetic,Portfolio,Auto,2022-07,31,10117.182254378033
Earned Premium,month,cumulative,Synthetic,Portfolio,Auto,2022-07,31,756784.0108075608
Claims Reported,month,cumulative,Synthetic,Portfolio,Auto,2022-07,32,39.997879024389874
Loss Incurred,month,cumulative,Synthetic,Portfolio,Auto,2022-07,32,462109.51176152326
Exposure,month,cumulative,Synthetic,Portfolio,Auto,2022-07,32,10108.45988603542
Earned Premium,month,cumulative,Synthetic,Portfolio,Auto,2022-07,32,755966.7297364695
Claims Reported,month,cumulative,Synthetic,Portfolio,Auto,2022-07,33,39.99850535034463
Loss Incurred,month,cumulative,Synthetic,Portfolio,Auto,2022-07,33,462367.193167829
Exposure,month,cumulative,Synthetic,Portfolio,Auto,2022-07,33,10100.450748535068
Earned Premium,month,cumulative,Synthetic,Portfolio,Auto,2022-07,33,755196.434562082
Claims Reported,month,cumulative,Synthetic,Portfolio,Auto,2022-07,34,39.99894672656701
Loss Incurred,month,cumulative,Synthetic,Portfolio,Auto,2022-07,34,462568.07479117636
Exposure,month,cumulative,Synthetic,Portfolio,Auto,2022-07,34,10093.096520763447
Earned Premium,month,cumulative,Synthetic,Portfolio,Auto,2022-07,34,754470.4240417448
Claims Reported,month,cumulative,Synthetic,Portfolio,Auto,2022-07,35,39.999257764984854
Loss Incurred,month,cumulative,Synthetic,Portfolio,Auto,2022-07,35,462724.64250345726
Exposure,month,cumulative,Synthetic,Portfolio,Auto,2022-07,35,10086.34365054309
Earned Premium,month,cumulative,Synthetic,Portfolio,Auto,2022-07,35,753786.1522285929
Claims Reported,month,cumulative,Synthetic,Portfolio,Auto,2022-07,36,39.99947695295889
Loss Incurred,month,cumulative,Synthetic,Portfolio,Auto,2022-07,36,462846.65099434485
Exposure,month,cumulative,Synthetic,Portfolio,Auto,2022-07,36,10080.142964675166
Earned Premium,month,cumulative,Synthetic,Portfolio,Auto,2022-07,36,753141.2195435175
Claims Reported,month,cumulative,Synthetic,Portfolio,Auto,2022-07,37,39.99963141355644
Loss Incurred,month,cumulative,Synthetic,Portfolio,Auto,2022-07,37,462941.71587851446
Exposure,month,cumulative,Synthetic,Portfolio,Auto,2022-07,37,10074.449310869
Earned Premium,month,cumulative,Synthetic,Portfolio,Auto,2022-07,37,752533.36436041
Claims Reported,month,cumulative,Synthetic,Portfolio,Auto,2022-07,38,39.999740260816395
Loss Incurred,month,cumulative,Synthetic,Portfolio,Auto,2022-07,38,463015.77953842445
Exposure,month,cumulative,Synthetic,Portfolio,Auto,2022-07,38,10069.221228951135
Earned Premium,month,cumulative,Synthetic,Portfolio,Auto,2022-07,38,751960.4550751761
Claims Reported,month,cumulative,Synthetic,Portfolio,Auto,2022-07,39,39.99981696453989
Loss Incurred,month,cumulative,Synthetic,Portfolio,Auto,2022-07,39,463073.4767916851
Exposure,month,cumulative,Synthetic,Portfolio,Auto,2022-07,39,10064.420648959722
Earned Premium,month,cumulative,Synthetic,Portfolio,Auto,2022-07,39,751420.4826307045
Claims Reported,month,cumulative,Synthetic,Portfolio,Auto,2022-07,40,39.99987101691697
Loss Incurred,month,cumulative,Synthetic,Portfolio,Auto,2022-07,40,463118.421418875
Exposure,month,cumulative,Synthetic,Portfolio,Auto,2022-07,40,10060.01261392584
Earned Premium,month,cumulative,Synthetic,Portfolio,Auto,2022-07,40,750911.5534715803
Claims Reported,month,cumulative,Synthetic,Portfolio,Auto,2022-07,41,39.999909107071055
Loss Incurred,month,cumulative,Synthetic,Portfolio,Auto,2022-07,41,463153.43037327606
Exposure,month,cumulative,Synthetic,Portfolio,Auto,2022-07,41,10055.965025323067
Earned Premium,month,cumulative,Synthetic,Portfolio,Auto,2022-07,41,750431.8829038341
Claims Reported,month,cumulative,Synthetic,Portfolio,Auto,2022-08,0,11.372001286568118
Loss Incurred,month,cumulative,Synthetic,Portfolio,Auto,2022-08,0,57538.949317526094
Exposure,month,cumulative,Synthetic,Portfolio,Auto,2022-08,0,11722.147878905886
Earned Premium,month,cumulative,Synthetic,Portfolio,Auto,2022-08,0,869651.6620203461
Claims Reported,month,cumulative,Synthetic,Portfolio,Auto,2022-08,1,14.806290767593794
Loss Incurred,month,cumulative,Synthetic,Portfolio,Auto,2022-08,1,71977.80704330743
Exposure,month,cumulative,Synthetic,Portfolio,Auto,2022-08,1,11620.553426091998
Earned Premium,month,cumulative,Synthetic,Portfolio,Auto,2022-08,1,865220.9103295841
Claims Reported,month,cumulative,Synthetic,Portfolio,Auto,2022-08,2,18.809100625712606
Loss Incurred,month,cumulative,Synthetic,Portfolio,Auto,2022-08,2,89461.51471654125
Exposure,month,cumulative,Synthetic,Portfolio,Auto,2022-08,2,11525.709526670176
Earned Premium,month,cumulative,Synthetic,Portfolio,Auto,2022-08,2,861000.8497769224
Claims Reported,month,cumulative,Synthetic,Portfolio,Auto,2022-08,3,23.235714611980875
Loss Incurred,month,cumulative,Synthetic,Portfolio,Auto,2022-08,3,110333.79283148331
Exposure,month,cumulative,Synthetic,Portfolio,Auto,2022-08,3,11437.167632812887
Earned Premium,month,cumulative,Synthetic,Portfolio,Auto,2022-08,3,856981.4615757592
Claims Reported,month,cumulative,Synthetic,Portfolio,Auto,2022-08,4,27.855368790231203
Loss Incurred,month,cumulative,Synthetic,Portfolio,Auto,2022-08,4,134833.2862795932
Exposure,month,cumulative,Synthetic,Portfolio,Auto,2022-08,4,11354.509000938544
Earned Premium,month,cumulative,Synthetic,Portfolio,Auto,2022-08,4,853153.20335291
Claims Reported,month,cumulative,Synthetic,Portfolio,Auto,2022-08,5,32.39387903070927
Loss Incurred,month,cumulative,Synthetic,Portfolio,Auto,2022-08,5,163025.60192309797
Exposure,month,cumulative,Synthetic,Portfolio,Auto,2022-08,5,11277.342711336125
Earned Premium,month,cumulative,Synthetic,Portfolio,Auto,2022-08,5,849506.986494192
Claims Reported,month,cumulative,Synthetic,Portfolio,Auto,2022-08,6,36.59563281397959
Loss Incurred,month,cumulative,Synthetic,Portfolio,Auto,2022-08,6,194736.39772792262
Exposure,month,cumulative,Synthetic,Portfolio,Auto,2022-08,6,11205.303819377978
Earned Premium,month,cumulative,Synthetic,Portfolio,Auto,2022-08,6,846034.1545672737
Claims Reported,month,cumulative,Synthetic,Portfolio,Auto,2022-08,7,40.27711711526451
Loss Incurred,month,cumulative,Synthetic,Portfolio,Auto,2022-08,7,229503.36094842738
Exposure,month,cumulative,Synthetic,Portfolio,Auto,2022-08,7,11138.051629577272
Earned Premium,month,cumulative,Synthetic,Portfolio,Auto,2022-08,7,842726.462770559
Claims Reported,month,cumulative,Synthetic,Portfolio,Auto,2022-08,8,43.35025677290858
Loss Incurred,month,cumulative,Synthetic,Portfolio,Auto,2022-08,8,266567.42942742497
Exposure,month,cumulative,Synthetic,Portfolio,Auto,2022-08,8,11075.268084327612
Earned Premium,month,cumulative,Synthetic,Portfolio,Auto,2022-08,8,839576.0583593206
Claims Reported,month,cumulative,Synthetic,Portfolio,Auto,2022-08,9,45.813542108602405
Loss Incurred,month,cumulative,Synthetic,Portfolio,Auto,2022-08,9,304918.166870628
Exposure,month,cumulative,Synthetic,Portfolio,Auto,2022-08,9,11016.656259704545
Earned Premium,month,cumulative,Synthetic,Portfolio,Auto,2022-08,9,836575.462002608
Claims Reported,month,cumulative,Synthetic,Portfolio,Auto,2022-08,10,47.72454697539395
Loss Incurred,month,cumulative,Synthetic,Portfolio,Auto,2022-08,10,343393.76902663737
Exposure,month,cumulative,Synthetic,Portfolio,Auto,2022-08,10,10961.938961215194
Earned Premium,month,cumulative,Synthetic,Portfolio,Auto,2022-08,10,833717.5500266728
Claims Reported,month,cumulative,Synthetic,Portfolio,Auto,2022-08,11,49.16986654507817
Loss Incurred,month,cumulative,Synthetic,Portfolio,Auto,2022-08,11,380817.3394471394
Exposure,month,cumulative,Synthetic,Portfolio,Auto,2022-08,11,10910.857412854823
Earned Premium,month,cumulative,Synthetic,Portfolio,Auto,2022-08,11,830995.537502755
Claims Reported,month,cumulative,Synthetic,Portfolio,Auto,2022-08,12,50.24209351620132
Loss Incurred,month,cumulative,Synthetic,Portfolio,Auto,2022-08,12,416136.91106087266
Exposure,month,cumulative,Synthetic,Portfolio,Auto,2022-08,12,10863.170033270457
Earned Premium,month,cumulative,Synthetic,Portfolio,Auto,2022-08,12,828402.9621390786
Claims Reported,month,cumulative,Synthetic,Portfolio,Auto,2022-08,13,51.026205154551164
Loss Incurred,month,cumulative,Synthetic,Portfolio,Auto,2022-08,13,448535.16375845467
Exposure,month,cumulative,Synthetic,Portfolio,Auto,2022-08,13,10818.651293243624
Earned Premium,month,cumulative,Synthetic,Portfolio,Auto,2022-08,13,825933.6689388154
Claims Reported,month,cumulative,Synthetic,Portfolio,Auto,2022-08,14,51.593623184109795
Loss Incurred,month,cumulative,Synthetic,Portfolio,Auto,2022-08,14,477486.79897006217
Exposure,month,cumulative,Synthetic,Portfolio,Auto,2022-08,14,10777.090649088905
Earned Premium,month,cumulative,Synthetic,Portfolio,Auto,2022-08,14,823581.7955875929
Claims Reported,month,cumulative,Synthetic,Portfolio,Auto,2022-08,15,52.00111552660522
Loss Incurred,month,cumulative,Synthetic,Portfolio,Auto,2022-08,15,502760.21122533584
Exposure,month,cumulative,Synthetic,Portfolio,Auto,2022-08,15,10738.291546923976
Earned Premium,month,cumulative,Synthetic,Portfolio,Auto,2022-08,15,821341.7585358566
Claims Reported,month,cumulative,Synthetic,Portfolio,Auto,2022-08,16,52.29215836932828
Loss Incurred,month,cumulative,Synthetic,Portfolio,Auto,2022-08,16,524376.0316881797
Exposure,month,cumulative,Synthetic,Portfolio,Auto,2022-08,16,10702.070493101983
Earned Premium,month,cumulative,Synthetic,Portfolio,Auto,2022-08,16,819208.2397430425
Claims Reported,month,cumulative,Synthetic,Portfolio,Auto,2022-08,17,52.49921732709321
Loss Incurred,month,cumulative,Synthetic,Portfolio,Auto,2022-08,17,542542.5200227572
Exposure,month,cumulative,Synthetic,Portfolio,Auto,2022-08,17,10668.256186410075
Earned Premium,month,cumulative,Synthetic,Portfolio,Auto,2022-08,17,817176.1740520922
Claims Reported,month,cumulative,Synthetic,Portfolio,Auto,2022-08,18,52.6461169671076
Loss Incurred,month,cumulative,Synthetic,Portfolio,Auto,2022-08,18,557586.643640999
Exposure,month,cumulative,Synthetic,Portfolio,Auto,2022-08,18,10636.688707929916
Earned Premium,month,cumulative,Synthetic,Portfolio,Auto,2022-08,18,815240.7371643343
Claims Reported,month,cumulative,Synthetic,Portfolio,Auto,2022-08,19,52.750130145952134
Loss Incurred,month,cumulative,Synthetic,Portfolio,Auto,2022-08,19,569893.6756479712
Exposure,month,cumulative,Synthetic,Portfolio,Auto,2022-08,19,10607.21876472881
Earned Premium,month,cumulative,Synthetic,Portfolio,Auto,2022-08,19,813397.3341861842
Claims Reported,month,cumulative,Synthetic,Portfolio,Auto,2022-08,20,52.823674199298836
Loss Incurred,month,cumulative,Synthetic,Portfolio,Auto,2022-08,20,579861.295558887
Exposure,month,cumulative,Synthetic,Portfolio,Auto,2022-08,20,10579.70698380458
Earned Premium,month,cumulative,Synthetic,Portfolio,Auto,2022-08,20,811641.5887204724
Claims Reported,month,cumulative,Synthetic,Portfolio,Auto,2022-08,21,52.87562311130686
Loss Incurred,month,cumulative,Synthetic,Portfolio,Auto,2022-08,21,587868.9352284659
Exposure,month,cumulative,Synthetic,Portfolio,Auto,2022-08,21,10554.023252945055
Earned Premium,month,cumulative,Synthetic,Portfolio,Auto,2022-08,21,809969.3324765005
Claims Reported,month,cumulative,Synthetic,Portfolio,Auto,2022-08,22,52.912292304852805
Loss Incurred,month,cumulative,Synthetic,Portfolio,Auto,2022-08,22,594260.1496535543
Exposure,month,cumulative,Synthetic,Portfolio,Auto,2022-08,22,10530.046105384836
Earned Premium,month,cumulative,Synthetic,Portfolio,Auto,2022-08,22,808376.5953741617
Claims Reported,month,cumulative,Synthetic,Portfolio,Auto,2022-08,23,52.93816321218339
Loss Incurred,month,cumulative,Synthetic,Portfolio,Auto,2022-08,23,599334.713126264
Exposure,month,cumulative,Synthetic,Portfolio,Auto,2022-08,23,10507.66214534925
Earned Premium,month,cumulative,Synthetic,Portfolio,Auto,2022-08,23,806859.5961186278
Claims Reported,month,cumulative,Synthetic,Portfolio,Auto,2022-08,24,52.95640933296311
Loss Incurred,month,cumulative,Synthetic,Portfolio,Auto,2022-08,24,603347.2198808389
Exposure,month,cumulative,Synthetic,Portfolio,Auto,2022-08,24,10486.76551176861
Earned Premium,month,cumulative,Synthetic,Portfolio,Auto,2022-08,24,805414.7332232315
Claims Reported,month,cumulative,Synthetic,Portfolio,Auto,2022-08,25,52.969274713440846
Loss Incurred,month,cumulative,Synthetic,Portfolio,Auto,2022-08,25,606509.5731496934
Exposure,month,cumulative,Synthetic,Portfolio,Auto,2022-08,25,10467.257377626607
Earned Premium,month,cumulative,Synthetic,Portfolio,Auto,2022-08,25,804038.5764592271
Claims Reported,month,cumulative,Synthetic,Portfolio,Auto,2022-08,26,52.97834454911864
Loss Incurred,month,cumulative,Synthetic,Portfolio,Auto,2022-08,26,608995.4723296926
Exposure,month,cumulative,Synthetic,Portfolio,Auto,2022-08,26,10449.045482575004
Earned Premium,month,cumulative,Synthetic,Portfolio,Auto,2022-08,26,802727.8587121319
Claims Reported,month,cumulative,Synthetic,Portfolio,Auto,2022-08,27,52.984737820113615
Loss Incurred,month,cumulative,Synthetic,Portfolio,Auto,2022-08,27,610945.6528288312
Exposure,month,cumulative,Synthetic,Portfolio,Auto,2022-08,27,10432.043696604274
Earned Premium,month,cumulative,Synthetic,Portfolio,Auto,2022-08,27,801479.4682253161
Claims Reported,month,cumulative,Synthetic,Portfolio,Auto,2022-08,28,52.989244008924786
Loss Incurred,month,cumulative,Synthetic,Portfolio,Auto,2022-08,28,612473.1280157639
Exposure,month,cumulative,Synthetic,Portfolio,Auto,2022-08,28,10416.171612706612
Earned Premium,month,cumulative,Synthetic,Portfolio,Auto,2022-08,28,800290.4412124249
Claims Reported,month,cumulative,Synthetic,Portfolio,Auto,2022-08,29,52.992419926910635
Loss Incurred,month,cumulative,Synthetic,Portfolio,Auto,2022-08,29,613668.027742153
Exposure,month,cumulative,Synthetic,Portfolio,Auto,2022-08,29,10401.354166604879
Earned Premium,month,cumulative,Synthetic,Portfolio,Auto,2022-08,29,799157.9548210945
Claims Reported,month,cumulative,Synthetic,Portfolio,Auto,2022-08,30,52.994658187160155
Loss Incurred,month,cumulative,Synthetic,Portfolio,Auto,2022-08,30,614601.8509565636
Exposure,month,cumulative,Synthetic,Portfolio,Auto,2022-08,30,10387.521281749096
Earned Premium,month,cumulative,Synthetic,Portfolio,Auto,2022-08,30,798079.3204312586
Claims Reported,month,cumulative,Synthetic,Portfolio,Auto,2022-08,31,52.9962355760693
Loss Incurred,month,cumulative,Synthetic,Portfolio,Auto,2022-08,31,615331.0841068688
Exposure,month,cumulative,Synthetic,Portfolio,Auto,2022-08,31,10374.607537901495
Earned Premium,month,cumulative,Synthetic,Portfolio,Auto,2022-08,31,797051.9772721325
Claims Reported,month,cumulative,Synthetic,Portfolio,Auto,2022-08,32,52.99734719964869
Loss Incurred,month,cumulative,Synthetic,Portfolio,Auto,2022-08,32,615900.2112146883
Exposure,month,cumulative,Synthetic,Portfolio,Auto,2022-08,32,10362.551861742832
Earned Premium,month,cumulative,Synthetic,Portfolio,Auto,2022-08,32,796073.4863427234
Claims Reported,month,cumulative,Synthetic,Portfolio,Auto,2022-08,33,52.99813057555569
Loss Incurred,month,cumulative,Synthetic,Portfolio,Auto,2022-08,33,616344.1776056582
Exposure,month,cumulative,Synthetic,Portfolio,Auto,2022-08,33,10351.297238036663
Earned Premium,month,cumulative,Synthetic,Portfolio,Auto,2022-08,33,795141.524621432
Claims Reported,month,cumulative,Synthetic,Portfolio,Auto,2022-08,34,52.998682625137306
Loss Incurred,month,cumulative,Synthetic,Portfolio,Auto,2022-08,34,616690.3825743821
Exposure,month,cumulative,Synthetic,Portfolio,Auto,2022-08,34,10340.790439985652
Earned Premium,month,cumulative,Synthetic,Portfolio,Auto,2022-08,34,794253.8795510001
Claims Reported,month,cumulative,Synthetic,Portfolio,Auto,2022-08,35,52.99907165481022
Loss Incurred,month,cumulative,Synthetic,Portfolio,Auto,2022-08,35,616960.2767926553
Exposure,month,cumulative,Synthetic,Portfolio,Auto,2022-08,35,10330.981777504632
Earned Premium,month,cumulative,Synthetic,Portfolio,Auto,2022-08,35,793408.443785709
Claims Reported,month,cumulative,Synthetic,Portfolio,Auto,2022-08,36,52.99934580281768
Loss Incurred,month,cumulative,Synthetic,Portfolio,Auto,2022-08,36,617170.6343110348
Exposure,month,cumulative,Synthetic,Portfolio,Auto,2022-08,36,10321.82486221993
Earned Premium,month,cumulative,Synthetic,Portfolio,Auto,2022-08,36,792603.2101883595
Claims Reported,month,cumulative,Synthetic,Portfolio,Auto,2022-08,37,52.99953899335685
Loss Incurred,month,cumulative,Synthetic,Portfolio,Auto,2022-08,37,617334.5602976896
Exposure,month,cumulative,Synthetic,Portfolio,Auto,2022-08,37,10313.276388083577
Earned Premium,month,cumulative,Synthetic,Portfolio,Auto,2022-08,37,791836.2670651559
Claims Reported,month,cumulative,Synthetic,Portfolio,Auto,2022-08,38,52.999675133274806
Loss Incurred,month,cumulative,Synthetic,Portfolio,Auto,2022-08,38,617462.2863145414
Exposure,month,cumulative,Synthetic,Portfolio,Auto,2022-08,38,10305.29592656484
Earned Premium,month,cumulative,Synthetic,Portfolio,Auto,2022-08,38,791105.7936271804
Claims Reported,month,cumulative,Synthetic,Portfolio,Auto,2022-08,39,52.999771069873624
Loss Incurred,month,cumulative,Synthetic,Portfolio,Auto,2022-08,39,617561.796051719
Exposure,month,cumulative,Synthetic,Portfolio,Auto,2022-08,39,10297.845735450475
Earned Premium,month,cumulative,Synthetic,Portfolio,Auto,2022-08,39,790410.0556676837
Claims Reported,month,cumulative,Synthetic,Portfolio,Auto,2022-08,40,52.99983867546078
Loss Incurred,month,cumulative,Synthetic,Portfolio,Auto,2022-08,40,617639.3165321822
Exposure,month,cumulative,Synthetic,Portfolio,Auto,2022-08,40,10290.890580349453
Earned Premium,month,cumulative,Synthetic,Portfolio,Auto,2022-08,40,789747.4014449288
Claims Reported,month,cumulative,Synthetic,Portfolio,Auto,2022-09,0,4.6375854203705895
Loss Incurred,month,cumulative,Synthetic,Portfolio,Auto,2022-09,0,43548.37263982068
Exposure,month,cumulative,Synthetic,Portfolio,Auto,2022-09,0,10797.903112206077
Earned Premium,month,cumulative,Synthetic,Portfolio,Auto,2022-09,0,807282.9786303802
Claims Reported,month,cumulative,Synthetic,Portfolio,Auto,2022-09,1,6.12333661644484
Loss Incurred,month,cumulative,Synthetic,Portfolio,Auto,2022-09,1,53612.376382126036
Exposure,month,cumulative,Synthetic,Portfolio,Auto,2022-09,1,10666.534772689427
Earned Premium,month,cumulative,Synthetic,Portfolio,Auto,2022-09,1,801204.5034352008
Claims Reported,month,cumulative,Synthetic,Portfolio,Auto,2022-09,2,7.9088570452061315
Loss Incurred,month,cumulative,Synthetic,Portfolio,Auto,2022-09,2,65379.384938058276
Exposure,month,cumulative,Synthetic,Portfolio,Auto,2022-09,2,10547.419606475798
Earned Premium,month,cumulative,Synthetic,Portfolio,Auto,2022-09,2,795553.1977815332
Claims Reported,month,cumulative,Synthetic,Portfolio,Auto,2022-09,3,9.954282060076011
Loss Incurred,month,cumulative,Synthetic,Portfolio,Auto,2022-09,3,78859.04366056205
Exposure,month,cumulative,Synthetic,Portfolio,Auto,2022-09,3,10439.41471827896
Earned Premium,month,cumulative,Synthetic,Portfolio,Auto,2022-09,3,790299.0419997504
Claims Reported,month,cumulative,Synthetic,Portfolio,Auto,2022-09,4,12.17276445752743
Loss Incurred,month,cumulative,Synthetic,Portfolio,Auto,2022-09,4,93943.56288863816
Exposure,month,cumulative,Synthetic,Portfolio,Auto,2022-09,4,10341.483814555995
Earned Premium,month,cumulative,Synthetic,Portfolio,Auto,2022-09,4,785414.1260757062
Claims Reported,month,cumulative,Synthetic,Portfolio,Auto,2022-09,5,14.440703187380434
Loss Incurred,month,cumulative,Synthetic,Portfolio,Auto,2022-09,5,110388.4092993047
Exposure,month,cumulative,Synthetic,Portfolio,Auto,2022-09,5,10252.687260398947
Earned Premium,month,cumulative,Synthetic,Portfolio,Auto,2022-09,5,780872.5013930664
Claims Reported,month,cumulative,Synthetic,Portfolio,Auto,2022-09,6,16.623200244920174
Loss Incurred,month,cumulative,Synthetic,Portfolio,Auto,2022-09,6,127813.07512998521
Exposure,month,cumulative,Synthetic,Portfolio,Auto,2022-09,6,10172.173063854098
Earned Premium,month,cumulative,Synthetic,Portfolio,Auto,2022-09,6,776650.0428945608
Claims Reported,month,cumulative,Synthetic,Portfolio,Auto,2022-09,7,18.604653557573165
Loss Incurred,month,cumulative,Synthetic,Portfolio,Auto,2022-09,7,145727.78250916908
Exposure,month,cumulative,Synthetic,Portfolio,Auto,2022-09,7,10099.168701164555
Earned Premium,month,cumulative,Synthetic,Portfolio,Auto,2022-09,7,772724.3209299629
Claims Reported,month,cumulative,Synthetic,Portfolio,Auto,2022-09,8,20.310700774985428
Loss Incurred,month,cumulative,Synthetic,Portfolio,Auto,2022-09,8,163584.561732288
Exposure,month,cumulative,Synthetic,Portfolio,Auto,2022-09,8,10032.973704500366
Earned Premium,month,cumulative,Synthetic,Portfolio,Auto,2022-09,8,769074.4821100472
Claims Reported,month,cumulative,Synthetic,Portfolio,Auto,2022-09,9,21.713847801197794
Loss Incurred,month,cumulative,Synthetic,Portfolio,Auto,2022-09,9,180842.44479014963
Exposure,month,cumulative,Synthetic,Portfolio,Auto,2022-09,9,9972.952941056325
Earned Premium,month,cumulative,Synthetic,Portfolio,Auto,2022-09,9,765681.1385336315
Claims Reported,month,cumulative,Synthetic,Portfolio,Auto,2022-09,10,22.82503345643274
Loss Incurred,month,cumulative,Synthetic,Portfolio,Auto,2022-09,10,197030.92110486547
Exposure,month,cumulative,Synthetic,Portfolio,Auto,2022-09,10,9918.53051903127
Earned Premium,month,cumulative,Synthetic,Portfolio,Auto,2022-09,10,762526.2647992708
Claims Reported,month,cumulative,Synthetic,Portfolio,Auto,2022-09,11,23.67893731500961
Loss Incurred,month,cumulative,Synthetic,Portfolio,Auto,2022-09,11,211796.51040305948
Exposure,month,cumulative,Synthetic,Portfolio,Auto,2022-09,11,9869.184262017487
Earned Premium,month,cumulative,Synthetic,Portfolio,Auto,2022-09,11,759593.1022545359
Claims Reported,month,cumulative,Synthetic,Portfolio,Auto,2022-09,12,24.320087266183673
Loss Incurred,month,cumulative,Synthetic,Portfolio,Auto,2022-09,12,224923.90022618257
Exposure,month,cumulative,Synthetic,Portfolio,Auto,2022-09,12,9824.44069878266
Earned Premium,month,cumulative,Synthetic,Portfolio,Auto,2022-09,12,756866.0699742475
Claims Reported,month,cumulative,Synthetic,Portfolio,Auto,2022-09,13,24.79315811496871
Loss Incurred,month,cumulative,Synthetic,Portfolio,Auto,2022-09,13,236331.86698485425
Exposure,month,cumulative,Synthetic,Portfolio,Auto,2022-09,13,9783.870520371973
Earned Premium,month,cumulative,Synthetic,Portfolio,Auto,2022-09,13,754330.6819947836
Claims Reported,month,cumulative,Synthetic,Portfolio,Auto,2022-09,14,25.137733385034107
Loss Incurred,month,cumulative,Synthetic,Portfolio,Auto,2022-09,14,246050.92146833558
Exposure,month,cumulative,Synthetic,Portfolio,Auto,2022-09,14,9747.08446094178
Earned Premium,month,cumulative,Synthetic,Portfolio,Auto,2022-09,14,751973.4703648095
Claims Reported,month,cumulative,Synthetic,Portfolio,Auto,2022-09,15,25.386361158477953
Loss Incurred,month,cumulative,Synthetic,Portfolio,Auto,2022-09,15,254192.15578903494
Exposure,month,cumulative,Synthetic,Portfolio,Auto,2022-09,15,9713.729562801982
Earned Premium,month,cumulative,Synthetic,Portfolio,Auto,2022-09,15,749781.9136036785
Claims Reported,month,cumulative,Synthetic,Portfolio,Auto,2022-09,16,25.564540953548672
Loss Incurred,month,cumulative,Synthetic,Portfolio,Auto,2022-09,16,260915.59807708475
Exposure,month,cumulative,Synthetic,Portfolio,Auto,2022-09,16,9683.485789830665
Earned Premium,month,cumulative,Synthetic,Portfolio,Auto,2022-09,16,747744.3701874717
Claims Reported,month,cumulative,Synthetic,Portfolio,Auto,2022-09,17,25.691611906012078
Loss Incurred,month,cumulative,Synthetic,Portfolio,Auto,2022-09,17,266403.36454911873
Exposure,month,cumulative,Synthetic,Portfolio,Auto,2022-09,17,9656.06295676708
Earned Premium,month,cumulative,Synthetic,Portfolio,Auto,2022-09,17,745850.0167093603
Claims Reported,month,cumulative,Synthetic,Portfolio,Auto,2022-09,18,25.78191870580432
Loss Incurred,month,cumulative,Synthetic,Portfolio,Auto,2022-09,18,270839.80286667775
Exposure,month,cumulative,Synthetic,Portfolio,Auto,2022-09,18,9631.197944919963
Earned Premium,month,cumulative,Synthetic,Portfolio,Auto,2022-09,18,744088.7903857939
Claims Reported,month,cumulative,Synthetic,Portfolio,Auto,2022-09,19,25.845939100520603
Loss Incurred,month,cumulative,Synthetic,Portfolio,Auto,2022-09,19,274398.5981808066
Exposure,month,cumulative,Synthetic,Portfolio,Auto,2022-09,19,9608.652177576243
Earned Premium,month,cumulative,Synthetic,Portfolio,Auto,2022-09,19,742451.335603112
Claims Reported,month,cumulative,Synthetic,Portfolio,Auto,2022-09,20,25.891244814124313
Loss Incurred,month,cumulative,Synthetic,Portfolio,Auto,2022-09,20,277235.6414734661
Exposure,month,cumulative,Synthetic,Portfolio,Auto,2022-09,20,9588.209330886986
Earned Premium,month,cumulative,Synthetic,Portfolio,Auto,2022-09,20,740928.9542206341
Claims Reported,month,cumulative,Synthetic,Portfolio,Auto,2022-09,21,25.923266730451793
Loss Incurred,month,cumulative,Synthetic,Portfolio,Auto,2022-09,21,279486.0981923388
Exposure,month,cumulative,Synthetic,Portfolio,Auto,2022-09,21,9569.673258266826
Earned Premium,month,cumulative,Synthetic,Portfolio,Auto,2022-09,21,739513.5593662373
Claims Reported,month,cumulative,Synthetic,Portfolio,Auto,2022-09,22,25.945879810520445
Loss Incurred,month,cumulative,Synthetic,Portfolio,Auto,2022-09,22,281264.2239640275
Exposure,month,cumulative,Synthetic,Portfolio,Auto,2022-09,22,9552.866108391738
Earned Premium,month,cumulative,Synthetic,Portfolio,Auto,2022-09,22,738197.6324789863
Claims Reported,month,cumulative,Synthetic,Portfolio,Auto,2022-09,23,25.961838689102223
Loss Incurred,month,cumulative,Synthetic,Portfolio,Auto,2022-09,23,282664.779528965
Exposure,month,cumulative,Synthetic,Portfolio,Auto,2022-09,23,9537.626618737571
Earned Premium,month,cumulative,Synthetic,Portfolio,Auto,2022-09,23,736974.1833706256
Claims Reported,month,cumulative,Synthetic,Portfolio,Auto,2022-09,24,25.973096517625542
Loss Incurred,month,cumulative,Synthetic,Portfolio,Auto,2022-09,24,283765.2323088265
Exposure,month,cumulative,Synthetic,Portfolio,Auto,2022-09,24,9523.808568286104
Earned Premium,month,cumulative,Synthetic,Portfolio,Auto,2022-09,24,735836.713093781
Claims Reported,month,cumulative,Synthetic,Portfolio,Auto,2022-09,25,25.981035641387656
Loss Incurred,month,cumulative,Synthetic,Portfolio,Auto,2022-09,25,284628.2189011479
Exposure,month,cumulative,Synthetic,Portfolio,Auto,2022-09,25,9511.279374552432
Earned Premium,month,cumulative,Synthetic,Portfolio,Auto,2022-09,25,734779.1794196273
Claims Reported,month,cumulative,Synthetic,Portfolio,Auto,2022-09,26,25.986633163139565
Loss Incurred,month,cumulative,Synthetic,Portfolio,Auto,2022-09,26,285303.95798880444
Exposure,month,cumulative,Synthetic,Portfolio,Auto,2022-09,26,9499.91882147244
Earned Premium,month,cumulative,Synthetic,Portfolio,Auto,2022-09,26,733795.964741639
Claims Reported,month,cumulative,Synthetic,Portfolio,Auto,2022-09,27,25.99057911896512
Loss Incurred,month,cumulative,Synthetic,Portfolio,Auto,2022-09,27,285832.45069558383
Exposure,month,cumulative,Synthetic,Portfolio,Auto,2022-09,27,9489.617905944539
Earned Premium,month,cumulative,Synthetic,Portfolio,Auto,2022-09,27,732881.84623493
Claims Reported,month,cumulative,Synthetic,Portfolio,Auto,2022-09,28,25.99336050688918
Loss Incurred,month,cumulative,Synthetic,Portfolio,Auto,2022-09,28,286245.3993892786
Exposure,month,cumulative,Synthetic,Portfolio,Auto,2022-09,28,9480.277791958375
Earned Premium,month,cumulative,Synthetic,Portfolio,Auto,2022-09,28,732031.9681126695
Claims Reported,month,cumulative,Synthetic,Portfolio,Auto,2022-09,29,25.9953208754192
Loss Incurred,month,cumulative,Synthetic,Portfolio,Auto,2022-09,29,286567.8315700756
Exposure,month,cumulative,Synthetic,Portfolio,Auto,2022-09,29,9471.808862275548
Earned Premium,month,cumulative,Synthetic,Portfolio,Auto,2022-09,29,731241.8158321981
Claims Reported,month,cumulative,Synthetic,Portfolio,Auto,2022-09,30,25.99670250138808
Loss Incurred,month,cumulative,Synthetic,Portfolio,Auto,2022-09,30,286819.4455903231
Exposure,month,cumulative,Synthetic,Portfolio,Auto,2022-09,30,9464.12985856329
Earned Premium,month,cumulative,Synthetic,Portfolio,Auto,2022-09,30,730507.1921138308
Claims Reported,month,cumulative,Synthetic,Portfolio,Auto,2022-09,31,25.99767620496809
Loss Incurred,month,cumulative,Synthetic,Portfolio,Auto,2022-09,31,287015.70904824533
Exposure,month,cumulative,Synthetic,Portfolio,Auto,2022-09,31,9457.167101730814
Earned Premium,month,cumulative,Synthetic,Portfolio,Auto,2022-09,31,729824.1946449559
Claims Reported,month,cumulative,Synthetic,Portfolio,Auto,2022-09,32,25.998362406095392
Loss Incurred,month,cumulative,Synthetic,Portfolio,Auto,2022-09,32,287168.7453297294
Exposure,month,cumulative,Synthetic,Portfolio,Auto,2022-09,32,9450.85378498755
Earned Premium,month,cumulative,Synthetic,Portfolio,Auto,2022-09,32,729189.1953509955
Claims Reported,month,cumulative,Synthetic,Portfolio,Auto,2022-09,33,25.998845985614913
Loss Incurred,month,cumulative,Synthetic,Portfolio,Auto,2022-09,33,287288.0431937673
Exposure,month,cumulative,Synthetic,Portfolio,Auto,2022-09,33,9445.12933284025
Earned Premium,month,cumulative,Synthetic,Portfolio,Auto,2022-09,33,728598.821123117
Claims Reported,month,cumulative,Synthetic,Portfolio,Auto,2022-09,34,25.99918676914807
Loss Incurred,month,cumulative,Synthetic,Portfolio,Auto,2022-09,34,287381.02114244987
Exposure,month,cumulative,Synthetic,Portfolio,Auto,2022-09,34,9439.938819878631
Earned Premium,month,cumulative,Synthetic,Portfolio,Auto,2022-09,34,728049.9359003172
Claims Reported,month,cumulative,Synthetic,Portfolio,Auto,2022-09,35,25.999426920611036
Loss Incurred,month,cumulative,Synthetic,Portfolio,Auto,2022-09,35,287453.4741387622
Exposure,month,cumulative,Synthetic,Portfolio,Auto,2022-09,35,9435.23244377285
Earned Premium,month,cumulative,Synthetic,Portfolio,Auto,2022-09,35,727539.6240107032
Claims Reported,month,cumulative,Synthetic,Portfolio,Auto,2022-09,36,25.999596155151455
Loss Incurred,month,cumulative,Synthetic,Portfolio,Auto,2022-09,36,287509.9258991104
Exposure,month,cumulative,Synthetic,Portfolio,Auto,2022-09,36,9430.965047426313
Earned Premium,month,cumulative,Synthetic,Portfolio,Auto,2022-09,36,727065.1746834777
Claims Reported,month,cumulative,Synthetic,Portfolio,Auto,2022-09,37,25.999715414039756
Loss Incurred,month,cumulative,Synthetic,Portfolio,Auto,2022-09,37,287553.90593485255
Exposure,month,cumulative,Synthetic,Portfolio,Auto,2022-09,37,9427.095685698918
Earned Premium,month,cumulative,Synthetic,Portfolio,Auto,2022-09,37,726624.0676493561
Claims Reported,month,cumulative,Synthetic,Portfolio,Auto,2022-09,38,25.999799455015086
Loss Incurred,month,cumulative,Synthetic,Portfolio,Auto,2022-09,38,287588.16694215464
Exposure,month,cumulative,Synthetic,Portfolio,Auto,2022-09,38,9423.5872325435
Earned Premium,month,cumulative,Synthetic,Portfolio,Auto,2022-09,38,726213.959752925
Claims Reported,month,cumulative,Synthetic,Portfolio,Auto,2022-09,39,25.99985867801577
Loss Incurred,month,cumulative,Synthetic,Portfolio,Auto,2022-09,39,287614.85509702197
Exposure,month,cumulative,Synthetic,Portfolio,Auto,2022-09,39,9420.406024785998
Earned Premium,month,cumulative,Synthetic,Portfolio,Auto,2022-09,39,725832.6725058283
Claims Reported,month,cumulative,Synthetic,Portfolio,Auto,2022-10,0,11.215588076129933
Loss Incurred,month,cumulative,Synthetic,Portfolio,Auto,2022-10,0,75086.83764063832
Exposure,month,cumulative,Synthetic,Portfolio,Auto,2022-10,0,10939.768842003281
Earned Premium,month,cumulative,Synthetic,Portfolio,Auto,2022-10,0,801793.1996356527
Claims Reported,month,cumulative,Synthetic,Portfolio,Auto,2022-10,1,14.900683746965798
Loss Incurred,month,cumulative,Synthetic,Portfolio,Auto,2022-10,1,93630.49408903855
Exposure,month,cumulative,Synthetic,Portfolio,Auto,2022-10,1,10835.944828945734
Earned Premium,month,cumulative,Synthetic,Portfolio,Auto,2022-10,1,796115.6941296096
Claims Reported,month,cumulative,Synthetic,Portfolio,Auto,2022-10,2,19.39028594525143
Loss Incurred,month,cumulative,Synthetic,Portfolio,Auto,2022-10,2,115927.36394060712
Exposure,month,cumulative,Synthetic,Portfolio,Auto,2022-10,2,10739.67511294846
Earned Premium,month,cumulative,Synthetic,Portfolio,Auto,2022-10,2,790813.4116968821
Claims Reported,month,cumulative,Synthetic,Portfolio,Auto,2022-10,3,24.617076097487004
Loss Incurred,month,cumulative,Synthetic,Portfolio,Auto,2022-10,3,142322.69564539407
Exposure,month,cumulative,Synthetic,Portfolio,Auto,2022-10,3,10650.410038855638
Earned Premium,month,cumulative,Synthetic,Portfolio,Auto,2022-10,3,785861.5540603747
Claims Reported,month,cumulative,Synthetic,Portfolio,Auto,2022-10,4,30.389715284268547
Loss Incurred,month,cumulative,Synthetic,Portfolio,Auto,2022-10,4,172999.6952790286
Exposure,month,cumulative,Synthetic,Portfolio,Auto,2022-10,4,10567.639944748136
Earned Premium,month,cumulative,Synthetic,Portfolio,Auto,2022-10,4,781236.9618468623
Claims Reported,month,cumulative,Synthetic,Portfolio,Auto,2022-10,5,36.405659146444954
Loss Incurred,month,cumulative,Synthetic,Portfolio,Auto,2022-10,5,207899.0700459623
Exposure,month,cumulative,Synthetic,Portfolio,Auto,2022-10,5,10490.892252011772
Earned Premium,month,cumulative,Synthetic,Portfolio,Auto,2022-10,5,776918.006272775
Claims Reported,month,cumulative,Synthetic,Portfolio,Auto,2022-10,6,42.30756228343116
Loss Incurred,month,cumulative,Synthetic,Portfolio,Auto,2022-10,6,246649.75423911726
Exposure,month,cumulative,Synthetic,Portfolio,Auto,2022-10,6,10419.728767133945
Earned Premium,month,cumulative,Synthetic,Portfolio,Auto,2022-10,6,772884.4879884089
Claims Reported,month,cumulative,Synthetic,Portfolio,Auto,2022-10,7,47.764164507203944
Loss Incurred,month,cumulative,Synthetic,Portfolio,Auto,2022-10,7,288533.94416163844
Exposure,month,cumulative,Synthetic,Portfolio,Auto,2022-10,7,10353.743179823163
Earned Premium,month,cumulative,Synthetic,Portfolio,Auto,2022-10,7,769117.5426074637
Claims Reported,month,cumulative,Synthetic,Portfolio,Auto,2022-10,8,52.53929767444368
Loss Incurred,month,cumulative,Synthetic,Portfolio,Auto,2022-10,8,332508.1619404037
Exposure,month,cumulative,Synthetic,Portfolio,Auto,2022-10,8,10292.558743166861
Earned Premium,month,cumulative,Synthetic,Portfolio,Auto,2022-10,8,765599.5524800792
Claims Reported,month,cumulative,Synthetic,Portfolio,Auto,2022-10,9,56.521209907333564
Loss Incurred,month,cumulative,Synthetic,Portfolio,Auto,2022-10,9,377290.11341035314
Exposure,month,cumulative,Synthetic,Portfolio,Auto,2022-10,9,10235.826122582346
Earned Premium,month,cumulative,Synthetic,Portfolio,Auto,2022-10,9,762314.0642967414
Claims Reported,month,cumulative,Synthetic,Portfolio,Auto,2022-10,10,59.7101977309955
Loss Incurred,month,cumulative,Synthetic,Portfolio,Auto,2022-10,10,421500.5984745438
Exposure,month,cumulative,Synthetic,Portfolio,Auto,2022-10,10,10183.221401279336
Earned Premium,month,cumulative,Synthetic,Portfolio,Auto,2022-10,10,759245.7121376984
Claims Reported,month,cumulative,Synthetic,Portfolio,Auto,2022-10,11,62.182529366695
Loss Incurred,month,cumulative,Synthetic,Portfolio,Auto,2022-10,11,463829.24289745744
Exposure,month,cumulative,Synthetic,Portfolio,Auto,2022-10,11,10134.444230846233
Earned Premium,month,cumulative,Synthetic,Portfolio,Auto,2022-10,11,756380.1456079965
Claims Reported,month,cumulative,Synthetic,Portfolio,Auto,2022-10,12,64.05142010208368
Loss Incurred,month,cumulative,Synthetic,Portfolio,Auto,2022-10,12,503183.2264562521
Exposure,month,cumulative,Synthetic,Portfolio,Auto,2022-10,12,10089.216116400852
Earned Premium,month,cumulative,Synthetic,Portfolio,Auto,2022-10,12,753703.9627220302
Claims Reported,month,cumulative,Synthetic,Portfolio,Auto,2022-10,13,65.43733988877463
Loss Incurred,month,cumulative,Synthetic,Portfolio,Auto,2022-10,13,538785.0716482912
Exposure,month,cumulative,Synthetic,Portfolio,Auto,2022-10,13,10047.278826514594
Earned Premium,month,cumulative,Synthetic,Portfolio,Auto,2022-10,13,751204.6472237149
Claims Reported,month,cumulative,Synthetic,Portfolio,Auto,2022-10,14,66.45056262332012
Loss Incurred,month,cumulative,Synthetic,Portfolio,Auto,2022-10,14,570204.8899181021
Exposure,month,cumulative,Synthetic,Portfolio,Auto,2022-10,14,10008.392918831485
Earned Premium,month,cumulative,Synthetic,Portfolio,Auto,2022-10,14,748870.5100491305
Claims Reported,month,cumulative,Synthetic,Portfolio,Auto,2022-10,15,67.18362282144862
Loss Incurred,month,cumulative,Synthetic,Portfolio,Auto,2022-10,15,597333.7501401475
Exposure,month,cumulative,Synthetic,Portfolio,Auto,2022-10,15,9972.336372964066
Earned Premium,month,cumulative,Synthetic,Portfolio,Auto,2022-10,15,746690.6346578692
Claims Reported,month,cumulative,Synthetic,Portfolio,Auto,2022-10,16,67.70999226877163
Loss Incurred,month,cumulative,Synthetic,Portfolio,Auto,2022-10,16,620318.6067241777
Exposure,month,cumulative,Synthetic,Portfolio,Auto,2022-10,16,9938.903322860566
Earned Premium,month,cumulative,Synthetic,Portfolio,Auto,2022-10,16,744654.8259773989
Claims Reported,month,cumulative,Synthetic,Portfolio,Auto,2022-10,17,68.08590009577148
Loss Incurred,month,cumulative,Synthetic,Portfolio,Auto,2022-10,17,639482.3200746672
Exposure,month,cumulative,Synthetic,Portfolio,Auto,2022-10,17,9907.90288140583
Earned Premium,month,cumulative,Synthetic,Portfolio,Auto,2022-10,17,742753.5627216676
Claims Reported,month,cumulative,Synthetic,Portfolio,Auto,2022-10,18,68.35331469629367
Loss Incurred,month,cumulative,Synthetic,Portfolio,Auto,2022-10,18,655247.4136467681
Exposure,month,cumulative,Synthetic,Portfolio,Auto,2022-10,18,9879.158050544942
Earned Premium,month,cumulative,Synthetic,Portfolio,Auto,2022-10,18,740977.9528609419
Claims Reported,month,cumulative,Synthetic,Portfolio,Auto,2022-10,19,68.5430237785574
Loss Incurred,month,cumulative,Synthetic,Portfolio,Auto,2022-10,19,668074.2370275919
Exposure,month,cumulative,Synthetic,Portfolio,Auto,2022-10,19,9852.504710706944
Earned Premium,month,cumulative,Synthetic,Portfolio,Auto,2022-10,19,739319.6920346189
Claims Reported,month,cumulative,Synthetic,Portfolio,Auto,2022-10,20,68.67734324588442
Loss Incurred,month,cumulative,Synthetic,Portfolio,Auto,2022-10,20,678417.0079562721
Exposure,month,cumulative,Synthetic,Portfolio,Auto,2022-10,20,9827.790683758665
Earned Premium,month,cumulative,Synthetic,Portfolio,Auto,2022-10,20,737771.0247125117
Claims Reported,month,cumulative,Synthetic,Portfolio,Auto,2022-10,21,68.77231320808494
Loss Incurred,month,cumulative,Synthetic,Portfolio,Auto,2022-10,21,686696.4942482248
Exposure,month,cumulative,Synthetic,Portfolio,Auto,2022-10,21,9804.874864138581
Earned Premium,month,cumulative,Synthetic,Portfolio,Auto,2022-10,21,736324.7079229625
Claims Reported,month,cumulative,Synthetic,Portfolio,Auto,2022-10,22,68.83939532466756
Loss Incurred,month,cumulative,Synthetic,Portfolio,Auto,2022-10,22,693285.8871444481
Exposure,month,cumulative,Synthetic,Portfolio,Auto,2022-10,22,9783.626413209917
Earned Premium,month,cumulative,Synthetic,Portfolio,Auto,2022-10,22,734973.9773781443
Claims Reported,month,cumulative,Synthetic,Portfolio,Auto,2022-10,23,68.88674595079706
Loss Incurred,month,cumulative,Synthetic,Portfolio,Auto,2022-10,23,698505.966107718
Exposure,month,cumulative,Synthetic,Portfolio,Auto,2022-10,23,9763.924012233078
Earned Premium,month,cumulative,Synthetic,Portfolio,Auto,2022-10,23,733712.5158381219
Claims Reported,month,cumulative,Synthetic,Portfolio,Auto,2022-10,24,68.92015251721732
Loss Incurred,month,cumulative,Synthetic,Portfolio,Auto,2022-10,24,702626.1385644922
Exposure,month,cumulative,Synthetic,Portfolio,Auto,2022-10,24,9745.655169692252
Earned Premium,month,cumulative,Synthetic,Portfolio,Auto,2022-10,24,732534.4235657143
Claims Reported,month,cumulative,Synthetic,Portfolio,Auto,2022-10,25,68.94371319455632
Loss Incurred,month,cumulative,Synthetic,Portfolio,Auto,2022-10,25,705868.755247539
Exposure,month,cumulative,Synthetic,Portfolio,Auto,2022-10,25,9728.71557902136
Earned Premium,month,cumulative,Synthetic,Portfolio,Auto,2022-10,25,731434.1907339765
Claims Reported,month,cumulative,Synthetic,Portfolio,Auto,2022-10,26,68.96032580104416
Loss Incurred,month,cumulative,Synthetic,Portfolio,Auto,2022-10,26,708414.9134562534
Exposure,month,cumulative,Synthetic,Portfolio,Auto,2022-10,26,9713.008523062226
Earned Premium,month,cumulative,Synthetic,Portfolio,Auto,2022-10,26,730406.6716572582
Claims Reported,month,cumulative,Synthetic,Portfolio,Auto,2022-10,27,68.97203731643731
Loss Incurred,month,cumulative,Synthetic,Portfolio,Auto,2022-10,27,710410.6226280754
Exposure,month,cumulative,Synthetic,Portfolio,Auto,2022-10,27,9698.444321854737
Earned Premium,month,cumulative,Synthetic,Portfolio,Auto,2022-10,27,729447.0607253135
Claims Reported,month,cumulative,Synthetic,Portfolio,Auto,2022-10,28,68.98029267142269
Loss Incurred,month,cumulative,Synthetic,Portfolio,Auto,2022-10,28,711972.6882394215
Exposure,month,cumulative,Synthetic,Portfolio,Auto,2022-10,28,9684.939820606118
Earned Premium,month,cumulative,Synthetic,Portfolio,Auto,2022-10,28,728550.8699279133
Claims Reported,month,cumulative,Synthetic,Portfolio,Auto,2022-10,29,68.98611130882897
Loss Incurred,month,cumulative,Synthetic,Portfolio,Auto,2022-10,29,713193.9925239169
Exposure,month,cumulative,Synthetic,Portfolio,Auto,2022-10,29,9672.417914915874
Earned Premium,month,cumulative,Synthetic,Portfolio,Auto,2022-10,29,727713.9078648436
Claims Reported,month,cumulative,Synthetic,Portfolio,Auto,2022-10,30,68.99021222294523
Loss Incurred,month,cumulative,Synthetic,Portfolio,Auto,2022-10,30,714148.0514115432
Exposure,month,cumulative,Synthetic,Portfolio,Auto,2022-10,30,9660.807110545631
Earned Premium,month,cumulative,Synthetic,Portfolio,Auto,2022-10,30,726932.2601431197
Claims Reported,month,cumulative,Synthetic,Portfolio,Auto,2022-10,31,68.99310238113974
Loss Incurred,month,cumulative,Synthetic,Portfolio,Auto,2022-10,31,714892.8431217202
Exposure,month,cumulative,Synthetic,Portfolio,Auto,2022-10,31,9650.041115220412
Earned Premium,month,cumulative,Synthetic,Portfolio,Auto,2022-10,31,726202.2710697375
Claims Reported,month,cumulative,Synthetic,Portfolio,Auto,2022-10,32,68.99513918664567
Loss Incurred,month,cumulative,Synthetic,Portfolio,Auto,2022-10,32,715473.9644201067
Exposure,month,cumulative,Synthetic,Portfolio,Auto,2022-10,32,9640.058460130665
Earned Premium,month,cumulative,Synthetic,Portfolio,Auto,2022-10,32,725520.5265543413
Claims Reported,month,cumulative,Synthetic,Portfolio,Auto,2022-10,33,68.99657457146124
Loss Incurred,month,cumulative,Synthetic,Portfolio,Auto,2022-10,33,715927.1969614729
Exposure,month,cumulative,Synthetic,Portfolio,Auto,2022-10,33,9630.802148974055
Earned Premium,month,cumulative,Synthetic,Portfolio,Auto,2022-10,33,724883.8381418427
Claims Reported,month,cumulative,Synthetic,Portfolio,Auto,2022-10,34,68.9975861059178
Loss Incurred,month,cumulative,Synthetic,Portfolio,Auto,2022-10,34,716280.5727584482
Exposure,month,cumulative,Synthetic,Portfolio,Auto,2022-10,34,9622.219332533166
Earned Premium,month,cumulative,Synthetic,Portfolio,Auto,2022-10,34,724289.2281003168
Claims Reported,month,cumulative,Synthetic,Portfolio,Auto,2022-10,35,68.99829894001648
Loss Incurred,month,cumulative,Synthetic,Portfolio,Auto,2022-10,35,716556.0238329897
Exposure,month,cumulative,Synthetic,Portfolio,Auto,2022-10,35,9614.26100693114
Earned Premium,month,cumulative,Synthetic,Portfolio,Auto,2022-10,35,723733.9154944284
Claims Reported,month,cumulative,Synthetic,Portfolio,Auto,2022-10,36,68.9988012745626
Loss Incurred,month,cumulative,Synthetic,Portfolio,Auto,2022-10,36,716770.6921332012
Exposure,month,cumulative,Synthetic,Portfolio,Auto,2022-10,36,9606.881733842396
Earned Premium,month,cumulative,Synthetic,Portfolio,Auto,2022-10,36,723215.3031792593
Claims Reported,month,cumulative,Synthetic,Portfolio,Auto,2022-10,37,68.99915526812761
Loss Incurred,month,cumulative,Synthetic,Portfolio,Auto,2022-10,37,716937.9650864346
Exposure,month,cumulative,Synthetic,Portfolio,Auto,2022-10,37,9600.039381061002
Earned Premium,month,cumulative,Synthetic,Portfolio,Auto,2022-10,37,722730.9656537051
Claims Reported,month,cumulative,Synthetic,Portfolio,Auto,2022-10,38,68.99940472535839
Loss Incurred,month,cumulative,Synthetic,Portfolio,Auto,2022-10,38,717068.2914817631
Exposure,month,cumulative,Synthetic,Portfolio,Auto,2022-10,38,9593.694881945437
Earned Premium,month,cumulative,Synthetic,Portfolio,Auto,2022-10,38,722278.6377166343
Claims Reported,month,cumulative,Synthetic,Portfolio,Auto,2022-11,0,11.09737698040527
Loss Incurred,month,cumulative,Synthetic,Portfolio,Auto,2022-11,0,78161.09753615156
Exposure,month,cumulative,Synthetic,Portfolio,Auto,2022-11,0,11130.70285868697
Earned Premium,month,cumulative,Synthetic,Portfolio,Auto,2022-11,0,823578.1073974548
Claims Reported,month,cumulative,Synthetic,Portfolio,Auto,2022-11,1,14.356934811409536
Loss Incurred,month,cumulative,Synthetic,Portfolio,Auto,2022-11,1,96882.22330819478
Exposure,month,cumulative,Synthetic,Portfolio,Auto,2022-11,1,11002.428379040748
Earned Premium,month,cumulative,Synthetic,Portfolio,Auto,2022-11,1,819014.1921008278
Claims Reported,month,cumulative,Synthetic,Portfolio,Auto,2022-11,2,18.104202097411843
Loss Incurred,month,cumulative,Synthetic,Portfolio,Auto,2022-11,2,119098.67025885041
Exposure,month,cumulative,Synthetic,Portfolio,Auto,2022-11,2,10885.487411565333
Earned Premium,month,cumulative,Synthetic,Portfolio,Auto,2022-11,2,814686.3285051611
Claims Reported,month,cumulative,Synthetic,Portfolio,Auto,2022-11,3,22.184588043255403
Loss Incurred,month,cumulative,Synthetic,Portfolio,Auto,2022-11,3,144992.94545393347
Exposure,month,cumulative,Synthetic,Portfolio,Auto,2022-11,3,10778.87859965043
Earned Premium,month,cumulative,Synthetic,Portfolio,Auto,2022-11,3,810582.3077060587
Claims Reported,month,cumulative,Synthetic,Portfolio,Auto,2022-11,4,26.37333169058382
Loss Incurred,month,cumulative,Synthetic,Portfolio,Auto,2022-11,4,174548.51923633588
Exposure,month,cumulative,Synthetic,Portfolio,Auto,2022-11,4,10681.689060147977
Earned Premium,month,cumulative,Synthetic,Portfolio,Auto,2022-11,4,806690.552259716
Claims Reported,month,cumulative,Synthetic,Portfolio,Auto,2022-11,5,30.42097758058443
Loss Incurred,month,cumulative,Synthetic,Portfolio,Auto,2022-11,5,207487.56162114485
Exposure,month,cumulative,Synthetic,Portfolio,Auto,2022-11,5,10593.086566423173
Earned Premium,month,cumulative,Synthetic,Portfolio,Auto,2022-11,5,803000.0835229468
Claims Reported,month,cumulative,Synthetic,Portfolio,Auto,2022-11,6,34.11004638769113
Loss Incurred,month,cumulative,Synthetic,Portfolio,Auto,2022-11,6,243235.22394828429
Exposure,month,cumulative,Synthetic,Portfolio,Auto,2022-11,6,10512.312422061106
Earned Premium,month,cumulative,Synthetic,Portfolio,Auto,2022-11,6,799500.490682428
Claims Reported,month,cumulative,Synthetic,Portfolio,Auto,2022-11,7,37.29731037351557
Loss Incurred,month,cumulative,Synthetic,Portfolio,Auto,2022-11,7,280929.89085725945
Exposure,month,cumulative,Synthetic,Portfolio,Auto,2022-11,7,10438.674964207055
Earned Premium,month,cumulative,Synthetic,Portfolio,Auto,2022-11,7,796181.9013857923
Claims Reported,month,cumulative,Synthetic,Portfolio,Auto,2022-11,8,39.92631846861142
Loss Incurred,month,cumulative,Synthetic,Portfolio,Auto,2022-11,8,319489.88258200575
Exposure,month,cumulative,Synthetic,Portfolio,Auto,2022-11,8,10371.543640910073
Earned Premium,month,cumulative,Synthetic,Portfolio,Auto,2022-11,8,793034.9538917198
Claims Reported,month,cumulative,Synthetic,Portfolio,Auto,2022-11,9,42.01319649077047
Loss Incurred,month,cumulative,Synthetic,Portfolio,Auto,2022-11,9,357730.1485260424
Exposure,month,cumulative,Synthetic,Portfolio,Auto,2022-11,9,10310.343611754584
Earned Premium,month,cumulative,Synthetic,Portfolio,Auto,2022-11,9,790050.7706604629
Claims Reported,month,cumulative,Synthetic,Portfolio,Auto,2022-11,10,43.61983721342753
Loss Incurred,month,cumulative,Synthetic,Portfolio,Auto,2022-11,10,394504.2303754297
Exposure,month,cumulative,Synthetic,Portfolio,Auto,2022-11,10,10254.55082554563
Earned Premium,month,cumulative,Synthetic,Portfolio,Auto,2022-11,10,787220.933310304
Claims Reported,month,cumulative,Synthetic,Portfolio,Auto,2022-11,11,44.827868167951955
Loss Incurred,month,cumulative,Synthetic,Portfolio,Auto,2022-11,11,428836.66355557006
Exposure,month,cumulative,Synthetic,Portfolio,Auto,2022-11,11,10203.687532898346
Earned Premium,month,cumulative,Synthetic,Portfolio,Auto,2022-11,11,784537.4588692987
Claims Reported,month,cumulative,Synthetic,Portfolio,Auto,2022-11,12,45.720142770475825
Loss Incurred,month,cumulative,Synthetic,Portfolio,Auto,2022-11,12,460014.8731187966
Exposure,month,cumulative,Synthetic,Portfolio,Auto,2022-11,12,10157.318195306307
Earned Premium,month,cumulative,Synthetic,Portfolio,Auto,2022-11,12,781992.7772553099
Claims Reported,month,cumulative,Synthetic,Portfolio,Auto,2022-11,13,46.370556476570655
Loss Incurred,month,cumulative,Synthetic,Portfolio,Auto,2022-11,13,487625.21590557747
Exposure,month,cumulative,Synthetic,Portfolio,Auto,2022-11,13,10115.045755658435
Earned Premium,month,cumulative,Synthetic,Portfolio,Auto,2022-11,13,779579.7099208033
Claims Reported,month,cumulative,Synthetic,Portfolio,Auto,2022-11,14,46.840122931620726
Loss Incurred,month,cumulative,Synthetic,Portfolio,Auto,2022-11,14,511536.5018960179
Exposure,month,cumulative,Synthetic,Portfolio,Auto,2022-11,14,10076.508238269147
Earned Premium,month,cumulative,Synthetic,Portfolio,Auto,2022-11,14,777291.4496021639
Claims Reported,month,cumulative,Synthetic,Portfolio,Auto,2022-11,15,47.1767739459109
Loss Incurred,month,cumulative,Synthetic,Portfolio,Auto,2022-11,15,531847.4520699192
Exposure,month,cumulative,Synthetic,Portfolio,Auto,2022-11,15,10041.375649308093
Earned Premium,month,cumulative,Synthetic,Portfolio,Auto,2022-11,15,775121.541116402
Claims Reported,month,cumulative,Synthetic,Portfolio,Auto,2022-11,16,47.41692929159581
Loss Incurred,month,cumulative,Synthetic,Portfolio,Auto,2022-11,16,548818.5029638924
Exposure,month,cumulative,Synthetic,Portfolio,Auto,2022-11,16,10009.34715108808
Earned Premium,month,cumulative,Synthetic,Portfolio,Auto,2022-11,16,773063.8631510817
Claims Reported,month,cumulative,Synthetic,Portfolio,Auto,2022-11,17,47.58763777228719
Loss Incurred,month,cumulative,Synthetic,Portfolio,Auto,2022-11,17,562804.9016435667
Exposure,month,cumulative,Synthetic,Portfolio,Auto,2022-11,17,9980.148486014852
Earned Premium,month,cumulative,Synthetic,Portfolio,Auto,2022-11,17,771112.610996096
Claims Reported,month,cumulative,Synthetic,Portfolio,Auto,2022-11,18,47.708674158995336
Loss Incurred,month,cumulative,Synthetic,Portfolio,Auto,2022-11,18,574201.3023627719
Exposure,month,cumulative,Synthetic,Portfolio,Auto,2022-11,18,9953.529628140152
Earned Premium,month,cumulative,Synthetic,Portfolio,Auto,2022-11,18,769262.2801685783
Claims Reported,month,cumulative,Synthetic,Portfolio,Auto,2022-11,19,47.79433753396361
Loss Incurred,month,cumulative,Synthetic,Portfolio,Auto,2022-11,19,583401.6421502569
Exposure,month,cumulative,Synthetic,Portfolio,Auto,2022-11,19,9929.262642208552
Earned Premium,month,cumulative,Synthetic,Portfolio,Auto,2022-11,19,767507.6508847541
Claims Reported,month,cumulative,Synthetic,Portfolio,Auto,2022-11,20,47.854888499569256
Loss Incurred,month,cumulative,Synthetic,Portfolio,Auto,2022-11,20,590773.6740788114
Exposure,month,cumulative,Synthetic,Portfolio,Auto,2022-11,20,9907.139731865202
Earned Premium,month,cumulative,Synthetic,Portfolio,Auto,2022-11,20,765843.7733349308
Claims Reported,month,cumulative,Synthetic,Portfolio,Auto,2022-11,21,47.89765027879014
Loss Incurred,month,cumulative,Synthetic,Portfolio,Auto,2022-11,21,596645.3516761153
Exposure,month,cumulative,Synthetic,Portfolio,Auto,2022-11,21,9886.971460311433
Earned Premium,month,cumulative,Synthetic,Portfolio,Auto,2022-11,21,764265.9537200815
Claims Reported,month,cumulative,Synthetic,Portfolio,Auto,2022-11,22,47.9278299257459
Loss Incurred,month,cumulative,Synthetic,Portfolio,Auto,2022-11,22,601299.6951587814
Exposure,month,cumulative,Synthetic,Portfolio,Auto,2022-11,22,9868.585128171873
Earned Premium,month,cumulative,Synthetic,Portfolio,Auto,2022-11,22,762769.7410106384
Claims Reported,month,cumulative,Synthetic,Portfolio,Auto,2022-11,23,47.94912001680303
Loss Incurred,month,cumulative,Synthetic,Portfolio,Auto,2022-11,23,604975.1073680685
Exposure,month,cumulative,Synthetic,Portfolio,Auto,2022-11,23,9851.823294682825
Earned Premium,month,cumulative,Synthetic,Portfolio,Auto,2022-11,23,761350.9143901359
Claims Reported,month,cumulative,Synthetic,Portfolio,Auto,2022-11,24,47.96413425476307
Loss Incurred,month,cumulative,Synthetic,Portfolio,Auto,2022-11,24,607868.7926627353
Exposure,month,cumulative,Synthetic,Portfolio,Auto,2022-11,24,9836.542429538977
Earned Premium,month,cumulative,Synthetic,Portfolio,Auto,2022-11,24,760005.4713482867
Claims Reported,month,cumulative,Synthetic,Portfolio,Auto,2022-11,25,47.974720258326606
Loss Incurred,month,cumulative,Synthetic,Portfolio,Auto,2022-11,25,610141.6429971292
Exposure,month,cumulative,Synthetic,Portfolio,Auto,2022-11,25,9822.611683854322
Earned Premium,month,cumulative,Synthetic,Portfolio,Auto,2022-11,25,758729.6163898992
Claims Reported,month,cumulative,Synthetic,Portfolio,Auto,2022-11,26,47.982182896049
Loss Incurred,month,cumulative,Synthetic,Portfolio,Auto,2022-11,26,611923.5479560184
Exposure,month,cumulative,Synthetic,Portfolio,Auto,2022-11,26,9809.911769713095
Earned Premium,month,cumulative,Synthetic,Portfolio,Auto,2022-11,26,757519.7503277842
Claims Reported,month,cumulative,Synthetic,Portfolio,Auto,2022-11,27,47.98744312260862
Loss Incurred,month,cumulative,Synthetic,Portfolio,Auto,2022-11,27,613318.522651424
Exposure,month,cumulative,Synthetic,Portfolio,Auto,2022-11,27,9798.333938716425
Earned Premium,month,cumulative,Synthetic,Portfolio,Auto,2022-11,27,756372.4601294472
Claims Reported,month,cumulative,Synthetic,Portfolio,Auto,2022-11,28,47.99115063440871
Loss Incurred,month,cumulative,Synthetic,Portfolio,Auto,2022-11,28,614409.3433108113
Exposure,month,cumulative,Synthetic,Portfolio,Auto,2022-11,28,9787.779050778065
Earned Premium,month,cumulative,Synthetic,Portfolio,Auto,2022-11,28,755284.5092889227
Claims Reported,month,cumulative,Synthetic,Portfolio,Auto,2022-11,29,47.99376361793122
Loss Incurred,month,cumulative,Synthetic,Portfolio,Auto,2022-11,29,615261.5666824317
Exposure,month,cumulative,Synthetic,Portfolio,Auto,2022-11,29,9778.156725195373
Earned Premium,month,cumulative,Synthetic,Portfolio,Auto,2022-11,29,754252.8286965897
Claims Reported,month,cumulative,Synthetic,Portfolio,Auto,2022-11,30,47.995605127209444
Loss Incurred,month,cumulative,Synthetic,Portfolio,Auto,2022-11,30,615926.9182633881
Exposure,month,cumulative,Synthetic,Portfolio,Auto,2022-11,30,9769.384566726229
Earned Premium,month,cumulative,Synthetic,Portfolio,Auto,2022-11,30,753274.5079812133
Claims Reported,month,cumulative,Synthetic,Portfolio,Auto,2022-11,31,47.99690290174711
Loss Incurred,month,cumulative,Synthetic,Portfolio,Auto,2022-11,31,616446.0922089074
Exposure,month,cumulative,Synthetic,Portfolio,Auto,2022-11,31,9761.387460044849
Earned Premium,month,cumulative,Synthetic,Portfolio,Auto,2022-11,31,752346.7872997858
Claims Reported,month,cumulative,Synthetic,Portfolio,Auto,2022-11,32,47.99781747016176
Loss Incurred,month,cumulative,Synthetic,Portfolio,Auto,2022-11,32,616851.0319304224
Exposure,month,cumulative,Synthetic,Portfolio,Auto,2022-11,32,9754.09692653496
Earned Premium,month,cumulative,Synthetic,Portfolio,Auto,2022-11,32,751467.0495520091
Claims Reported,month,cumulative,Synthetic,Portfolio,Auto,2022-11,33,47.99846197656551
Loss Incurred,month,cumulative,Synthetic,Portfolio,Auto,2022-11,33,617166.7679928271
Exposure,month,cumulative,Synthetic,Portfolio,Auto,2022-11,33,9747.45053791261
Earned Premium,month,cumulative,Synthetic,Portfolio,Auto,2022-11,33,750632.8129974547
Claims Reported,month,cumulative,Synthetic,Portfolio,Auto,2022-11,34,47.99891616294827
Loss Incurred,month,cumulative,Synthetic,Portfolio,Auto,2022-11,34,617412.8874580918
Exposure,month,cumulative,Synthetic,Portfolio,Auto,2022-11,34,9741.391381657531
Earned Premium,month,cumulative,Synthetic,Portfolio,Auto,2022-11,34,749841.7242545722
Claims Reported,month,cumulative,Synthetic,Portfolio,Auto,2022-11,35,47.999236227845515
Loss Incurred,month,cumulative,Synthetic,Portfolio,Auto,2022-11,35,617604.7015026073
Exposure,month,cumulative,Synthetic,Portfolio,Auto,2022-11,35,9735.867573675556
Earned Premium,month,cumulative,Synthetic,Portfolio,Auto,2022-11,35,749091.5516618001
Claims Reported,month,cumulative,Synthetic,Portfolio,Auto,2022-11,36,47.999461776330385
Loss Incurred,month,cumulative,Synthetic,Portfolio,Auto,2022-11,36,617754.1690047893
Exposure,month,cumulative,Synthetic,Portfolio,Auto,2022-11,36,9730.831814019059
Earned Premium,month,cumulative,Synthetic,Portfolio,Auto,2022-11,36,748380.1789820476
Claims Reported,month,cumulative,Synthetic,Portfolio,Auto,2022-11,37,47.999620718934494
Loss Incurred,month,cumulative,Synthetic,Portfolio,Auto,2022-11,37,617870.6245333926
Exposure,month,cumulative,Synthetic,Portfolio,Auto,2022-11,37,9726.240981861107
Earned Premium,month,cumulative,Synthetic,Portfolio,Auto,2022-11,37,747705.5994327889
Claims Reported,month,cumulative,Synthetic,Portfolio,Auto,2022-12,0,11.061429745704089
Loss Incurred,month,cumulative,Synthetic,Portfolio,Auto,2022-12,0,102973.74801756536
Exposure,month,cumulative,Synthetic,Portfolio,Auto,2022-12,0,11752.505705998734
Earned Premium,month,cumulative,Synthetic,Portfolio,Auto,2022-12,0,915952.3472193578
Claims Reported,month,cumulative,Synthetic,Portfolio,Auto,2022-12,1,14.816388249969126
Loss Incurred,month,cumulative,Synthetic,Portfolio,Auto,2022-12,1,128460.53171029205
Exposure,month,cumulative,Synthetic,Portfolio,Auto,2022-12,1,11627.015433968028
Earned Premium,month,cumulative,Synthetic,Portfolio,Auto,2022-12,1,912580.0992657975
Claims Reported,month,cumulative,Synthetic,Portfolio,Auto,2022-12,2,19.47516576725557
Loss Incurred,month,cumulative,Synthetic,Portfolio,Auto,2022-12,2,159135.3112493219
Exposure,month,cumulative,Synthetic,Portfolio,Auto,2022-12,2,11511.798136957023
Earned Premium,month,cumulative,Synthetic,Portfolio,Auto,2022-12,2,909323.7298206388
Claims Reported,month,cumulative,Synthetic,Portfolio,Auto,2022-12,3,25.018774746171452
Loss Incurred,month,cumulative,Synthetic,Portfolio,Auto,2022-12,3,195490.22933841884
Exposure,month,cumulative,Synthetic,Portfolio,Auto,2022-12,3,11406.01284128666
Earned Premium,month,cumulative,Synthetic,Portfolio,Auto,2022-12,3,906179.2570210724
Claims Reported,month,cumulative,Synthetic,Portfolio,Auto,2022-12,4,31.296532993872365
Loss Incurred,month,cumulative,Synthetic,Portfolio,Auto,2022-12,4,237799.3092457895
Exposure,month,cumulative,Synthetic,Portfolio,Auto,2022-12,4,11308.887417670823
Earned Premium,month,cumulative,Synthetic,Portfolio,Auto,2022-12,4,903142.8358306229
Claims Reported,month,cumulative,Synthetic,Portfolio,Auto,2022-12,5,38.0191408775029
Loss Incurred,month,cumulative,Synthetic,Portfolio,Auto,2022-12,5,286006.36431591806
Exposure,month,cumulative,Synthetic,Portfolio,Auto,2022-12,5,11219.712945427049
Earned Premium,month,cumulative,Synthetic,Portfolio,Auto,2022-12,5,900210.753337468
Claims Reported,month,cumulative,Synthetic,Portfolio,Auto,2022-12,6,44.800584627719786
Loss Incurred,month,cumulative,Synthetic,Portfolio,Auto,2022-12,6,339626.5078129687
Exposure,month,cumulative,Synthetic,Portfolio,Auto,2022-12,6,11137.838538048312
Earned Premium,month,cumulative,Synthetic,Portfolio,Auto,2022-12,6,897379.4242143191
Claims Reported,month,cumulative,Synthetic,Portfolio,Auto,2022-12,7,51.24134797551969
Loss Incurred,month,cumulative,Synthetic,Portfolio,Auto,2022-12,7,397693.1581198465
Exposure,month,cumulative,Synthetic,Portfolio,Auto,2022-12,7,11062.666592367554
Earned Premium,month,cumulative,Synthetic,Portfolio,Auto,2022-12,7,894645.386334312
Claims Reported,month,cumulative,Synthetic,Portfolio,Auto,2022-12,8,57.017798190426966
Loss Incurred,month,cumulative,Synthetic,Portfolio,Auto,2022-12,8,458781.3593696812
Exposure,month,cumulative,Synthetic,Portfolio,Auto,2022-12,8,10993.648426638532
Earned Premium,month,cumulative,Synthetic,Portfolio,Auto,2022-12,8,892005.2965375455
Claims Reported,month,cumulative,Synthetic,Portfolio,Auto,2022-12,9,61.93814376296061
Loss Incurred,month,cumulative,Synthetic,Portfolio,Auto,2022-12,9,521122.6105591945
Exposure,month,cumulative,Synthetic,Portfolio,Auto,2022-12,9,10930.280275695248
Earned Premium,month,cumulative,Synthetic,Portfolio,Auto,2022-12,9,889455.9265430914
Claims Reported,month,cumulative,Synthetic,Portfolio,Auto,2022-12,10,65.94853995976074
Loss Incurred,month,cumulative,Synthetic,Portfolio,Auto,2022-12,10,582798.3624652303
Exposure,month,cumulative,Synthetic,Portfolio,Auto,2022-12,10,10872.099613958504
Earned Premium,month,cumulative,Synthetic,Portfolio,Auto,2022-12,10,886994.1590014787
Claims Reported,month,cumulative,Synthetic,Portfolio,Auto,2022-12,11,69.10146221956873
Loss Incurred,month,cumulative,Synthetic,Portfolio,Auto,2022-12,11,641970.3092748171
Exposure,month,cumulative,Synthetic,Portfolio,Auto,2022-12,11,10818.681779451148
Earned Premium,month,cumulative,Synthetic,Portfolio,Auto,2022-12,11,884616.9836828228
Claims Reported,month,cumulative,Synthetic,Portfolio,Auto,2022-12,12,71.51067917918954
Loss Incurred,month,cumulative,Synthetic,Portfolio,Auto,2022-12,12,697090.8262712116
Exposure,month,cumulative,Synthetic,Portfolio,Auto,2022-12,12,10769.63687418062
Earned Premium,month,cumulative,Synthetic,Portfolio,Auto,2022-12,12,882321.4937959408
Claims Reported,month,cumulative,Synthetic,Portfolio,Auto,2022-12,13,73.31187075702127
Loss Incurred,month,cumulative,Synthetic,Portfolio,Auto,2022-12,13,747044.9633448524
Exposure,month,cumulative,Synthetic,Portfolio,Auto,2022-12,13,10724.60691826461
Earned Premium,month,cumulative,Synthetic,Portfolio,Auto,2022-12,13,880104.8824339495
Claims Reported,month,cumulative,Synthetic,Portfolio,Auto,2022-12,14,74.63663310446763
Loss Incurred,month,cumulative,Synthetic,Portfolio,Auto,2022-12,14,791201.5616319755
Exposure,month,cumulative,Synthetic,Portfolio,Auto,2022-12,14,10683.263237027724
Earned Premium,month,cumulative,Synthetic,Portfolio,Auto,2022-12,14,877964.4391420026
Claims Reported,month,cumulative,Synthetic,Portfolio,Auto,2022-12,15,75.59930525899091
Loss Incurred,month,cumulative,Synthetic,Portfolio,Auto,2022-12,15,829380.9809331548
Exposure,month,cumulative,Synthetic,Portfolio,Auto,2022-12,15,10645.304061997542
Earned Premium,month,cumulative,Synthetic,Portfolio,Auto,2022-12,15,875897.5466029673
Claims Reported,month,cumulative,Synthetic,Portfolio,Auto,2022-12,16,76.29274147908141
Loss Incurred,month,cumulative,Synthetic,Portfolio,Auto,2022-12,16,861767.0662155952
Exposure,month,cumulative,Synthetic,Portfolio,Auto,2022-12,16,10610.45232828965
Earned Premium,month,cumulative,Synthetic,Portfolio,Auto,2022-12,16,873901.6774369901
Claims Reported,month,cumulative,Synthetic,Portfolio,Auto,2022-12,17,76.7890882033159
Loss Incurred,month,cumulative,Synthetic,Portfolio,Auto,2022-12,17,888796.2528850702
Exposure,month,cumulative,Synthetic,Portfolio,Auto,2022-12,17,10578.453652304725
Earned Premium,month,cumulative,Synthetic,Portfolio,Auto,2022-12,17,871974.3911110362
Claims Reported,month,cumulative,Synthetic,Portfolio,Auto,2022-12,18,77.14275477606814
Loss Incurred,month,cumulative,Synthetic,Portfolio,Auto,2022-12,18,911050.4479425718
Exposure,month,cumulative,Synthetic,Portfolio,Auto,2022-12,18,10549.074474976844
Earned Premium,month,cumulative,Synthetic,Portfolio,Auto,2022-12,18,870113.3309546255
Claims Reported,month,cumulative,Synthetic,Portfolio,Auto,2022-12,19,77.39394249661935
Loss Incurred,month,cumulative,Synthetic,Portfolio,Auto,2022-12,19,929169.3097046866
Exposure,month,cumulative,Synthetic,Portfolio,Auto,2022-12,19,10522.100357020536
Earned Premium,month,cumulative,Synthetic,Portfolio,Auto,2022-12,19,868316.2212781144
Claims Reported,month,cumulative,Synthetic,Portfolio,Auto,2022-12,20,77.57193627603351
Loss Incurred,month,cumulative,Synthetic,Portfolio,Auto,2022-12,20,943787.3452952371
Exposure,month,cumulative,Synthetic,Portfolio,Auto,2022-12,20,10497.33441373354
Earned Premium,month,cumulative,Synthetic,Portfolio,Auto,2022-12,20,866580.8645900004
Claims Reported,month,cumulative,Synthetic,Portfolio,Auto,2022-12,21,77.69785892088038
Loss Incurred,month,cumulative,Synthetic,Portfolio,Auto,2022-12,21,955494.4282758443
Exposure,month,cumulative,Synthetic,Portfolio,Auto,2022-12,21,10474.595877930886
Earned Premium,month,cumulative,Synthetic,Portfolio,Auto,2022-12,21,864905.1389098468
Claims Reported,month,cumulative,Synthetic,Portfolio,Auto,2022-12,22,77.78684094294987
Loss Incurred,month,cumulative,Synthetic,Portfolio,Auto,2022-12,22,964815.0524517383
Exposure,month,cumulative,Synthetic,Portfolio,Auto,2022-12,22,10453.718780521065
Earned Premium,month,cumulative,Synthetic,Portfolio,Auto,2022-12,22,863286.9951735421
Claims Reported,month,cumulative,Synthetic,Portfolio,Auto,2022-12,23,77.84966802873863
Loss Incurred,month,cumulative,Synthetic,Portfolio,Auto,2022-12,23,972200.8810995778
Exposure,month,cumulative,Synthetic,Portfolio,Auto,2022-12,23,10434.550739093867
Earned Premium,month,cumulative,Synthetic,Portfolio,Auto,2022-12,23,861724.4547277204
Claims Reported,month,cumulative,Synthetic,Portfolio,Auto,2022-12,24,77.89400252035844
Loss Incurred,month,cumulative,Synthetic,Portfolio,Auto,2022-12,24,978031.7663893702
Exposure,month,cumulative,Synthetic,Portfolio,Auto,2022-12,24,10416.951845677679
Earned Premium,month,cumulative,Synthetic,Portfolio,Auto,2022-12,24,860215.6069102796
Claims Reported,month,cumulative,Synthetic,Portfolio,Auto,2022-12,25,77.92527485047424
Loss Incurred,month,cumulative,Synthetic,Portfolio,Auto,2022-12,25,982621.5387505144
Exposure,month,cumulative,Synthetic,Portfolio,Auto,2022-12,25,10400.793645548016
Earned Premium,month,cumulative,Synthetic,Portfolio,Auto,2022-12,25,858758.6067140392
Claims Reported,month,cumulative,Synthetic,Portfolio,Auto,2022-12,26,77.94732717529135
Loss Incurred,month,cumulative,Synthetic,Portfolio,Auto,2022-12,26,986226.0054297656
Exposure,month,cumulative,Synthetic,Portfolio,Auto,2022-12,26,10385.958199633555
Earned Premium,month,cumulative,Synthetic,Portfolio,Auto,2022-12,26,857351.67253068
Claims Reported,month,cumulative,Synthetic,Portfolio,Auto,2022-12,27,77.96287468417292
Loss Incurred,month,cumulative,Synthetic,Portfolio,Auto,2022-12,27,989051.536172811
Exposure,month,cumulative,Synthetic,Portfolio,Auto,2022-12,27,10372.337223676159
Earned Premium,month,cumulative,Synthetic,Portfolio,Auto,2022-12,27,855993.083972207
Claims Reported,month,cumulative,Synthetic,Portfolio,Auto,2022-12,28,77.97383455433886
Loss Incurred,month,cumulative,Synthetic,Portfolio,Auto,2022-12,28,991263.3012392108
Exposure,month,cumulative,Synthetic,Portfolio,Auto,2022-12,28,10359.831297861614
Earned Premium,month,cumulative,Synthetic,Portfolio,Auto,2022-12,28,854681.179767274
Claims Reported,month,cumulative,Synthetic,Portfolio,Auto,2022-12,29,77.98155969531581
Loss Incurred,month,cumulative,Synthetic,Portfolio,Auto,2022-12,29,992992.6894864636
Exposure,month,cumulative,Synthetic,Portfolio,Auto,2022-12,29,10348.349141152134
Earned Premium,month,cumulative,Synthetic,Portfolio,Auto,2022-12,29,853414.3557297919
Claims Reported,month,cumulative,Synthetic,Portfolio,Auto,2022-12,30,77.9870044296206
Loss Incurred,month,cumulative,Synthetic,Portfolio,Auto,2022-12,30,994343.7238383599
Exposure,month,cumulative,Synthetic,Portfolio,Auto,2022-12,30,10337.80694502398
Earned Premium,month,cumulative,Synthetic,Portfolio,Auto,2022-12,30,852191.062797345
Claims Reported,month,cumulative,Synthetic,Portfolio,Auto,2022-12,31,77.9908417257302
Loss Incurred,month,cumulative,Synthetic,Portfolio,Auto,2022-12,31,995398.45963162
Exposure,month,cumulative,Synthetic,Portfolio,Auto,2022-12,31,10328.127761747139
Earned Premium,month,cumulative,Synthetic,Portfolio,Auto,2022-12,31,851009.805137008
Claims Reported,month,cumulative,Synthetic,Portfolio,Auto,2022-12,32,77.99354604941745
Loss Incurred,month,cumulative,Synthetic,Portfolio,Auto,2022-12,32,996221.4398777963
Exposure,month,cumulative,Synthetic,Portfolio,Auto,2022-12,32,10319.240942742084
Earned Premium,month,cumulative,Synthetic,Portfolio,Auto,2022-12,32,849869.1383162542
Claims Reported,month,cumulative,Synthetic,Portfolio,Auto,2022-12,33,77.9954518667593
Loss Incurred,month,cumulative,Synthetic,Portfolio,Auto,2022-12,33,996863.3207629247
Exposure,month,cumulative,Synthetic,Portfolio,Auto,2022-12,33,10311.08162291419
Earned Premium,month,cumulative,Synthetic,Portfolio,Auto,2022-12,33,848767.6675367147
Claims Reported,month,cumulative,Synthetic,Portfolio,Auto,2022-12,34,77.99679492948523
Loss Incurred,month,cumulative,Synthetic,Portfolio,Auto,2022-12,34,997363.7913233083
Exposure,month,cumulative,Synthetic,Portfolio,Auto,2022-12,34,10303.590247201906
Earned Premium,month,cumulative,Synthetic,Portfolio,Auto,2022-12,34,847704.0459286295
Claims Reported,month,cumulative,Synthetic,Portfolio,Auto,2022-12,35,77.99774139757439
Loss Incurred,month,cumulative,Synthetic,Portfolio,Auto,2022-12,35,997753.9064006429
Exposure,month,cumulative,Synthetic,Portfolio,Auto,2022-12,35,10296.712135883032
Earned Premium,month,cumulative,Synthetic,Portfolio,Auto,2022-12,35,846676.9729039065
Claims Reported,month,cumulative,Synthetic,Portfolio,Auto,2022-12,36,77.998408376161
Loss Incurred,month,cumulative,Synthetic,Portfolio,Auto,2022-12,36,998057.9397833222
Exposure,month,cumulative,Synthetic,Portfolio,Auto,2022-12,36,10290.397085466155
Earned Premium,month,cumulative,Synthetic,Portfolio,Auto,2022-12,36,845685.1925657721
Claims Reported,month,cumulative,Synthetic,Portfolio,Auto,2023-01,0,20.12417164350157
Loss Incurred,month,cumulative,Synthetic,Portfolio,Auto,2023-01,0,125028.79691863478
Exposure,month,cumulative,Synthetic,Portfolio,Auto,2023-01,0,12113.325543994835
Earned Premium,month,cumulative,Synthetic,Portfolio,Auto,2023-01,0,921163.0493816794
Claims Reported,month,cumulative,Synthetic,Portfolio,Auto,2023-01,1,25.979926223929272
Loss Incurred,month,cumulative,Synthetic,Portfolio,Auto,2023-01,1,155060.53220553353
Exposure,month,cumulative,Synthetic,Portfolio,Auto,2023-01,1,11984.232934101548
Earned Premium,month,cumulative,Synthetic,Portfolio,Auto,2023-01,1,914877.5994636554
Claims Reported,month,cumulative,Synthetic,Portfolio,Auto,2023-01,2,32.68124695150453
Loss Incurred,month,cumulative,Synthetic,Portfolio,Auto,2023-01,2,190742.03793559098
Exposure,month,cumulative,Synthetic,Portfolio,Auto,2023-01,2,11865.68773727487
Earned Premium,month,cumulative,Synthetic,Portfolio,Auto,2023-01,2,908992.4379489921
Claims Reported,month,cumulative,Synthetic,Portfolio,Auto,2023-01,3,39.94133726159892
Loss Incurred,month,cumulative,Synthetic,Portfolio,Auto,2023-01,3,232389.06099410699
Exposure,month,cumulative,Synthetic,Portfolio,Auto,2023-01,3,11756.82818518825
Earned Premium,month,cumulative,Synthetic,Portfolio,Auto,2023-01,3,903482.0725009508
Claims Reported,month,cumulative,Synthetic,Portfolio,Auto,2023-01,4,47.354460678095734
Loss Incurred,month,cumulative,Synthetic,Portfolio,Auto,2023-01,4,280002.00896446034
Exposure,month,cumulative,Synthetic,Portfolio,Auto,2023-01,4,11656.862919637879
Earned Premium,month,cumulative,Synthetic,Portfolio,Auto,2023-01,4,898322.6342603326
Claims Reported,month,cumulative,Synthetic,Portfolio,Auto,2023-01,5,54.479904081086524
Loss Incurred,month,cumulative,Synthetic,Portfolio,Auto,2023-01,5,333162.9221866197
Exposure,month,cumulative,Synthetic,Portfolio,Auto,2023-01,5,11565.065239737409
Earned Premium,month,cumulative,Synthetic,Portfolio,Auto,2023-01,5,893491.7744544344
Claims Reported,month,cumulative,Synthetic,Portfolio,Auto,2023-01,6,60.941854098999606
Loss Incurred,month,cumulative,Synthetic,Portfolio,Auto,2023-01,6,390973.13712134317
Exposure,month,cumulative,Synthetic,Portfolio,Auto,2023-01,6,11480.767819141225
Earned Premium,month,cumulative,Synthetic,Portfolio,Auto,2023-01,6,888968.567590455
Claims Reported,month,cumulative,Synthetic,Portfolio,Auto,2023-01,7,66.50022197092089
Loss Incurred,month,cumulative,Synthetic,Portfolio,Auto,2023-01,7,452063.66902259813
Exposure,month,cumulative,Synthetic,Portfolio,Auto,2023-01,7,11403.357854892949
Earned Premium,month,cumulative,Synthetic,Portfolio,Auto,2023-01,7,884733.4208140215
Claims Reported,month,cumulative,Synthetic,Portfolio,Auto,2023-01,8,71.06797366642466
Loss Incurred,month,cumulative,Synthetic,Portfolio,Auto,2023-01,8,514696.9170456786
Exposure,month,cumulative,Synthetic,Portfolio,Auto,2023-01,8,11332.27261263358
Earned Premium,month,cumulative,Synthetic,Portfolio,Auto,2023-01,8,880767.9890402128
Claims Reported,month,cumulative,Synthetic,Portfolio,Auto,2023-01,9,74.68288290843375
Loss Incurred,month,cumulative,Synthetic,Portfolio,Auto,2023-01,9,576951.4496320179
Exposure,month,cumulative,Synthetic,Portfolio,Auto,2023-01,9,11266.995335785008
Earned Premium,month,cumulative,Synthetic,Portfolio,Auto,2023-01,9,877055.0954894549
Claims Reported,month,cumulative,Synthetic,Portfolio,Auto,2023-01,10,77.4593613696053
Loss Incurred,month,cumulative,Synthetic,Portfolio,Auto,2023-01,10,636951.5822255479
Exposure,month,cumulative,Synthetic,Portfolio,Auto,2023-01,10,11207.051488970536
Earned Premium,month,cumulative,Synthetic,Portfolio,Auto,2023-01,10,873578.6572840845
Claims Reported,month,cumulative,Synthetic,Portfolio,Auto,2023-01,11,79.54324503412663
Loss Incurred,month,cumulative,Synthetic,Portfolio,Auto,2023-01,11,693085.609662051
Exposure,month,cumulative,Synthetic,Portfolio,Auto,2023-01,11,11152.005308363883
Earned Premium,month,cumulative,Synthetic,Portfolio,Auto,2023-01,11,870323.6157832872
Claims Reported,month,cumulative,Synthetic,Portfolio,Auto,2023-01,12,81.0803809496989
Loss Incurred,month,cumulative,Synthetic,Portfolio,Auto,2023-01,12,744161.1733393071
Exposure,month,cumulative,Synthetic,Portfolio,Auto,2023-01,12,11101.45663388928
Earned Premium,month,cumulative,Synthetic,Portfolio,Auto,2023-01,12,867275.8713546519
Claims Reported,month,cumulative,Synthetic,Portfolio,Auto,2023-01,13,82.19975809743259
Loss Incurred,month,cumulative,Synthetic,Portfolio,Auto,2023-01,13,789470.6067213903
Exposure,month,cumulative,Synthetic,Portfolio,Auto,2023-01,13,11055.03800024423
Earned Premium,month,cumulative,Synthetic,Portfolio,Auto,2023-01,13,864422.2222997927
Claims Reported,month,cumulative,Synthetic,Portfolio,Auto,2023-01,14,83.00731653943701
Loss Incurred,month,cumulative,Synthetic,Portfolio,Auto,2023-01,14,828769.63713405
Exposure,month,cumulative,Synthetic,Portfolio,Auto,2023-01,14,11012.411965598047
Earned Premium,month,cumulative,Synthetic,Portfolio,Auto,2023-01,14,861750.3076694885
Claims Reported,month,cumulative,Synthetic,Portfolio,Auto,2023-01,15,83.58599037439001
Loss Incurred,month,cumulative,Synthetic,Portfolio,Auto,2023-01,15,862195.1296532253
Exposure,month,cumulative,Synthetic,Portfolio,Auto,2023-01,15,10973.268658547007
Earned Premium,month,cumulative,Synthetic,Portfolio,Auto,2023-01,15,859248.5537206358
Claims Reported,month,cumulative,Synthetic,Portfolio,Auto,2023-01,16,83.99864496737999
Loss Incurred,month,cumulative,Synthetic,Portfolio,Auto,2023-01,16,890155.0561870831
Exposure,month,cumulative,Synthetic,Portfolio,Auto,2023-01,16,10937.323525493703
Earned Premium,month,cumulative,Synthetic,Portfolio,Auto,2023-01,16,856906.1237830868
Claims Reported,month,cumulative,Synthetic,Portfolio,Auto,2023-01,17,84.29189355704698
Loss Incurred,month,cumulative,Synthetic,Portfolio,Auto,2023-01,17,913218.9023364203
Exposure,month,cumulative,Synthetic,Portfolio,Auto,2023-01,17,10904.315262075002
Earned Premium,month,cumulative,Synthetic,Portfolio,Auto,2023-01,17,854712.8713192135
Claims Reported,month,cumulative,Synthetic,Portfolio,Auto,2023-01,18,84.49977519819804
Loss Incurred,month,cumulative,Synthetic,Portfolio,Auto,2023-01,18,932025.94240029
Exposure,month,cumulative,Synthetic,Portfolio,Auto,2023-01,18,10874.003913601131
Earned Premium,month,cumulative,Synthetic,Portfolio,Auto,2023-01,18,852659.2959728704
Claims Reported,month,cumulative,Synthetic,Portfolio,Auto,2023-01,19,84.64688385594445
Loss Incurred,month,cumulative,Synthetic,Portfolio,Auto,2023-01,19,947218.1877500184
Exposure,month,cumulative,Synthetic,Portfolio,Auto,2023-01,19,10846.169130696926
Earned Premium,month,cumulative,Synthetic,Portfolio,Auto,2023-01,19,850736.5024173761
Claims Reported,month,cumulative,Synthetic,Portfolio,Auto,2023-01,20,84.75085760699645
Loss Incurred,month,cumulative,Synthetic,Portfolio,Auto,2023-01,20,959397.390974677
Exposure,month,cumulative,Synthetic,Portfolio,Auto,2023-01,20,10820.608567464571
Earned Premium,month,cumulative,Synthetic,Portfolio,Auto,2023-01,20,848936.1618242566
Claims Reported,month,cumulative,Synthetic,Portfolio,Auto,2023-01,21,84.82428022262147
Loss Incurred,month,cumulative,Synthetic,Portfolio,Auto,2023-01,21,969101.6992311752
Exposure,month,cumulative,Synthetic,Portfolio,Auto,2023-01,21,10797.136410523248
Earned Premium,month,cumulative,Synthetic,Portfolio,Auto,2023-01,21,847250.4757858508
Claims Reported,month,cumulative,Synthetic,Portfolio,Auto,2023-01,22,84.87609672332312
Loss Incurred,month,cumulative,Synthetic,Portfolio,Auto,2023-01,22,976796.4847296213
Exposure,month,cumulative,Synthetic,Portfolio,Auto,2023-01,22,10775.582028232457
Earned Premium,month,cumulative,Synthetic,Portfolio,Auto,2023-01,22,845672.1425355
Claims Reported,month,cumulative,Synthetic,Portfolio,Auto,2023-01,23,84.91264923459686
Loss Incurred,month,cumulative,Synthetic,Portfolio,Auto,2023-01,23,982874.3566894141
Exposure,month,cumulative,Synthetic,Portfolio,Auto,2023-01,23,10755.788730279524
Earned Premium,month,cumulative,Synthetic,Portfolio,Auto,2023-01,23,844194.3253190041
Claims Reported,month,cumulative,Synthetic,Portfolio,Auto,2023-01,24,84.93842626965385
Loss Incurred,month,cumulative,Synthetic,Portfolio,Auto,2023-01,24,987660.4537647646
Exposure,month,cumulative,Synthetic,Portfolio,Auto,2023-01,24,10737.61262861407
Earned Premium,month,cumulative,Synthetic,Portfolio,Auto,2023-01,24,842810.6227803383
Claims Reported,month,cumulative,Synthetic,Portfolio,Auto,2023-01,25,84.95660044142127
Loss Incurred,month,cumulative,Synthetic,Portfolio,Auto,2023-01,25,991420.2791533715
Exposure,month,cumulative,Synthetic,Portfolio,Auto,2023-01,25,10720.921591448934
Earned Premium,month,cumulative,Synthetic,Portfolio,Auto,2023-01,25,841515.0412333518
Claims Reported,month,cumulative,Synthetic,Portfolio,Auto,2023-01,26,84.9694122359091
Loss Incurred,month,cumulative,Synthetic,Portfolio,Auto,2023-01,26,994368.3211829134
Exposure,month,cumulative,Synthetic,Portfolio,Auto,2023-01,26,10705.594282723687
Earned Premium,month,cumulative,Synthetic,Portfolio,Auto,2023-01,26,840301.9686993447
Claims Reported,month,cumulative,Synthetic,Portfolio,Auto,2023-01,27,84.97844287608326
Loss Incurred,month,cumulative,Synthetic,Portfolio,Auto,2023-01,27,996676.4308538677
Exposure,month,cumulative,Synthetic,Portfolio,Auto,2023-01,27,10691.519280048013
Earned Premium,month,cumulative,Synthetic,Portfolio,Auto,2023-01,27,839166.1505980563
Claims Reported,month,cumulative,Synthetic,Portfolio,Auto,2023-01,28,84.98480781370841
Loss Incurred,month,cumulative,Synthetic,Portfolio,Auto,2023-01,28,998481.4238859812
Exposure,month,cumulative,Synthetic,Portfolio,Auto,2023-01,28,10678.594264712874
Earned Premium,month,cumulative,Synthetic,Portfolio,Auto,2023-01,28,838102.6669867729
Claims Reported,month,cumulative,Synthetic,Portfolio,Auto,2023-01,29,84.98929368216724
Loss Incurred,month,cumulative,Synthetic,Portfolio,Auto,2023-01,29,999891.688729149
Exposure,month,cumulative,Synthetic,Portfolio,Auto,2023-01,29,10666.725277881184
Earned Premium,month,cumulative,Synthetic,Portfolio,Auto,2023-01,29,837106.9112489613
Claims Reported,month,cumulative,Synthetic,Portfolio,Auto,2023-01,30,84.99245510469476
Loss Incurred,month,cumulative,Synthetic,Portfolio,Auto,2023-01,30,1000992.766534539
Exposure,month,cumulative,Synthetic,Portfolio,Auto,2023-01,30,10655.826037550856
Earned Premium,month,cumulative,Synthetic,Portfolio,Auto,2023-01,30,836174.5701401142
Claims Reported,month,cumulative,Synthetic,Portfolio,Auto,2023-01,31,84.99468306276782
Loss Incurred,month,cumulative,Synthetic,Portfolio,Auto,2023-01,31,1001851.967952832
Exposure,month,cumulative,Synthetic,Portfolio,Auto,2023-01,31,10645.817311324872
Earned Premium,month,cumulative,Synthetic,Portfolio,Auto,2023-01,31,835301.6051043748
Claims Reported,month,cumulative,Synthetic,Portfolio,Auto,2023-01,32,84.99625314844532
Loss Incurred,month,cumulative,Synthetic,Portfolio,Auto,2023-01,32,1002522.1370485412
Exposure,month,cumulative,Synthetic,Portfolio,Auto,2023-01,32,10636.626340428671
Earned Premium,month,cumulative,Synthetic,Portfolio,Auto,2023-01,32,834484.2347810114
Claims Reported,month,cumulative,Synthetic,Portfolio,Auto,2023-01,33,84.99735960396404
Loss Incurred,month,cumulative,Synthetic,Portfolio,Auto,2023-01,33,1003044.6866278566
Exposure,month,cumulative,Synthetic,Portfolio,Auto,2023-01,33,10628.186310787787
Earned Premium,month,cumulative,Synthetic,Portfolio,Auto,2023-01,33,833718.9186249647
Claims Reported,month,cumulative,Synthetic,Portfolio,Auto,2023-01,34,84.99813932729259
Loss Incurred,month,cumulative,Synthetic,Portfolio,Auto,2023-01,34,1003452.0261269102
Exposure,month,cumulative,Synthetic,Portfolio,Auto,2023-01,34,10620.435867320663
Earned Premium,month,cumulative,Synthetic,Portfolio,Auto,2023-01,34,833002.3415705201
Claims Reported,month,cumulative,Synthetic,Portfolio,Auto,2023-01,35,84.99868879762802
Loss Incurred,month,cumulative,Synthetic,Portfolio,Auto,2023-01,35,1003769.491684285
Exposure,month,cumulative,Synthetic,Portfolio,Auto,2023-01,35,10613.318667915803
Earned Premium,month,cumulative,Synthetic,Portfolio,Auto,2023-01,35,832331.399671673
Claims Reported,month,cumulative,Synthetic,Portfolio,Auto,2023-02,0,20.698511998368705
Loss Incurred,month,cumulative,Synthetic,Portfolio,Auto,2023-02,0,146382.88528650932
Exposure,month,cumulative,Synthetic,Portfolio,Auto,2023-02,0,12342.543386210651
Earned Premium,month,cumulative,Synthetic,Portfolio,Auto,2023-02,0,986414.0998780571
Claims Reported,month,cumulative,Synthetic,Portfolio,Auto,2023-02,1,26.98418995717296
Loss Incurred,month,cumulative,Synthetic,Portfolio,Auto,2023-02,1,181229.57214221527
Exposure,month,cumulative,Synthetic,Portfolio,Auto,2023-02,1,12195.727051188393
Earned Premium,month,cumulative,Synthetic,Portfolio,Auto,2023-02,1,978781.4620065864
Claims Reported,month,cumulative,Synthetic,Portfolio,Auto,2023-02,2,34.33094781421476
Loss Incurred,month,cumulative,Synthetic,Portfolio,Auto,2023-02,2,222475.346427575
Exposure,month,cumulative,Synthetic,Portfolio,Auto,2023-02,2,12062.299794299179
Earned Premium,month,cumulative,Synthetic,Portfolio,Auto,2023-02,2,971700.046488472
Claims Reported,month,cumulative,Synthetic,Portfolio,Auto,2023-02,3,42.481409027577264
Loss Incurred,month,cumulative,Synthetic,Portfolio,Auto,2023-02,3,270403.2834651398
Exposure,month,cumulative,Synthetic,Portfolio,Auto,2023-02,3,11941.040583746888
Earned Premium,month,cumulative,Synthetic,Portfolio,Auto,2023-02,3,965130.0445331025
Claims Reported,month,cumulative,Synthetic,Portfolio,Auto,2023-02,4,51.016401551470736
Loss Incurred,month,cumulative,Synthetic,Portfolio,Auto,2023-02,4,324916.9799397713
Exposure,month,cumulative,Synthetic,Portfolio,Auto,2023-02,4,11830.83974108118
Earned Premium,month,cumulative,Synthetic,Portfolio,Auto,2023-02,4,959034.5223054994
Claims Reported,month,cumulative,Synthetic,Portfolio,Auto,2023-02,5,59.43056676711877
Loss Incurred,month,cumulative,Synthetic,Portfolio,Auto,2023-02,5,385432.7665299365
Exposure,month,cumulative,Synthetic,Portfolio,Auto,2023-02,5,11730.688786205921
Earned Premium,month,cumulative,Synthetic,Portfolio,Auto,2023-02,5,953379.2132995657
Claims Reported,month,cumulative,Synthetic,Portfolio,Auto,2023-02,6,67.24623505153784
Loss Incurred,month,cumulative,Synthetic,Portfolio,Auto,2023-02,6,450825.788083717
Exposure,month,cumulative,Synthetic,Portfolio,Auto,2023-02,6,11639.671208483285
Earned Premium,month,cumulative,Synthetic,Portfolio,Auto,2023-02,6,948132.325705954
Claims Reported,month,cumulative,Synthetic,Portfolio,Auto,2023-02,7,74.11466246699578
Loss Incurred,month,cumulative,Synthetic,Portfolio,Auto,2023-02,7,519463.7534711154
Exposure,month,cumulative,Synthetic,Portfolio,Auto,2023-02,7,11556.954079477233
Earned Premium,month,cumulative,Synthetic,Portfolio,Auto,2023-02,7,943264.3636916572
Claims Reported,month,cumulative,Synthetic,Portfolio,Auto,2023-02,8,79.86285208376633
Loss Incurred,month,cumulative,Synthetic,Portfolio,Auto,2023-02,8,589343.3552941137
Exposure,month,cumulative,Synthetic,Portfolio,Auto,2023-02,8,11481.780430582132
Earned Premium,month,cumulative,Synthetic,Portfolio,Auto,2023-02,8,938747.9615866285
Claims Reported,month,cumulative,Synthetic,Portfolio,Auto,2023-02,9,84.4800449769657
Loss Incurred,month,cumulative,Synthetic,Portfolio,Auto,2023-02,9,658312.2894700646
Exposure,month,cumulative,Synthetic,Portfolio,Auto,2023-02,9,11413.462325781973
Earned Premium,month,cumulative,Synthetic,Portfolio,Auto,2023-02,9,934557.7300452973
Claims Reported,month,cumulative,Synthetic,Portfolio,Auto,2023-02,10,88.0680110027192
Loss Incurred,month,cumulative,Synthetic,Portfolio,Auto,2023-02,10,724327.9121355857
Exposure,month,cumulative,Synthetic,Portfolio,Auto,2023-02,10,11351.374566146964
Earned Premium,month,cumulative,Synthetic,Portfolio,Auto,2023-02,10,930670.1133181648
Claims Reported,month,cumulative,Synthetic,Portfolio,Auto,2023-02,11,90.78511179901352
Loss Incurred,month,cumulative,Synthetic,Portfolio,Auto,2023-02,11,785688.8104389188
Exposure,month,cumulative,Synthetic,Portfolio,Auto,2023-02,11,11294.948968455536
Earned Premium,month,cumulative,Synthetic,Portfolio,Auto,2023-02,11,927063.2568311177
Claims Reported,month,cumulative,Synthetic,Portfolio,Auto,2023-02,12,92.80275972027772
Loss Incurred,month,cumulative,Synthetic,Portfolio,Auto,2023-02,12,841186.5353247628
Exposure,month,cumulative,Synthetic,Portfolio,Auto,2023-02,12,11243.669165583733
Earned Premium,month,cumulative,Synthetic,Portfolio,Auto,2023-02,12,923716.8843280469
Claims Reported,month,cumulative,Synthetic,Portfolio,Auto,2023-02,13,94.2792956249317
Loss Incurred,month,cumulative,Synthetic,Portfolio,Auto,2023-02,13,890155.0165976261
Exposure,month,cumulative,Synthetic,Portfolio,Auto,2023-02,13,11197.065881078868
Earned Premium,month,cumulative,Synthetic,Portfolio,Auto,2023-02,13,920612.1838861181
Claims Reported,month,cumulative,Synthetic,Portfolio,Auto,2023-02,14,95.34833366648998
Loss Incurred,month,cumulative,Synthetic,Portfolio,Auto,2023-02,14,932428.3170324642
Exposure,month,cumulative,Synthetic,Portfolio,Auto,2023-02,14,11154.712634673631
Earned Premium,month,cumulative,Synthetic,Portfolio,Auto,2023-02,14,917731.7021629189
Claims Reported,month,cumulative,Synthetic,Portfolio,Auto,2023-02,15,96.11635102646443
Loss Incurred,month,cumulative,Synthetic,Portfolio,Auto,2023-02,15,968238.7311342239
Exposure,month,cumulative,Synthetic,Portfolio,Auto,2023-02,15,11116.221839440614
Earned Premium,month,cumulative,Synthetic,Portfolio,Auto,2023-02,15,915059.2462809817
Claims Reported,month,cumulative,Synthetic,Portfolio,Auto,2023-02,16,96.66503753857222
Loss Incurred,month,cumulative,Synthetic,Portfolio,Auto,2023-02,16,998091.925647734
Exposure,month,cumulative,Synthetic,Portfolio,Auto,2023-02,16,11081.241254871144
Earned Premium,month,cumulative,Synthetic,Portfolio,Auto,2023-02,16,912579.7927981219
Claims Reported,month,cumulative,Synthetic,Portfolio,Auto,2023-02,17,97.05546823018169
Loss Incurred,month,cumulative,Synthetic,Portfolio,Auto,2023-02,17,1022648.1142865982
Exposure,month,cumulative,Synthetic,Portfolio,Auto,2023-02,17,11049.450763419509
Earned Premium,month,cumulative,Synthetic,Portfolio,Auto,2023-02,17,910279.4032518559
Claims Reported,month,cumulative,Synthetic,Portfolio,Auto,2023-02,18,97.3324998460738
Loss Incurred,month,cumulative,Synthetic,Portfolio,Auto,2023-02,18,1042625.8041772519
Exposure,month,cumulative,Synthetic,Portfolio,Auto,2023-02,18,11020.559441013806
Earned Premium,month,cumulative,Synthetic,Portfolio,Auto,2023-02,18,908145.145803127
Claims Reported,month,cumulative,Synthetic,Portfolio,Auto,2023-02,19,97.52867254655065
Loss Incurred,month,cumulative,Synthetic,Portfolio,Auto,2023-02,19,1058733.449543489
Exposure,month,cumulative,Synthetic,Portfolio,Auto,2023-02,19,10994.302894724795
Earned Premium,month,cumulative,Synthetic,Portfolio,Auto,2023-02,19,906165.0225388528
Claims Reported,month,cumulative,Synthetic,Portfolio,Auto,2023-02,20,97.66738875212049
Loss Incurred,month,cumulative,Synthetic,Portfolio,Auto,2023-02,20,1071627.0328414435
Exposure,month,cumulative,Synthetic,Portfolio,Auto,2023-02,20,10970.440843228986
Earned Premium,month,cumulative,Synthetic,Portfolio,Auto,2023-02,20,904327.9020246172
Claims Reported,month,cumulative,Synthetic,Portfolio,Auto,2023-02,21,97.76537765633873
Loss Incurred,month,cumulative,Synthetic,Portfolio,Auto,2023-02,21,1081888.1760755482
Exposure,month,cumulative,Synthetic,Portfolio,Auto,2023-02,21,10948.754917924065
Earned Premium,month,cumulative,Synthetic,Portfolio,Auto,2023-02,21,902623.456728348
Claims Reported,month,cumulative,Synthetic,Portfolio,Auto,2023-02,22,97.83454745258477
Loss Incurred,month,cumulative,Synthetic,Portfolio,Auto,2023-02,22,1090016.698723504
Exposure,month,cumulative,Synthetic,Portfolio,Auto,2023-02,22,10929.046664574045
Earned Premium,month,cumulative,Synthetic,Portfolio,Auto,2023-02,22,901042.1049632011
Claims Reported,month,cumulative,Synthetic,Portfolio,Auto,2023-02,23,97.88334940163904
Loss Incurred,month,cumulative,Synthetic,Portfolio,Auto,2023-02,23,1096432.301205125
Exposure,month,cumulative,Synthetic,Portfolio,Auto,2023-02,23,10911.135727196594
Earned Premium,month,cumulative,Synthetic,Portfolio,Auto,2023-02,23,899574.9570232779
Claims Reported,month,cumulative,Synthetic,Portfolio,Auto,2023-02,24,97.91776880731216
Loss Incurred,month,cumulative,Synthetic,Portfolio,Auto,2023-02,24,1101481.3296236114
Exposure,month,cumulative,Synthetic,Portfolio,Auto,2023-02,24,10894.858197572756
Earned Premium,month,cumulative,Synthetic,Portfolio,Auto,2023-02,24,898213.7652093734
Claims Reported,month,cumulative,Synthetic,Portfolio,Auto,2023-02,25,97.94203829532404
Loss Incurred,month,cumulative,Synthetic,Portfolio,Auto,2023-02,25,1105445.8426016918
Exposure,month,cumulative,Synthetic,Portfolio,Auto,2023-02,25,10880.065115274987
Earned Premium,month,cumulative,Synthetic,Portfolio,Auto,2023-02,25,896950.877463822
Claims Reported,month,cumulative,Synthetic,Portfolio,Auto,2023-02,26,97.95914794179215
Loss Incurred,month,cumulative,Synthetic,Portfolio,Auto,2023-02,26,1108553.2316846352
Exposure,month,cumulative,Synthetic,Portfolio,Auto,2023-02,26,10866.621104486752
Earned Premium,month,cumulative,Synthetic,Portfolio,Auto,2023-02,26,895779.1943537911
Claims Reported,month,cumulative,Synthetic,Portfolio,Auto,2023-02,27,97.97120849681845
Loss Incurred,month,cumulative,Synthetic,Portfolio,Auto,2023-02,27,1110985.3959008283
Exposure,month,cumulative,Synthetic,Portfolio,Auto,2023-02,27,10854.403135138922
Earned Premium,month,cumulative,Synthetic,Portfolio,Auto,2023-02,27,894692.1291612057
Claims Reported,month,cumulative,Synthetic,Portfolio,Auto,2023-02,28,97.97970921019522
Loss Incurred,month,cumulative,Synthetic,Portfolio,Auto,2023-02,28,1112886.97230674
Exposure,month,cumulative,Synthetic,Portfolio,Auto,2023-02,28,10843.29939702565
Earned Premium,month,cumulative,Synthetic,Portfolio,Auto,2023-02,28,893683.5708549417
Claims Reported,month,cumulative,Synthetic,Portfolio,Auto,2023-02,29,97.98570044776179
Loss Incurred,month,cumulative,Synthetic,Portfolio,Auto,2023-02,29,1114372.4364430362
Exposure,month,cumulative,Synthetic,Portfolio,Auto,2023-02,29,10833.20827659654
Earned Premium,month,cumulative,Synthetic,Portfolio,Auto,2023-02,29,892747.8497371359
Claims Reported,month,cumulative,Synthetic,Portfolio,Auto,2023-02,30,97.98992284162382
Loss Incurred,month,cumulative,Synthetic,Portfolio,Auto,2023-02,30,1115532.0667335608
Exposure,month,cumulative,Synthetic,Portfolio,Auto,2023-02,30,10824.037427061368
Earned Premium,month,cumulative,Synthetic,Portfolio,Auto,2023-02,30,891879.7055704873
Claims Reported,month,cumulative,Synthetic,Portfolio,Auto,2023-02,31,97.99289853086822
Loss Incurred,month,cumulative,Synthetic,Portfolio,Auto,2023-02,31,1116436.8607835437
Exposure,month,cumulative,Synthetic,Portfolio,Auto,2023-02,31,10815.702923297626
Earned Premium,month,cumulative,Synthetic,Portfolio,Auto,2023-02,31,891074.2580073789
Claims Reported,month,cumulative,Synthetic,Portfolio,Auto,2023-02,32,97.9949955721912
Loss Incurred,month,cumulative,Synthetic,Portfolio,Auto,2023-02,32,1117142.5323899435
Exposure,month,cumulative,Synthetic,Portfolio,Auto,2023-02,32,10808.128493827226
Earned Premium,month,cumulative,Synthetic,Portfolio,Auto,2023-02,32,890326.9791545798
Claims Reported,month,cumulative,Synthetic,Portfolio,Auto,2023-02,33,97.99647338614498
Loss Incurred,month,cumulative,Synthetic,Portfolio,Auto,2023-02,33,1117692.728203334
Exposure,month,cumulative,Synthetic,Portfolio,Auto,2023-02,33,10801.244822833916
Earned Premium,month,cumulative,Synthetic,Portfolio,Auto,2023-02,33,889633.668119302
Claims Reported,month,cumulative,Synthetic,Portfolio,Auto,2023-02,34,97.9975148108091
Loss Incurred,month,cumulative,Synthetic,Portfolio,Auto,2023-02,34,1118121.596665064
Exposure,month,cumulative,Synthetic,Portfolio,Auto,2023-02,34,10794.988915834021
Earned Premium,month,cumulative,Synthetic,Portfolio,Auto,2023-02,34,888990.4273935173
Claims Reported,month,cumulative,Synthetic,Portfolio,Auto,2023-03,0,11.897948125640163
Loss Incurred,month,cumulative,Synthetic,Portfolio,Auto,2023-03,0,84797.04206088568
Exposure,month,cumulative,Synthetic,Portfolio,Auto,2023-03,0,13109.881797725639
Earned Premium,month,cumulative,Synthetic,Portfolio,Auto,2023-03,0,1063715.0108408236
Claims Reported,month,cumulative,Synthetic,Portfolio,Auto,2023-03,1,15.730561614695954
Loss Incurred,month,cumulative,Synthetic,Portfolio,Auto,2023-03,1,105446.77222137825
Exposure,month,cumulative,Synthetic,Portfolio,Auto,2023-03,1,12904.966466321086
Earned Premium,month,cumulative,Synthetic,Portfolio,Auto,2023-03,1,1057681.6456515607
Claims Reported,month,cumulative,Synthetic,Portfolio,Auto,2023-03,2,20.34993283399437
Loss Incurred,month,cumulative,Synthetic,Portfolio,Auto,2023-03,2,130125.4790338272
Exposure,month,cumulative,Synthetic,Portfolio,Auto,2023-03,2,12724.607083244362
Earned Premium,month,cumulative,Synthetic,Portfolio,Auto,2023-03,2,1051967.677375885
Claims Reported,month,cumulative,Synthetic,Portfolio,Auto,2023-03,3,25.659879823262525
Loss Incurred,month,cumulative,Synthetic,Portfolio,Auto,2023-03,3,159130.15136933283
Exposure,month,cumulative,Synthetic,Portfolio,Auto,2023-03,3,12565.860996063626
Earned Premium,month,cumulative,Synthetic,Portfolio,Auto,2023-03,3,1046556.1976409048
Claims Reported,month,cumulative,Synthetic,Portfolio,Auto,2023-03,4,31.441138473732504
Loss Incurred,month,cumulative,Synthetic,Portfolio,Auto,2023-03,4,192556.61611696947
Exposure,month,cumulative,Synthetic,Portfolio,Auto,2023-03,4,12426.138183946478
Earned Premium,month,cumulative,Synthetic,Portfolio,Auto,2023-03,4,1041431.1931765362
Claims Reported,month,cumulative,Synthetic,Portfolio,Auto,2023-03,5,37.37513817495319
Loss Incurred,month,cumulative,Synthetic,Portfolio,Auto,2023-03,5,230218.76238117312
Exposure,month,cumulative,Synthetic,Portfolio,Auto,2023-03,5,12303.159000190615
Earned Premium,month,cumulative,Synthetic,Portfolio,Auto,2023-03,5,1036577.4984301592
Claims Reported,month,cumulative,Synthetic,Portfolio,Auto,2023-03,6,43.10849618064297
Loss Incurred,month,cumulative,Synthetic,Portfolio,Auto,2023-03,6,271588.68091284536
Exposure,month,cumulative,Synthetic,Portfolio,Auto,2023-03,6,12194.91697866175
Earned Premium,month,cumulative,Synthetic,Portfolio,Auto,2023-03,6,1031980.7506897822
Claims Reported,month,cumulative,Synthetic,Portfolio,Auto,2023-03,7,48.333295215451706
Loss Incurred,month,cumulative,Synthetic,Portfolio,Auto,2023-03,7,315782.12794045516
Exposure,month,cumulative,Synthetic,Portfolio,Auto,2023-03,7,12099.646097307432
Earned Premium,month,cumulative,Synthetic,Portfolio,Auto,2023-03,7,1027627.3475829154
Claims Reported,month,cumulative,Synthetic,Portfolio,Auto,2023-03,8,52.84689586811347
Loss Incurred,month,cumulative,Synthetic,Portfolio,Auto,2023-03,8,361607.9858298789
Exposure,month,cumulative,Synthetic,Portfolio,Auto,2023-03,8,12015.791964634862
Earned Premium,month,cumulative,Synthetic,Portfolio,Auto,2023-03,8,1023504.406825387
Claims Reported,month,cumulative,Synthetic,Portfolio,Auto,2023-03,9,56.56958389217944
Loss Incurred,month,cumulative,Synthetic,Portfolio,Auto,2023-03,9,407683.7847945275
Exposure,month,cumulative,Synthetic,Portfolio,Auto,2023-03,9,11941.986459045826
Earned Premium,month,cumulative,Synthetic,Portfolio,Auto,2023-03,9,1019599.728100994
Claims Reported,month,cumulative,Synthetic,Portfolio,Auto,2023-03,10,59.52439040230878
Loss Incurred,month,cumulative,Synthetic,Portfolio,Auto,2023-03,10,452596.85834594053
Exposure,month,cumulative,Synthetic,Portfolio,Auto,2023-03,10,11877.025407256955
Earned Premium,month,cumulative,Synthetic,Portfolio,Auto,2023-03,10,1015901.7569591851
Claims Reported,month,cumulative,Synthetic,Portfolio,Auto,2023-03,11,61.7990955661959
Loss Incurred,month,cumulative,Synthetic,Portfolio,Auto,2023-03,11,495072.9891799996
Exposure,month,cumulative,Synthetic,Portfolio,Auto,2023-03,11,11819.848937617773
Earned Premium,month,cumulative,Synthetic,Portfolio,Auto,2023-03,11,1012399.5506239438
Claims Reported,month,cumulative,Synthetic,Portfolio,Auto,2023-03,12,63.50936631475159
Loss Incurred,month,cumulative,Synthetic,Portfolio,Auto,2023-03,12,534111.3526638176
Exposure,month,cumulative,Synthetic,Portfolio,Auto,2023-03,12,11769.524187781122
Earned Premium,month,cumulative,Synthetic,Portfolio,Auto,2023-03,12,1009082.7456126951
Claims Reported,month,cumulative,Synthetic,Portfolio,Auto,2023-03,13,64.77256236137987
Loss Incurred,month,cumulative,Synthetic,Portfolio,Auto,2023-03,13,569057.9799917229
Exposure,month,cumulative,Synthetic,Portfolio,Auto,2023-03,13,11725.230084593162
Earned Premium,month,cumulative,Synthetic,Portfolio,Auto,2023-03,13,1005941.5270694178
Claims Reported,month,cumulative,Synthetic,Portfolio,Auto,2023-03,14,65.69333245004738
Loss Incurred,month,cumulative,Synthetic,Portfolio,Auto,2023-03,14,599612.1331528616
Exposure,month,cumulative,Synthetic,Portfolio,Auto,2023-03,14,11686.243947879237
Earned Premium,month,cumulative,Synthetic,Portfolio,Auto,2023-03,14,1002966.5997212118
Claims Reported,month,cumulative,Synthetic,Portfolio,Auto,2023-03,15,66.35807091288974
Loss Incurred,month,cumulative,Synthetic,Portfolio,Auto,2023-03,15,625779.5894142201
Exposure,month,cumulative,Synthetic,Portfolio,Auto,2023-03,15,11651.929699559832
Earned Premium,month,cumulative,Synthetic,Portfolio,Auto,2023-03,15,1000149.1603723821
Claims Reported,month,cumulative,Synthetic,Portfolio,Auto,2023-03,16,66.83464242229047
Loss Incurred,month,cumulative,Synthetic,Portfolio,Auto,2023-03,16,647796.4838764801
Exposure,month,cumulative,Synthetic,Portfolio,Auto,2023-03,16,11621.727485722495
Earned Premium,month,cumulative,Synthetic,Portfolio,Auto,2023-03,16,997480.8718546401
Claims Reported,month,cumulative,Synthetic,Portfolio,Auto,2023-03,17,67.17460914047159
Loss Incurred,month,cumulative,Synthetic,Portfolio,Auto,2023-03,17,666046.6012827673
Exposure,month,cumulative,Synthetic,Portfolio,Auto,2023-03,17,11595.144542328673
Earned Premium,month,cumulative,Synthetic,Portfolio,Auto,2023-03,17,994953.8383563427
Claims Reported,month,cumulative,Synthetic,Portfolio,Auto,2023-03,18,67.41626447691
Loss Incurred,month,cumulative,Synthetic,Portfolio,Auto,2023-03,18,680988.0583798682
Exposure,month,cumulative,Synthetic,Portfolio,Auto,2023-03,18,11571.74715552501
Earned Premium,month,cumulative,Synthetic,Portfolio,Auto,2023-03,18,992560.5820577622
Claims Reported,month,cumulative,Synthetic,Portfolio,Auto,2023-03,19,67.58760307856033
Loss Incurred,month,cumulative,Synthetic,Portfolio,Auto,2023-03,19,693097.0723295222
Exposure,month,cumulative,Synthetic,Portfolio,Auto,2023-03,19,11551.15358538757
Earned Premium,month,cumulative,Synthetic,Portfolio,Auto,2023-03,19,990294.021003247
Claims Reported,month,cumulative,Synthetic,Portfolio,Auto,2023-03,20,67.70886739247483
Loss Incurred,month,cumulative,Synthetic,Portfolio,Auto,2023-03,20,702830.0558517952
Exposure,month,cumulative,Synthetic,Portfolio,Auto,2023-03,20,11533.027837646407
Earned Premium,month,cumulative,Synthetic,Portfolio,Auto,2023-03,20,988147.4481447979
Claims Reported,month,cumulative,Synthetic,Portfolio,Auto,2023-03,21,67.79458260210001
Loss Incurred,month,cumulative,Synthetic,Portfolio,Auto,2023-03,21,710601.5487228279
Exposure,month,cumulative,Synthetic,Portfolio,Auto,2023-03,21,11517.074181773065
Earned Premium,month,cumulative,Synthetic,Portfolio,Auto,2023-03,21,986114.5114950436
Claims Reported,month,cumulative,Synthetic,Portfolio,Auto,2023-03,22,67.85511555613598
Loss Incurred,month,cumulative,Synthetic,Portfolio,Auto,2023-03,22,716774.072828976
Exposure,month,cumulative,Synthetic,Portfolio,Auto,2023-03,22,11503.032325990913
Earned Premium,month,cumulative,Synthetic,Portfolio,Auto,2023-03,22,984189.1953308859
Claims Reported,month,cumulative,Synthetic,Portfolio,Auto,2023-03,23,67.89783737654679
Loss Incurred,month,cumulative,Synthetic,Portfolio,Auto,2023-03,23,721656.022126479
Exposure,month,cumulative,Synthetic,Portfolio,Auto,2023-03,23,11490.673170486234
Earned Premium,month,cumulative,Synthetic,Portfolio,Auto,2023-03,23,982365.8023921953
Claims Reported,month,cumulative,Synthetic,Portfolio,Auto,2023-03,24,67.92797526052591
Loss Incurred,month,cumulative,Synthetic,Portfolio,Auto,2023-03,24,725504.3973117204
Exposure,month,cumulative,Synthetic,Portfolio,Auto,2023-03,24,11479.79506953159
Earned Premium,month,cumulative,Synthetic,Portfolio,Auto,2023-03,24,980638.9370228802
Claims Reported,month,cumulative,Synthetic,Portfolio,Auto,2023-03,25,67.94922914327884
Loss Incurred,month,cumulative,Synthetic,Portfolio,Auto,2023-03,25,728530.0635771224
Exposure,month,cumulative,Synthetic,Portfolio,Auto,2023-03,25,11470.220541536162
Earned Premium,month,cumulative,Synthetic,Portfolio,Auto,2023-03,25,979003.4892044405
Claims Reported,month,cumulative,Synthetic,Portfolio,Auto,2023-03,26,67.96421449165983
Loss Incurred,month,cumulative,Synthetic,Portfolio,Auto,2023-03,26,730903.9923686847
Exposure,month,cumulative,Synthetic,Portfolio,Auto,2023-03,26,11461.793373345912
Earned Premium,month,cumulative,Synthetic,Portfolio,Auto,2023-03,26,977454.6194347608
Claims Reported,month,cumulative,Synthetic,Portfolio,Auto,2023-03,27,67.9747784588059
Loss Incurred,month,cumulative,Synthetic,Portfolio,Auto,2023-03,27,732763.55345385
Exposure,month,cumulative,Synthetic,Portfolio,Auto,2023-03,27,11454.37607154883
Earned Premium,month,cumulative,Synthetic,Portfolio,Auto,2023-03,27,975987.7444073957
Claims Reported,month,cumulative,Synthetic,Portfolio,Auto,2023-03,28,67.98222473334377
Loss Incurred,month,cumulative,Synthetic,Portfolio,Auto,2023-03,28,734218.3482133814
Exposure,month,cumulative,Synthetic,Portfolio,Auto,2023-03,28,11447.847619201968
Earned Premium,month,cumulative,Synthetic,Portfolio,Auto,2023-03,28,974598.5234489724
Claims Reported,month,cumulative,Synthetic,Portfolio,Auto,2023-03,29,67.98747301427734
Loss Incurred,month,cumulative,Synthetic,Portfolio,Auto,2023-03,29,735355.3509354619
Exposure,month,cumulative,Synthetic,Portfolio,Auto,2023-03,29,11442.101501380255
Earned Premium,month,cumulative,Synthetic,Portfolio,Auto,2023-03,29,973282.8456745753
Claims Reported,month,cumulative,Synthetic,Portfolio,Auto,2023-03,30,67.99117190209083
Loss Incurred,month,cumulative,Synthetic,Portfolio,Auto,2023-03,30,736243.29171391
Exposure,month,cumulative,Synthetic,Portfolio,Auto,2023-03,30,11437.04396733287
Earned Premium,month,cumulative,Synthetic,Portfolio,Auto,2023-03,30,972036.8178231043
Claims Reported,month,cumulative,Synthetic,Portfolio,Auto,2023-03,31,67.99377870603121
Loss Incurred,month,cumulative,Synthetic,Portfolio,Auto,2023-03,31,736936.3074206879
Exposure,month,cumulative,Synthetic,Portfolio,Auto,2023-03,31,11432.59250089342
Earned Premium,month,cumulative,Synthetic,Portfolio,Auto,2023-03,31,970856.752736611
Claims Reported,month,cumulative,Synthetic,Portfolio,Auto,2023-03,32,67.99561580978562
Loss Incurred,month,cumulative,Synthetic,Portfolio,Auto,2023-03,32,737476.9329467242
Exposure,month,cumulative,Synthetic,Portfolio,Auto,2023-03,32,11428.674474187936
Earned Premium,month,cumulative,Synthetic,Portfolio,Auto,2023-03,32,969739.1584495195
Claims Reported,month,cumulative,Synthetic,Portfolio,Auto,2023-03,33,67.99691045454867
Loss Incurred,month,cumulative,Synthetic,Portfolio,Auto,2023-03,33,737898.5222794893
Exposure,month,cumulative,Synthetic,Portfolio,Auto,2023-03,33,11425.225962675226
Earned Premium,month,cumulative,Synthetic,Portfolio,Auto,2023-03,33,968680.727855449
Claims Reported,month,cumulative,Synthetic,Portfolio,Auto,2023-04,0,11.928679793328772
Loss Incurred,month,cumulative,Synthetic,Portfolio,Auto,2023-04,0,95462.83811644772
Exposure,month,cumulative,Synthetic,Portfolio,Auto,2023-04,0,13955.560894712591
Earned Premium,month,cumulative,Synthetic,Portfolio,Auto,2023-04,0,1141169.0804593917
Claims Reported,month,cumulative,Synthetic,Portfolio,Auto,2023-04,1,15.562743607676673
Loss Incurred,month,cumulative,Synthetic,Portfolio,Auto,2023-04,1,118319.27586352701
Exposure,month,cumulative,Synthetic,Portfolio,Auto,2023-04,1,13802.406452445472
Earned Premium,month,cumulative,Synthetic,Portfolio,Auto,2023-04,1,1133006.2150314176
Claims Reported,month,cumulative,Synthetic,Portfolio,Auto,2023-04,2,19.81714156688879
Loss Incurred,month,cumulative,Synthetic,Portfolio,Auto,2023-04,2,145438.70793736406
Exposure,month,cumulative,Synthetic,Portfolio,Auto,2023-04,2,13662.138020693004
Earned Premium,month,cumulative,Synthetic,Portfolio,Auto,2023-04,2,1125388.3189241788
Claims Reported,month,cumulative,Synthetic,Portfolio,Auto,2023-04,3,24.545639881897802
Loss Incurred,month,cumulative,Synthetic,Portfolio,Auto,2023-04,3,177041.59689257437
Exposure,month,cumulative,Synthetic,Portfolio,Auto,2023-04,3,13533.671404543666
Earned Premium,month,cumulative,Synthetic,Portfolio,Auto,2023-04,3,1118279.0088892726
Claims Reported,month,cumulative,Synthetic,Portfolio,Auto,2023-04,4,29.507047565180862
Loss Incurred,month,cumulative,Synthetic,Portfolio,Auto,2023-04,4,213105.00901502138
Exposure,month,cumulative,Synthetic,Portfolio,Auto,2023-04,4,13416.013630384005
Earned Premium,month,cumulative,Synthetic,Portfolio,Auto,2023-04,4,1111644.330697168
Claims Reported,month,cumulative,Synthetic,Portfolio,Auto,2023-04,5,34.40808461368842
Loss Incurred,month,cumulative,Synthetic,Portfolio,Auto,2023-04,5,253286.9257099732
Exposure,month,cumulative,Synthetic,Portfolio,Auto,2023-04,5,13308.255270779411
Earned Premium,month,cumulative,Synthetic,Portfolio,Auto,2023-04,5,1105452.596971017
Claims Reported,month,cumulative,Synthetic,Portfolio,Auto,2023-04,6,38.96931408475903
Loss Incurred,month,cumulative,Synthetic,Portfolio,Auto,2023-04,6,296883.1549033848
Exposure,month,cumulative,Synthetic,Portfolio,Auto,2023-04,6,13209.563415119148
Earned Premium,month,cumulative,Synthetic,Portfolio,Auto,2023-04,6,1099674.2358470103
Claims Reported,month,cumulative,Synthetic,Portfolio,Auto,2023-04,7,42.98475062842515
Loss Incurred,month,cumulative,Synthetic,Portfolio,Auto,2023-04,7,342840.465982579
Exposure,month,cumulative,Synthetic,Portfolio,Auto,2023-04,7,13119.175231692767
Earned Premium,month,cumulative,Synthetic,Portfolio,Auto,2023-04,7,1094281.6497384682
Claims Reported,month,cumulative,Synthetic,Portfolio,Auto,2023-04,8,46.350329416576336
Loss Incurred,month,cumulative,Synthetic,Portfolio,Auto,2023-04,8,389838.55779144715
Exposure,month,cumulative,Synthetic,Portfolio,Auto,2023-04,8,13036.392071436403
Earned Premium,month,cumulative,Synthetic,Portfolio,Auto,2023-04,8,1089249.0835291282
Claims Reported,month,cumulative,Synthetic,Portfolio,Auto,2023-04,9,49.057051878612526
Loss Incurred,month,cumulative,Synthetic,Portfolio,Auto,2023-04,9,436432.75887749164
Exposure,month,cumulative,Synthetic,Portfolio,Auto,2023-04,9,12960.57406777432
Earned Premium,month,cumulative,Synthetic,Portfolio,Auto,2023-04,9,1084552.5015661118
Claims Reported,month,cumulative,Synthetic,Portfolio,Auto,2023-04,10,51.16247495315226
Loss Incurred,month,cumulative,Synthetic,Portfolio,Auto,2023-04,10,481227.14331554685
Exposure,month,cumulative,Synthetic,Portfolio,Auto,2023-04,10,12891.135190815501
Earned Premium,month,cumulative,Synthetic,Portfolio,Auto,2023-04,10,1080169.4728650895
Claims Reported,month,cumulative,Synthetic,Portfolio,Auto,2023-04,11,52.7580741088792
Loss Incurred,month,cumulative,Synthetic,Portfolio,Auto,2023-04,11,523035.57116216264
Exposure,month,cumulative,Synthetic,Portfolio,Auto,2023-04,11,12827.53871767711
Earned Premium,month,cumulative,Synthetic,Portfolio,Auto,2023-04,11,1076079.0639793808
Claims Reported,month,cumulative,Synthetic,Portfolio,Auto,2023-04,12,53.94359460569335
Loss Incurred,month,cumulative,Synthetic,Portfolio,Auto,2023-04,12,560993.0709207423
Exposure,month,cumulative,Synthetic,Portfolio,Auto,2023-04,12,12769.293083922974
Earned Premium,month,cumulative,Synthetic,Portfolio,Auto,2023-04,12,1072261.7390213248
Claims Reported,month,cumulative,Synthetic,Portfolio,Auto,2023-04,13,54.81153323000652
Loss Incurred,month,cumulative,Synthetic,Portfolio,Auto,2023-04,13,594599.0836206208
Exposure,month,cumulative,Synthetic,Portfolio,Auto,2023-04,13,12715.948084051068
Earned Premium,month,cumulative,Synthetic,Portfolio,Auto,2023-04,13,1068699.2663584305
Claims Reported,month,cumulative,Synthetic,Portfolio,Auto,2023-04,14,55.440127304414766
Loss Incurred,month,cumulative,Synthetic,Portfolio,Auto,2023-04,14,623696.8336623219
Exposure,month,cumulative,Synthetic,Portfolio,Auto,2023-04,14,12667.091391661977
Earned Premium,month,cumulative,Synthetic,Portfolio,Auto,2023-04,14,1065374.631538677
Claims Reported,month,cumulative,Synthetic,Portfolio,Auto,2023-04,15,55.89182046930156
Loss Incurred,month,cumulative,Synthetic,Portfolio,Auto,2023-04,15,648408.9863086883
Exposure,month,cumulative,Synthetic,Portfolio,Auto,2023-04,15,12622.345372411173
Earned Premium,month,cumulative,Synthetic,Portfolio,Auto,2023-04,15,1062271.9560290948
Claims Reported,month,cumulative,Synthetic,Portfolio,Auto,2023-04,16,56.21456962986007
Loss Incurred,month,cumulative,Synthetic,Portfolio,Auto,2023-04,16,669054.4617896919
Exposure,month,cumulative,Synthetic,Portfolio,Auto,2023-04,16,12581.364165111101
Earned Premium,month,cumulative,Synthetic,Portfolio,Auto,2023-04,16,1059376.4213795252
Claims Reported,month,cumulative,Synthetic,Portfolio,Auto,2023-04,17,56.44425511096255
Loss Incurred,month,cumulative,Synthetic,Portfolio,Auto,2023-04,17,686066.9863579076
Exposure,month,cumulative,Synthetic,Portfolio,Auto,2023-04,17,12543.831008421608
Earned Premium,month,cumulative,Synthetic,Portfolio,Auto,2023-04,17,1056674.198449359
Claims Reported,month,cumulative,Synthetic,Portfolio,Auto,2023-04,18,56.60724234253576
Loss Incurred,month,cumulative,Synthetic,Portfolio,Auto,2023-04,18,699927.7411462575
Exposure,month,cumulative,Synthetic,Portfolio,Auto,2023-04,18,12509.455792465596
Earned Premium,month,cumulative,Synthetic,Portfolio,Auto,2023-04,18,1054152.3813592405
Claims Reported,month,cumulative,Synthetic,Portfolio,Auto,2023-04,19,56.72266402164445
Loss Incurred,month,cumulative,Synthetic,Portfolio,Auto,2023-04,19,711116.6460657598
Exposure,month,cumulative,Synthetic,Portfolio,Auto,2023-04,19,12477.97281644527
Earned Premium,month,cumulative,Synthetic,Portfolio,Auto,2023-04,19,1051798.9258522873
Claims Reported,month,cumulative,Synthetic,Portfolio,Auto,2023-04,20,56.80428342326373
Loss Incurred,month,cumulative,Synthetic,Portfolio,Auto,2023-04,20,720081.4831001647
Exposure,month,cumulative,Synthetic,Portfolio,Auto,2023-04,20,12449.138734926635
Earned Premium,month,cumulative,Synthetic,Portfolio,Auto,2023-04,20,1049602.5917704417
Claims Reported,month,cumulative,Synthetic,Portfolio,Auto,2023-04,21,56.86194086882011
Loss Incurred,month,cumulative,Synthetic,Portfolio,Auto,2023-04,21,727221.4236956516
Exposure,month,cumulative,Synthetic,Portfolio,Auto,2023-04,21,12422.730676918183
Earned Premium,month,cumulative,Synthetic,Portfolio,Auto,2023-04,21,1047552.8893712144
Claims Reported,month,cumulative,Synthetic,Portfolio,Auto,2023-04,22,56.90264173693807
Loss Incurred,month,cumulative,Synthetic,Portfolio,Auto,2023-04,22,732880.8539346532
Exposure,month,cumulative,Synthetic,Portfolio,Auto,2023-04,22,12398.544523205366
Earned Premium,month,cumulative,Synthetic,Portfolio,Auto,2023-04,22,1045640.0292284318
Claims Reported,month,cumulative,Synthetic,Portfolio,Auto,2023-04,23,56.931358168338015
Loss Incurred,month,cumulative,Synthetic,Portfolio,Auto,2023-04,23,737349.8091043517
Exposure,month,cumulative,Synthetic,Portfolio,Auto,2023-04,23,12376.393328625556
Earned Premium,month,cumulative,Synthetic,Portfolio,Auto,2023-04,23,1043854.8754777084
Claims Reported,month,cumulative,Synthetic,Portfolio,Auto,2023-04,24,56.951611710579414
Loss Incurred,month,cumulative,Synthetic,Portfolio,Auto,2023-04,24,740868.1663600222
Exposure,month,cumulative,Synthetic,Portfolio,Auto,2023-04,24,12356.105877088668
Earned Premium,month,cumulative,Synthetic,Portfolio,Auto,2023-04,24,1042188.9021833487
Claims Reported,month,cumulative,Synthetic,Portfolio,Auto,2023-04,25,56.96589279824463
Loss Incurred,month,cumulative,Synthetic,Portfolio,Auto,2023-04,25,743631.6098331695
Exposure,month,cumulative,Synthetic,Portfolio,Auto,2023-04,25,12337.525358174498
Earned Premium,month,cumulative,Synthetic,Portfolio,Auto,2023-04,25,1040634.1526182787
Claims Reported,month,cumulative,Synthetic,Portfolio,Auto,2023-04,26,56.97596081327202
Loss Incurred,month,cumulative,Synthetic,Portfolio,Auto,2023-04,26,745798.1029064357
Exposure,month,cumulative,Synthetic,Portfolio,Auto,2023-04,26,12320.508155077689
Earned Premium,month,cumulative,Synthetic,Portfolio,Auto,2023-04,26,1039183.2012625342
Claims Reported,month,cumulative,Synthetic,Portfolio,Auto,2023-04,27,56.983057761357195
Loss Incurred,month,cumulative,Synthetic,Portfolio,Auto,2023-04,27,747494.1332995287
Exposure,month,cumulative,Synthetic,Portfolio,Auto,2023-04,27,12304.922734531812
Earned Premium,month,cumulative,Synthetic,Portfolio,Auto,2023-04,27,1037829.1183388053
Claims Reported,month,cumulative,Synthetic,Portfolio,Auto,2023-04,28,56.98805995816343
Loss Incurred,month,cumulative,Synthetic,Portfolio,Auto,2023-04,28,748820.3557562252
Exposure,month,cumulative,Synthetic,Portfolio,Auto,2023-04,28,12290.648630132282
Earned Premium,month,cumulative,Synthetic,Portfolio,Auto,2023-04,28,1036565.4367156582
Claims Reported,month,cumulative,Synthetic,Portfolio,Auto,2023-04,29,56.99158547420202
Loss Incurred,month,cumulative,Synthetic,Portfolio,Auto,2023-04,29,749856.4830621145
Exposure,month,cumulative,Synthetic,Portfolio,Auto,2023-04,29,12277.575511199819
Earned Premium,month,cumulative,Synthetic,Portfolio,Auto,2023-04,29,1035386.1210203667
Claims Reported,month,cumulative,Synthetic,Portfolio,Auto,2023-04,30,56.9940701253772
Loss Incurred,month,cumulative,Synthetic,Portfolio,Auto,2023-04,30,750665.4080672415
Exposure,month,cumulative,Synthetic,Portfolio,Auto,2023-04,30,12265.602329987274
Earned Premium,month,cumulative,Synthetic,Portfolio,Auto,2023-04,30,1034285.5388138319
Claims Reported,month,cumulative,Synthetic,Portfolio,Auto,2023-04,31,56.99582115959682
Loss Incurred,month,cumulative,Synthetic,Portfolio,Auto,2023-04,31,751296.6094158826
Exposure,month,cumulative,Synthetic,Portfolio,Auto,2023-04,31,12254.63654063823
Earned Premium,month,cumulative,Synthetic,Portfolio,Auto,2023-04,31,1033258.4336899221
Claims Reported,month,cumulative,Synthetic,Portfolio,Auto,2023-04,32,56.99705515718262
Loss Incurred,month,cumulative,Synthetic,Portfolio,Auto,2023-04,32,751788.925265988
Exposure,month,cumulative,Synthetic,Portfolio,Auto,2023-04,32,12244.593383860347
Earned Premium,month,cumulative,Synthetic,Portfolio,Auto,2023-04,32,1032299.9001707557
Claims Reported,month,cumulative,Synthetic,Portfolio,Auto,2023-05,0,30.655378376457545
Loss Incurred,month,cumulative,Synthetic,Portfolio,Auto,2023-05,0,263141.17566220096
Exposure,month,cumulative,Synthetic,Portfolio,Auto,2023-05,0,13385.624377033342
Earned Premium,month,cumulative,Synthetic,Portfolio,Auto,2023-05,0,1004247.758941752
Claims Reported,month,cumulative,Synthetic,Portfolio,Auto,2023-05,1,39.821651324743215
Loss Incurred,month,cumulative,Synthetic,Portfolio,Auto,2023-05,1,325489.8866961881
Exposure,month,cumulative,Synthetic,Portfolio,Auto,2023-05,1,13262.887051890437
Earned Premium,month,cumulative,Synthetic,Portfolio,Auto,2023-05,1,997674.0698710586
Claims Reported,month,cumulative,Synthetic,Portfolio,Auto,2023-05,2,50.45243147682208
Loss Incurred,month,cumulative,Synthetic,Portfolio,Auto,2023-05,2,399143.5108627789
Exposure,month,cumulative,Synthetic,Portfolio,Auto,2023-05,2,13148.777947662125
Earned Premium,month,cumulative,Synthetic,Portfolio,Auto,2023-05,2,991501.9997744263
Claims Reported,month,cumulative,Synthetic,Portfolio,Auto,2023-05,3,62.14297965333812
Loss Incurred,month,cumulative,Synthetic,Portfolio,Auto,2023-05,3,484533.46478084096
Exposure,month,cumulative,Synthetic,Portfolio,Auto,2023-05,3,13042.690515394659
Earned Premium,month,cumulative,Synthetic,Portfolio,Auto,2023-05,3,985707.0117748306
Claims Reported,month,cumulative,Synthetic,Portfolio,Auto,2023-05,4,74.27030115114363
Loss Incurred,month,cumulative,Synthetic,Portfolio,Auto,2023-05,4,581401.4310976242
Exposure,month,cumulative,Synthetic,Portfolio,Auto,2023-05,4,12944.060845472917
Earned Premium,month,cumulative,Synthetic,Portfolio,Auto,2023-05,4,980266.0680736593
Claims Reported,month,cumulative,Synthetic,Portfolio,Auto,2023-05,5,86.11261374177656
Loss Incurred,month,cumulative,Synthetic,Portfolio,Auto,2023-05,5,688617.7806635138
Exposure,month,cumulative,Synthetic,Portfolio,Auto,2023-05,5,12852.364670148905
Earned Premium,month,cumulative,Synthetic,Portfolio,Auto,2023-05,5,975157.5383646452
Claims Reported,month,cumulative,Synthetic,Portfolio,Auto,2023-05,6,97.01317854391101
Loss Incurred,month,cumulative,Synthetic,Portfolio,Auto,2023-05,6,804101.9376073208
Exposure,month,cumulative,Synthetic,Portfolio,Auto,2023-05,6,12767.11457678731
Earned Premium,month,cumulative,Synthetic,Portfolio,Auto,2023-05,6,970361.1138432408
Claims Reported,month,cumulative,Synthetic,Portfolio,Auto,2023-05,7,106.51459325486957
Loss Incurred,month,cumulative,Synthetic,Portfolio,Auto,2023-05,7,924901.7169849224
Exposure,month,cumulative,Synthetic,Portfolio,Auto,2023-05,7,12687.857417015044
Earned Premium,month,cumulative,Synthetic,Portfolio,Auto,2023-05,7,965857.7264695826
Claims Reported,month,cumulative,Synthetic,Portfolio,Auto,2023-05,8,114.41085825743068
Loss Incurred,month,cumulative,Synthetic,Portfolio,Auto,2023-05,8,1047452.3910985243
Exposure,month,cumulative,Synthetic,Portfolio,Auto,2023-05,8,12614.171898003093
Earned Premium,month,cumulative,Synthetic,Portfolio,Auto,2023-05,8,961629.4731640801
Claims Reported,month,cumulative,Synthetic,Portfolio,Auto,2023-05,9,120.71721815657428
Loss Incurred,month,cumulative,Synthetic,Portfolio,Auto,2023-05,9,1167978.5652573123
Exposure,month,cumulative,Synthetic,Portfolio,Auto,2023-05,9,12545.666343077059
Earned Premium,month,cumulative,Synthetic,Portfolio,Auto,2023-05,9,957659.544634265
Claims Reported,month,cumulative,Synthetic,Portfolio,Auto,2023-05,10,125.59568267528249
Loss Incurred,month,cumulative,Synthetic,Portfolio,Auto,2023-05,10,1282948.0337358685
Exposure,month,cumulative,Synthetic,Portfolio,Auto,2023-05,10,12481.97660975289
Earned Premium,month,cumulative,Synthetic,Portfolio,Auto,2023-05,10,953932.158549962
Claims Reported,month,cumulative,Synthetic,Portfolio,Auto,2023-05,11,129.27725193279602
Loss Incurred,month,cumulative,Synthetic,Portfolio,Auto,2023-05,11,1389465.7579113003
Exposure,month,cumulative,Synthetic,Portfolio,Auto,2023-05,11,12422.764154131106
Earned Premium,month,cumulative,Synthetic,Portfolio,Auto,2023-05,11,950432.4968011131
Claims Reported,month,cumulative,Synthetic,Portfolio,Auto,2023-05,12,132.0039825156704
Loss Incurred,month,cumulative,Synthetic,Portfolio,Auto,2023-05,12,1485520.271117475
Exposure,month,cumulative,Synthetic,Portfolio,Auto,2023-05,12,12367.714231360722
Earned Premium,month,cumulative,Synthetic,Portfolio,Auto,2023-05,12,947146.6465888338
Claims Reported,month,cumulative,Synthetic,Portfolio,Auto,2023-05,13,133.99560771022854
Loss Incurred,month,cumulative,Synthetic,Portfolio,Auto,2023-05,13,1570050.064518396
Exposure,month,cumulative,Synthetic,Portfolio,Auto,2023-05,13,12316.534222607454
Earned Premium,month,cumulative,Synthetic,Portfolio,Auto,2023-05,13,944061.5451155019
Claims Reported,month,cumulative,Synthetic,Portfolio,Auto,2023-05,14,135.43556708462597
Loss Incurred,month,cumulative,Synthetic,Portfolio,Auto,2023-05,14,1642854.3013487004
Exposure,month,cumulative,Synthetic,Portfolio,Auto,2023-05,14,12268.952079633156
Earned Premium,month,cumulative,Synthetic,Portfolio,Auto,2023-05,14,941164.927654004
Claims Reported,month,cumulative,Synthetic,Portfolio,Auto,2023-05,15,136.46901996699995
Loss Incurred,month,cumulative,Synthetic,Portfolio,Auto,2023-05,15,1704406.3740436456
Exposure,month,cumulative,Synthetic,Portfolio,Auto,2023-05,15,12224.714878718612
Earned Premium,month,cumulative,Synthetic,Portfolio,Auto,2023-05,15,938445.2787896856
Claims Reported,month,cumulative,Synthetic,Portfolio,Auto,2023-05,16,137.2068061826813
Loss Incurred,month,cumulative,Synthetic,Portfolio,Auto,2023-05,16,1755633.9714843456
Exposure,month,cumulative,Synthetic,Portfolio,Auto,2023-05,16,12183.587476243047
Earned Premium,month,cumulative,Synthetic,Portfolio,Auto,2023-05,16,935891.7866411698
Claims Reported,month,cumulative,Synthetic,Portfolio,Auto,2023-05,17,137.7315251365645
Loss Incurred,month,cumulative,Synthetic,Portfolio,Auto,2023-05,17,1797714.177897615
Exposure,month,cumulative,Synthetic,Portfolio,Auto,2023-05,17,12145.351258774077
Earned Premium,month,cumulative,Synthetic,Portfolio,Auto,2023-05,17,933494.2998780521
Claims Reported,month,cumulative,Synthetic,Portfolio,Auto,2023-05,18,138.10370541747133
Loss Incurred,month,cumulative,Synthetic,Portfolio,Auto,2023-05,18,1831910.1082754591
Exposure,month,cumulative,Synthetic,Portfolio,Auto,2023-05,18,12109.802981024148
Earned Premium,month,cumulative,Synthetic,Portfolio,Auto,2023-05,18,931243.2873645945
Claims Reported,month,cumulative,Synthetic,Portfolio,Auto,2023-05,19,138.36718686791227
Loss Incurred,month,cumulative,Synthetic,Portfolio,Auto,2023-05,19,1859456.5942567806
Exposure,month,cumulative,Synthetic,Portfolio,Auto,2023-05,19,12076.75368549664
Earned Premium,month,cumulative,Synthetic,Portfolio,Auto,2023-05,19,929129.8002689854
Claims Reported,month,cumulative,Synthetic,Portfolio,Auto,2023-05,20,138.55346378134152
Loss Incurred,month,cumulative,Synthetic,Portfolio,Auto,2023-05,20,1881490.4470297876
Exposure,month,cumulative,Synthetic,Portfolio,Auto,2023-05,20,12046.02769807896
Earned Premium,month,cumulative,Synthetic,Portfolio,Auto,2023-05,20,927145.436487531
Claims Reported,month,cumulative,Synthetic,Portfolio,Auto,2023-05,21,138.6850324395196
Loss Incurred,month,cumulative,Synthetic,Portfolio,Auto,2023-05,21,1899015.4978807915
Exposure,month,cumulative,Synthetic,Portfolio,Auto,2023-05,21,12017.4616942437
Earned Premium,month,cumulative,Synthetic,Portfolio,Auto,2023-05,21,925282.3072423473
Claims Reported,month,cumulative,Synthetic,Portfolio,Auto,2023-05,22,138.77789748867502
Loss Incurred,month,cumulative,Synthetic,Portfolio,Auto,2023-05,22,1912891.8098912379
Exposure,month,cumulative,Synthetic,Portfolio,Auto,2023-05,22,11990.903830894234
Earned Premium,month,cumulative,Synthetic,Portfolio,Auto,2023-05,22,923533.0057197628
Claims Reported,month,cumulative,Synthetic,Portfolio,Auto,2023-05,23,138.84341311738572
Loss Incurred,month,cumulative,Synthetic,Portfolio,Auto,2023-05,23,1923839.963164079
Exposure,month,cumulative,Synthetic,Portfolio,Auto,2023-05,23,11966.212939240071
Earned Premium,month,cumulative,Synthetic,Portfolio,Auto,2023-05,23,921890.5776247574
Claims Reported,month,cumulative,Synthetic,Portfolio,Auto,2023-05,24,138.88961836748967
Loss Incurred,month,cumulative,Synthetic,Portfolio,Auto,2023-05,24,1932453.5872151009
Exposure,month,cumulative,Synthetic,Portfolio,Auto,2023-05,24,11943.25777441165
Earned Premium,month,cumulative,Synthetic,Portfolio,Auto,2023-05,24,920348.4935343728
Claims Reported,month,cumulative,Synthetic,Portfolio,Auto,2023-05,25,138.92219713262824
Loss Incurred,month,cumulative,Synthetic,Portfolio,Auto,2023-05,25,1939215.4977990752
Exposure,month,cumulative,Synthetic,Portfolio,Auto,2023-05,25,11921.916317825931
Earned Premium,month,cumulative,Synthetic,Portfolio,Auto,2023-05,25,918900.6229401905
Claims Reported,month,cumulative,Synthetic,Portfolio,Auto,2023-05,26,138.94516418188786
Loss Incurred,month,cumulative,Synthetic,Portfolio,Auto,2023-05,26,1944514.5467020983
Exposure,month,cumulative,Synthetic,Portfolio,Auto,2023-05,26,11902.075128594472
Earned Premium,month,cumulative,Synthetic,Portfolio,Auto,2023-05,26,917541.2098766817
Claims Reported,month,cumulative,Synthetic,Portfolio,Auto,2023-05,27,138.9613533497043
Loss Incurred,month,cumulative,Synthetic,Portfolio,Auto,2023-05,27,1948661.5525735451
Exposure,month,cumulative,Synthetic,Portfolio,Auto,2023-05,27,11883.628740526372
Earned Premium,month,cumulative,Synthetic,Portfolio,Auto,2023-05,27,916264.8500385415
Claims Reported,month,cumulative,Synthetic,Portfolio,Auto,2023-05,28,138.9727639295682
Loss Incurred,month,cumulative,Synthetic,Portfolio,Auto,2023-05,28,1951903.5165129805
Exposure,month,cumulative,Synthetic,Portfolio,Auto,2023-05,28,11866.479101520898
Earned Premium,month,cumulative,Synthetic,Portfolio,Auto,2023-05,28,915066.4692960375
Claims Reported,month,cumulative,Synthetic,Portfolio,Auto,2023-05,29,138.98080595490623
Loss Incurred,month,cumulative,Synthetic,Portfolio,Auto,2023-05,29,1954435.8422059724
Exposure,month,cumulative,Synthetic,Portfolio,Auto,2023-05,29,11850.53505236979
Earned Premium,month,cumulative,Synthetic,Portfolio,Auto,2023-05,29,913941.3035229614
Claims Reported,month,cumulative,Synthetic,Portfolio,Auto,2023-05,30,138.98647363344213
Loss Incurred,month,cumulative,Synthetic,Portfolio,Auto,2023-05,30,1956412.5753314486
Exposure,month,cumulative,Synthetic,Portfolio,Auto,2023-05,30,11835.71184219891
Earned Premium,month,cumulative,Synthetic,Portfolio,Auto,2023-05,30,912884.87965699
Claims Reported,month,cumulative,Synthetic,Portfolio,Auto,2023-05,31,138.9904678566606
Loss Incurred,month,cumulative,Synthetic,Portfolio,Auto,2023-05,31,1957954.8284929246
Exposure,month,cumulative,Synthetic,Portfolio,Auto,2023-05,31,11821.930677973458
Earned Premium,month,cumulative,Synthetic,Portfolio,Auto,2023-05,31,911892.9979171613
Claims Reported,month,cumulative,Synthetic,Portfolio,Auto,2023-06,0,15.154352971327224
Loss Incurred,month,cumulative,Synthetic,Portfolio,Auto,2023-06,0,74364.57874851095
Exposure,month,cumulative,Synthetic,Portfolio,Auto,2023-06,0,12412.032064624229
Earned Premium,month,cumulative,Synthetic,Portfolio,Auto,2023-06,0,998682.0835161678
Claims Reported,month,cumulative,Synthetic,Portfolio,Auto,2023-06,1,19.73942880137674
Loss Incurred,month,cumulative,Synthetic,Portfolio,Auto,2023-06,1,93145.70369499327
Exposure,month,cumulative,Synthetic,Portfolio,Auto,2023-06,1,12280.053936469907
Earned Premium,month,cumulative,Synthetic,Portfolio,Auto,2023-06,1,993781.4572219778
Claims Reported,month,cumulative,Synthetic,Portfolio,Auto,2023-06,2,25.08853715091247
Loss Incurred,month,cumulative,Synthetic,Portfolio,Auto,2023-06,2,115952.34913903273
Exposure,month,cumulative,Synthetic,Portfolio,Auto,2023-06,2,12158.834702133827
Earned Premium,month,cumulative,Synthetic,Portfolio,Auto,2023-06,2,989105.2773514653
Claims Reported,month,cumulative,Synthetic,Portfolio,Auto,2023-06,3,31.01027811566152
Loss Incurred,month,cumulative,Synthetic,Portfolio,Auto,2023-06,3,143272.86597914825
Exposure,month,cumulative,Synthetic,Portfolio,Auto,2023-06,3,12047.497293591076
Earned Premium,month,cumulative,Synthetic,Portfolio,Auto,2023-06,3,984643.2643619605
Claims Reported,month,cumulative,Synthetic,Portfolio,Auto,2023-06,4,37.19731304127744
Loss Incurred,month,cumulative,Synthetic,Portfolio,Auto,2023-06,4,175471.94308273046
Exposure,month,cumulative,Synthetic,Portfolio,Auto,2023-06,4,11945.236141646757
Earned Premium,month,cumulative,Synthetic,Portfolio,Auto,2023-06,4,980385.6095091054
Claims Reported,month,cumulative,Synthetic,Portfolio,Auto,2023-06,5,43.28269971887654
Loss Incurred,month,cumulative,Synthetic,Portfolio,Auto,2023-06,5,212700.30920782927
Exposure,month,cumulative,Synthetic,Portfolio,Auto,2023-06,5,11851.311347331437
Earned Premium,month,cumulative,Synthetic,Portfolio,Auto,2023-06,5,976322.9532845095
Claims Reported,month,cumulative,Synthetic,Portfolio,Auto,2023-06,6,48.92277094034017
Loss Incurred,month,cumulative,Synthetic,Portfolio,Auto,2023-06,6,254801.5315118778
Exposure,month,cumulative,Synthetic,Portfolio,Auto,2023-06,6,11765.043328446036
Earned Premium,month,cumulative,Synthetic,Portfolio,Auto,2023-06,6,972446.3648409486
Claims Reported,month,cumulative,Synthetic,Portfolio,Auto,2023-06,7,53.86939964561556
Loss Incurred,month,cumulative,Synthetic,Portfolio,Auto,2023-06,7,301238.44679214153
Exposure,month,cumulative,Synthetic,Portfolio,Auto,2023-06,7,11685.807902521894
Earned Premium,month,cumulative,Synthetic,Portfolio,Auto,2023-06,7,968747.3223598822
Claims Reported,month,cumulative,Synthetic,Portfolio,Auto,2023-06,8,58.00215120827712
Loss Incurred,month,cumulative,Synthetic,Portfolio,Auto,2023-06,8,351066.9249530021
Exposure,month,cumulative,Synthetic,Portfolio,Auto,2023-06,8,11613.031770619291
Earned Premium,month,cumulative,Synthetic,Portfolio,Auto,2023-06,8,965217.6943181278
Claims Reported,month,cumulative,Synthetic,Portfolio,Auto,2023-06,9,61.31709094063974
Loss Incurred,month,cumulative,Synthetic,Portfolio,Auto,2023-06,9,402980.0467675032
Exposure,month,cumulative,Synthetic,Portfolio,Auto,2023-06,9,11546.188369287975
Earned Premium,month,cumulative,Synthetic,Portfolio,Auto,2023-06,9,961849.7216125134
Claims Reported,month,cumulative,Synthetic,Portfolio,Auto,2023-06,10,63.890227910408875
Loss Incurred,month,cumulative,Synthetic,Portfolio,Auto,2023-06,10,455428.6542491759
Exposure,month,cumulative,Synthetic,Portfolio,Auto,2023-06,10,11484.794060677028
Earned Premium,month,cumulative,Synthetic,Portfolio,Auto,2023-06,10,958636.0005032134
Claims Reported,month,cumulative,Synthetic,Portfolio,Auto,2023-06,11,65.83715343435915
Loss Incurred,month,cumulative,Synthetic,Portfolio,Auto,2023-06,11,506799.0077911916
Exposure,month,cumulative,Synthetic,Portfolio,Auto,2023-06,11,11428.404633228036
Earned Premium,month,cumulative,Synthetic,Portfolio,Auto,2023-06,11,955569.4663382709
Claims Reported,month,cumulative,Synthetic,Portfolio,Auto,2023-06,12,67.28196258590125
Loss Incurred,month,cumulative,Synthetic,Portfolio,Auto,2023-06,12,555606.4269054057
Exposure,month,cumulative,Synthetic,Portfolio,Auto,2023-06,12,11376.612087632724
Earned Premium,month,cumulative,Synthetic,Portfolio,Auto,2023-06,12,952643.3780235299
Claims Reported,month,cumulative,Synthetic,Portfolio,Auto,2023-06,13,68.33878897308057
Loss Incurred,month,cumulative,Synthetic,Portfolio,Auto,2023-06,13,600657.3015993518
Exposure,month,cumulative,Synthetic,Portfolio,Auto,2023-06,13,11329.041684800224
Earned Premium,month,cumulative,Synthetic,Portfolio,Auto,2023-06,13,949851.3032038368
Claims Reported,month,cumulative,Synthetic,Portfolio,Auto,2023-06,14,69.1036863009369
Loss Incurred,month,cumulative,Synthetic,Portfolio,Auto,2023-06,14,641144.5538853888
Exposure,month,cumulative,Synthetic,Portfolio,Auto,2023-06,14,11285.349234474883
Earned Premium,month,cumulative,Synthetic,Portfolio,Auto,2023-06,14,947187.1041229373
Claims Reported,month,cumulative,Synthetic,Portfolio,Auto,2023-06,15,69.6530665451294
Loss Incurred,month,cumulative,Synthetic,Portfolio,Auto,2023-06,15,676666.1415643428
Exposure,month,cumulative,Synthetic,Portfolio,Auto,2023-06,15,11245.21860488668
Earned Premium,month,cumulative,Synthetic,Portfolio,Auto,2023-06,15,944644.9241309821
Claims Reported,month,cumulative,Synthetic,Portfolio,Auto,2023-06,16,70.04548452520123
Loss Incurred,month,cumulative,Synthetic,Portfolio,Auto,2023-06,16,707179.679372794
Exposure,month,cumulative,Synthetic,Portfolio,Auto,2023-06,16,11208.359435415674
Earned Premium,month,cumulative,Synthetic,Portfolio,Auto,2023-06,16,942219.1748099833
Claims Reported,month,cumulative,Synthetic,Portfolio,Auto,2023-06,17,70.32468321271053
Loss Incurred,month,cumulative,Synthetic,Portfolio,Auto,2023-06,17,732919.2086937707
Exposure,month,cumulative,Synthetic,Portfolio,Auto,2023-06,17,11174.505035720636
Earned Premium,month,cumulative,Synthetic,Portfolio,Auto,2023-06,17,939904.5236889193
Claims Reported,month,cumulative,Synthetic,Portfolio,Auto,2023-06,18,70.522771835904
Loss Incurred,month,cumulative,Synthetic,Portfolio,Auto,2023-06,18,754300.8887712145
Exposure,month,cumulative,Synthetic,Portfolio,Auto,2023-06,18,11143.410456131345
Earned Premium,month,cumulative,Synthetic,Portfolio,Auto,2023-06,18,937695.8825214809
Claims Reported,month,cumulative,Synthetic,Portfolio,Auto,2023-06,19,70.66303413766742
Loss Incurred,month,cumulative,Synthetic,Portfolio,Auto,2023-06,19,771837.1819994926
Exposure,month,cumulative,Synthetic,Portfolio,Auto,2023-06,19,11114.850715343018
Earned Premium,month,cumulative,Synthetic,Portfolio,Auto,2023-06,19,935588.3961006933
Claims Reported,month,cumulative,Synthetic,Portfolio,Auto,2023-06,20,70.7622108969136
Loss Incurred,month,cumulative,Synthetic,Portfolio,Auto,2023-06,20,786069.6623965017
Exposure,month,cumulative,Synthetic,Portfolio,Auto,2023-06,20,11088.619172589586
Earned Premium,month,cumulative,Synthetic,Portfolio,Auto,2023-06,20,933577.4315858212
Claims Reported,month,cumulative,Synthetic,Portfolio,Auto,2023-06,21,70.83226695623054
Loss Incurred,month,cumulative,Synthetic,Portfolio,Auto,2023-06,21,797522.7975073957
Exposure,month,cumulative,Synthetic,Portfolio,Auto,2023-06,21,11064.52603251787
Earned Premium,month,cumulative,Synthetic,Portfolio,Auto,2023-06,21,931658.5683180982
Claims Reported,month,cumulative,Synthetic,Portfolio,Auto,2023-06,22,70.88171800167495
Loss Incurred,month,cumulative,Synthetic,Portfolio,Auto,2023-06,22,806676.336703489
Exposure,month,cumulative,Synthetic,Portfolio,Auto,2023-06,22,11042.396971944814
Earned Premium,month,cumulative,Synthetic,Portfolio,Auto,2023-06,22,929827.5881028897
Claims Reported,month,cumulative,Synthetic,Portfolio,Auto,2023-06,23,70.91660705747624
Loss Incurred,month,cumulative,Synthetic,Portfolio,Auto,2023-06,23,813951.9749952352
Exposure,month,cumulative,Synthetic,Portfolio,Auto,2023-06,23,11022.071878561872
Earned Premium,month,cumulative,Synthetic,Portfolio,Auto,2023-06,23,928080.46593693
Claims Reported,month,cumulative,Synthetic,Portfolio,Auto,2023-06,24,70.94121359609318
Loss Incurred,month,cumulative,Synthetic,Portfolio,Auto,2023-06,24,819709.7977035927
Exposure,month,cumulative,Synthetic,Portfolio,Auto,2023-06,24,11003.403692460546
Earned Premium,month,cumulative,Synthetic,Portfolio,Auto,2023-06,24,926413.3611602463
Claims Reported,month,cumulative,Synthetic,Portfolio,Auto,2023-06,25,70.95856378969444
Loss Incurred,month,cumulative,Synthetic,Portfolio,Auto,2023-06,25,824250.7321037935
Exposure,month,cumulative,Synthetic,Portfolio,Auto,2023-06,25,10986.257342097097
Earned Premium,month,cumulative,Synthetic,Portfolio,Auto,2023-06,25,924822.6090133204
Claims Reported,month,cumulative,Synthetic,Portfolio,Auto,2023-06,26,70.97079536279556
Loss Incurred,month,cumulative,Synthetic,Portfolio,Auto,2023-06,26,827822.214863806
Exposure,month,cumulative,Synthetic,Portfolio,Auto,2023-06,26,10970.508766997704
Earned Premium,month,cumulative,Synthetic,Portfolio,Auto,2023-06,26,923304.7125809302
Claims Reported,month,cumulative,Synthetic,Portfolio,Auto,2023-06,27,70.97941733979066
Loss Incurred,month,cumulative,Synthetic,Portfolio,Auto,2023-06,27,830625.1993791343
Exposure,month,cumulative,Synthetic,Portfolio,Auto,2023-06,27,10956.04402013298
Earned Premium,month,cumulative,Synthetic,Portfolio,Auto,2023-06,27,921856.3351049573
Claims Reported,month,cumulative,Synthetic,Portfolio,Auto,2023-06,28,70.98549440267264
Loss Incurred,month,cumulative,Synthetic,Portfolio,Auto,2023-06,28,832821.3486264452
Exposure,month,cumulative,Synthetic,Portfolio,Auto,2023-06,28,10942.758443467148
Earned Premium,month,cumulative,Synthetic,Portfolio,Auto,2023-06,28,920474.292649266
Claims Reported,month,cumulative,Synthetic,Portfolio,Auto,2023-06,29,70.98977746156805
Loss Incurred,month,cumulative,Synthetic,Portfolio,Auto,2023-06,29,834539.7719820321
Exposure,month,cumulative,Synthetic,Portfolio,Auto,2023-06,29,10930.555910716705
Earned Premium,month,cumulative,Synthetic,Portfolio,Auto,2023-06,29,919155.5471005267
Claims Reported,month,cumulative,Synthetic,Portfolio,Auto,2023-06,30,70.9927959926143
Loss Incurred,month,cumulative,Synthetic,Portfolio,Auto,2023-06,30,835883.0013863415
Exposure,month,cumulative,Synthetic,Portfolio,Auto,2023-06,30,10919.348131839586
Earned Premium,month,cumulative,Synthetic,Portfolio,Auto,2023-06,30,917897.1994895994
Claims Reported,month,cumulative,Synthetic,Portfolio,Auto,2023-07,0,6.5436424035664285
Loss Incurred,month,cumulative,Synthetic,Portfolio,Auto,2023-07,0,49215.321146681694
Exposure,month,cumulative,Synthetic,Portfolio,Auto,2023-07,0,13304.863734906185
Earned Premium,month,cumulative,Synthetic,Portfolio,Auto,2023-07,0,1049002.4327250058
Claims Reported,month,cumulative,Synthetic,Portfolio,Auto,2023-07,1,8.645142141057136
Loss Incurred,month,cumulative,Synthetic,Portfolio,Auto,2023-07,1,60983.38520996244
Exposure,month,cumulative,Synthetic,Portfolio,Auto,2023-07,1,13134.331363048772
Earned Premium,month,cumulative,Synthetic,Portfolio,Auto,2023-07,1,1042242.6615555367
Claims Reported,month,cumulative,Synthetic,Portfolio,Auto,2023-07,2,11.17393197205041
Loss Incurred,month,cumulative,Synthetic,Portfolio,Auto,2023-07,2,74938.60514096009
Exposure,month,cumulative,Synthetic,Portfolio,Auto,2023-07,2,12980.556513851423
Earned Premium,month,cumulative,Synthetic,Portfolio,Auto,2023-07,2,1035889.4500327905
Claims Reported,month,cumulative,Synthetic,Portfolio,Auto,2023-07,3,14.07523578111258
Loss Incurred,month,cumulative,Synthetic,Portfolio,Auto,2023-07,3,91190.36927270323
Exposure,month,cumulative,Synthetic,Portfolio,Auto,2023-07,3,12841.892493711955
Earned Premium,month,cumulative,Synthetic,Portfolio,Auto,2023-07,3,1029918.3460352087
Claims Reported,month,cumulative,Synthetic,Portfolio,Auto,2023-07,4,17.2273557532214
Loss Incurred,month,cumulative,Synthetic,Portfolio,Auto,2023-07,4,109722.06996203172
Exposure,month,cumulative,Synthetic,Portfolio,Auto,2023-07,4,12716.854422911687
Earned Premium,month,cumulative,Synthetic,Portfolio,Auto,2023-07,4,1024306.3680895215
Claims Reported,month,cumulative,Synthetic,Portfolio,Auto,2023-07,5,20.455510223897516
Loss Incurred,month,cumulative,Synthetic,Portfolio,Auto,2023-07,5,130352.71255147523
Exposure,month,cumulative,Synthetic,Portfolio,Auto,2023-07,5,12604.103334823172
Earned Premium,month,cumulative,Synthetic,Portfolio,Auto,2023-07,5,1019031.9169200837
Claims Reported,month,cumulative,Synthetic,Portfolio,Auto,2023-07,6,23.567565810522343
Loss Incurred,month,cumulative,Synthetic,Portfolio,Auto,2023-07,6,152715.64026211438
Exposure,month,cumulative,Synthetic,Portfolio,Auto,2023-07,6,12502.431837624119
Earned Premium,month,cumulative,Synthetic,Portfolio,Auto,2023-07,6,1014074.6923179874
Claims Reported,month,cumulative,Synthetic,Portfolio,Auto,2023-07,7,26.39764906259172
Loss Incurred,month,cumulative,Synthetic,Portfolio,Auto,2023-07,7,176266.37367132716
Exposure,month,cumulative,Synthetic,Portfolio,Auto,2023-07,7,12410.75118497639
Earned Premium,month,cumulative,Synthetic,Portfolio,Auto,2023-07,7,1009415.6150099973
Claims Reported,month,cumulative,Synthetic,Portfolio,Auto,2023-07,8,28.83796480523814
Loss Incurred,month,cumulative,Synthetic,Portfolio,Auto,2023-07,8,200325.73178211134
Exposure,month,cumulative,Synthetic,Portfolio,Auto,2023-07,8,12328.079617216768
Earned Premium,month,cumulative,Synthetic,Portfolio,Auto,2023-07,8,1005036.7532266015
Claims Reported,month,cumulative,Synthetic,Portfolio,Auto,2023-07,9,30.8475101867779
Loss Incurred,month,cumulative,Synthetic,Portfolio,Auto,2023-07,9,224153.69053971284
Exposure,month,cumulative,Synthetic,Portfolio,Auto,2023-07,9,12253.531848211514
Earned Premium,month,cumulative,Synthetic,Portfolio,Auto,2023-07,9,1000921.2536865532
Claims Reported,month,cumulative,Synthetic,Portfolio,Auto,2023-07,10,32.44051806386041
Loss Incurred,month,cumulative,Synthetic,Portfolio,Auto,2023-07,10,247038.14123418854
Exposure,month,cumulative,Synthetic,Portfolio,Auto,2023-07,10,12186.309585294966
Earned Premium,month,cumulative,Synthetic,Portfolio,Auto,2023-07,10,997053.2767322762
Claims Reported,month,cumulative,Synthetic,Portfolio,Auto,2023-07,11,33.665646725176806
Loss Incurred,month,cumulative,Synthetic,Portfolio,Auto,2023-07,11,268376.73754617875
Exposure,month,cumulative,Synthetic,Portfolio,Auto,2023-07,11,12125.692980775211
Earned Premium,month,cumulative,Synthetic,Portfolio,Auto,2023-07,11,993417.9353664888
Claims Reported,month,cumulative,Synthetic,Portfolio,Auto,2023-07,12,34.586079741833714
Loss Incurred,month,cumulative,Synthetic,Portfolio,Auto,2023-07,12,287732.8273911849
Exposure,month,cumulative,Synthetic,Portfolio,Auto,2023-07,12,12071.032923465536
Earned Premium,month,cumulative,Synthetic,Portfolio,Auto,2023-07,12,990001.2379554058
Claims Reported,month,cumulative,Synthetic,Portfolio,Auto,2023-07,13,35.26552187314721
Loss Incurred,month,cumulative,Synthetic,Portfolio,Auto,2023-07,13,304856.40320824063
Exposure,month,cumulative,Synthetic,Portfolio,Auto,2023-07,13,12021.74408769574
Earned Premium,month,cumulative,Synthetic,Portfolio,Auto,2023-07,13,986790.0343780023
Claims Reported,month,cumulative,Synthetic,Portfolio,Auto,2023-07,14,35.76057586878304
Loss Incurred,month,cumulative,Synthetic,Portfolio,Auto,2023-07,14,319672.60367692634
Exposure,month,cumulative,Synthetic,Portfolio,Auto,2023-07,14,11977.298665368826
Earned Premium,month,cumulative,Synthetic,Portfolio,Auto,2023-07,14,983771.9654140722
Claims Reported,month,cumulative,Synthetic,Portfolio,Auto,2023-07,15,36.117866206159434
Loss Incurred,month,cumulative,Synthetic,Portfolio,Auto,2023-07,15,332248.25875861815
Exposure,month,cumulative,Synthetic,Portfolio,Auto,2023-07,15,11937.22071394299
Earned Premium,month,cumulative,Synthetic,Portfolio,Auto,2023-07,15,980935.4151762942
Claims Reported,month,cumulative,Synthetic,Portfolio,Auto,2023-07,16,36.373963105709386
Loss Incurred,month,cumulative,Synthetic,Portfolio,Auto,2023-07,16,342749.19500876276
Exposure,month,cumulative,Synthetic,Portfolio,Auto,2023-07,16,11901.08105981445
Earned Premium,month,cumulative,Synthetic,Portfolio,Auto,2023-07,16,978269.466403221
Claims Reported,month,cumulative,Synthetic,Portfolio,Auto,2023-07,17,36.55662386026811
Loss Incurred,month,cumulative,Synthetic,Portfolio,Auto,2023-07,17,351398.711939983
Exposure,month,cumulative,Synthetic,Portfolio,Auto,2023-07,17,11868.4927025241
Earned Premium,month,cumulative,Synthetic,Portfolio,Auto,2023-07,17,975763.8584411296
Claims Reported,month,cumulative,Synthetic,Portfolio,Auto,2023-07,18,36.686448530525034
Loss Incurred,month,cumulative,Synthetic,Portfolio,Auto,2023-07,18,358443.41009497223
Exposure,month,cumulative,Synthetic,Portfolio,Auto,2023-07,18,11839.106670574087
Earned Premium,month,cumulative,Synthetic,Portfolio,Auto,2023-07,18,973408.947753007
Claims Reported,month,cumulative,Synthetic,Portfolio,Auto,2023-07,19,36.7784896664765
Loss Incurred,month,cumulative,Synthetic,Portfolio,Auto,2023-07,19,364128.5789756253
Exposure,month,cumulative,Synthetic,Portfolio,Auto,2023-07,19,11812.608284476462
Earned Premium,month,cumulative,Synthetic,Portfolio,Auto,2023-07,19,971195.670802688
Claims Reported,month,cumulative,Synthetic,Portfolio,Auto,2023-07,20,36.84362784599693
Loss Incurred,month,cumulative,Synthetic,Portfolio,Auto,2023-07,20,368682.67176770343
Exposure,month,cumulative,Synthetic,Portfolio,Auto,2023-07,20,11788.713787016808
Earned Premium,month,cumulative,Synthetic,Portfolio,Auto,2023-07,20,969115.5091712846
Claims Reported,month,cumulative,Synthetic,Portfolio,Auto,2023-07,21,36.88966870442121
Loss Incurred,month,cumulative,Synthetic,Portfolio,Auto,2023-07,21,372309.08358132787
Exposure,month,cumulative,Synthetic,Portfolio,Auto,2023-07,21,11767.167304648188
Earned Premium,month,cumulative,Synthetic,Portfolio,Auto,2023-07,21,967160.4567716566
Claims Reported,month,cumulative,Synthetic,Portfolio,Auto,2023-07,22,36.92218232395115
Loss Incurred,month,cumulative,Synthetic,Portfolio,Auto,2023-07,22,375183.13198980136
Exposure,month,cumulative,Synthetic,Portfolio,Auto,2023-07,22,11747.738107476534
Earned Premium,month,cumulative,Synthetic,Portfolio,Auto,2023-07,22,965322.9890347327
Claims Reported,month,cumulative,Synthetic,Portfolio,Auto,2023-07,23,36.94512873028969
Loss Incurred,month,cumulative,Synthetic,Portfolio,Auto,2023-07,23,377452.3643923612
Exposure,month,cumulative,Synthetic,Portfolio,Auto,2023-07,23,11730.218138496128
Earned Premium,month,cumulative,Synthetic,Portfolio,Auto,2023-07,23,963596.0339490894
Claims Reported,month,cumulative,Synthetic,Portfolio,Auto,2023-07,24,36.96131592808911
Loss Incurred,month,cumulative,Synthetic,Portfolio,Auto,2023-07,24,379238.7481262122
Exposure,month,cumulative,Synthetic,Portfolio,Auto,2023-07,24,11714.419785617083
Earned Premium,month,cumulative,Synthetic,Portfolio,Auto,2023-07,24,961972.9448423265
Claims Reported,month,cumulative,Synthetic,Portfolio,Auto,2023-07,25,36.97273137598855
Loss Incurred,month,cumulative,Synthetic,Portfolio,Auto,2023-07,25,380641.74077588564
Exposure,month,cumulative,Synthetic,Portfolio,Auto,2023-07,25,11700.173872626598
Earned Premium,month,cumulative,Synthetic,Portfolio,Auto,2023-07,25,960447.474799479
Claims Reported,month,cumulative,Synthetic,Portfolio,Auto,2023-07,26,36.98077994234669
Loss Incurred,month,cumulative,Synthetic,Portfolio,Auto,2023-07,26,381741.603705608
Exposure,month,cumulative,Synthetic,Portfolio,Auto,2023-07,26,11687.327847570297
Earned Premium,month,cumulative,Synthetic,Portfolio,Auto,2023-07,26,959013.752620007
Claims Reported,month,cumulative,Synthetic,Portfolio,Auto,2023-07,27,36.9864537762563
Loss Incurred,month,cumulative,Synthetic,Portfolio,Auto,2023-07,27,382602.5903988852
Exposure,month,cumulative,Synthetic,Portfolio,Auto,2023-07,27,11675.744149153965
Earned Premium,month,cumulative,Synthetic,Portfolio,Auto,2023-07,27,957666.2602208297
Claims Reported,month,cumulative,Synthetic,Portfolio,Auto,2023-07,28,36.990453105277226
Loss Incurred,month,cumulative,Synthetic,Portfolio,Auto,2023-07,28,383275.82239704276
Exposure,month,cumulative,Synthetic,Portfolio,Auto,2023-07,28,11665.298733672334
Earned Premium,month,cumulative,Synthetic,Portfolio,Auto,2023-07,28,956399.8113984298
Claims Reported,month,cumulative,Synthetic,Portfolio,Auto,2023-07,29,36.99327190433022
Loss Incurred,month,cumulative,Synthetic,Portfolio,Auto,2023-07,29,383801.77935732855
Exposure,month,cumulative,Synthetic,Portfolio,Auto,2023-07,29,11655.879746690587
Earned Premium,month,cumulative,Synthetic,Portfolio,Auto,2023-07,29,955209.5318682913
Claims Reported,month,cumulative,Synthetic,Portfolio,Auto,2023-08,0,10.63742873058015
Loss Incurred,month,cumulative,Synthetic,Portfolio,Auto,2023-08,0,78134.46503506396
Exposure,month,cumulative,Synthetic,Portfolio,Auto,2023-08,0,11735.632574324702
Earned Premium,month,cumulative,Synthetic,Portfolio,Auto,2023-08,0,867775.3904826919
Claims Reported,month,cumulative,Synthetic,Portfolio,Auto,2023-08,1,14.000307340084952
Loss Incurred,month,cumulative,Synthetic,Portfolio,Auto,2023-08,1,97212.07131507511
Exposure,month,cumulative,Synthetic,Portfolio,Auto,2023-08,1,11626.23608549395
Earned Premium,month,cumulative,Synthetic,Portfolio,Auto,2023-08,1,861386.5832801427
Claims Reported,month,cumulative,Synthetic,Portfolio,Auto,2023-08,2,18.013256907175705
Loss Incurred,month,cumulative,Synthetic,Portfolio,Auto,2023-08,2,120037.86455312729
Exposure,month,cumulative,Synthetic,Portfolio,Auto,2023-08,2,11524.657797881646
Earned Premium,month,cumulative,Synthetic,Portfolio,Auto,2023-08,2,855436.7806179129
Claims Reported,month,cumulative,Synthetic,Portfolio,Auto,2023-08,3,22.572631242990898
Loss Incurred,month,cumulative,Synthetic,Portfolio,Auto,2023-08,3,146901.00848025765
Exposure,month,cumulative,Synthetic,Portfolio,Auto,2023-08,3,11430.338970791941
Earned Premium,month,cumulative,Synthetic,Portfolio,Auto,2023-08,3,849895.8164602602
Claims Reported,month,cumulative,Synthetic,Portfolio,Auto,2023-08,4,27.472825078090153
Loss Incurred,month,cumulative,Synthetic,Portfolio,Auto,2023-08,4,177908.06957411964
Exposure,month,cumulative,Synthetic,Portfolio,Auto,2023-08,4,11342.760794858015
Earned Premium,month,cumulative,Synthetic,Portfolio,Auto,2023-08,4,844735.5976195087
Claims Reported,month,cumulative,Synthetic,Portfolio,Auto,2023-08,5,32.43459313100391
Loss Incurred,month,cumulative,Synthetic,Portfolio,Auto,2023-08,5,212906.74687105903
Exposure,month,cumulative,Synthetic,Portfolio,Auto,2023-08,5,11261.441538283514
Earned Premium,month,cumulative,Synthetic,Portfolio,Auto,2023-08,5,839929.9613210552
Claims Reported,month,cumulative,Synthetic,Portfolio,Auto,2023-08,6,37.164572049998775
Loss Incurred,month,cumulative,Synthetic,Portfolio,Auto,2023-08,6,251427.53887953496
Exposure,month,cumulative,Synthetic,Portfolio,Auto,2023-08,6,11185.933897032584
Earned Premium,month,cumulative,Synthetic,Portfolio,Auto,2023-08,6,835454.5425557435
Claims Reported,month,cumulative,Synthetic,Portfolio,Auto,2023-08,7,41.421250973620594
Loss Incurred,month,cumulative,Synthetic,Portfolio,Auto,2023-08,7,292666.2193607273
Exposure,month,cumulative,Synthetic,Portfolio,Auto,2023-08,7,11115.822534392966
Earned Premium,month,cumulative,Synthetic,Portfolio,Auto,2023-08,7,831286.6505470722
Claims Reported,month,cumulative,Synthetic,Portfolio,Auto,2023-08,8,45.057975110196175
Loss Incurred,month,cumulative,Synthetic,Portfolio,Auto,2023-08,8,335525.38128083094
Exposure,month,cumulative,Synthetic,Portfolio,Auto,2023-08,8,11050.721796378273
Earned Premium,month,cumulative,Synthetic,Portfolio,Auto,2023-08,8,827405.1537069133
Claims Reported,month,cumulative,Synthetic,Portfolio,Auto,2023-08,9,48.02959315685377
Loss Incurred,month,cumulative,Synthetic,Portfolio,Auto,2023-08,9,378718.4342203161
Exposure,month,cumulative,Synthetic,Portfolio,Auto,2023-08,9,10990.273590402847
Earned Premium,month,cumulative,Synthetic,Portfolio,Auto,2023-08,9,823790.3724964552
Claims Reported,month,cumulative,Synthetic,Portfolio,Auto,2023-08,10,50.3705586681763
Loss Incurred,month,cumulative,Synthetic,Portfolio,Auto,2023-08,10,420918.47718299885
Exposure,month,cumulative,Synthetic,Portfolio,Auto,2023-08,10,10934.145415560604
Earned Premium,month,cumulative,Synthetic,Portfolio,Auto,2023-08,10,820423.9796491674
Claims Reported,month,cumulative,Synthetic,Portfolio,Auto,2023-08,11,52.16214816304553
Loss Incurred,month,cumulative,Synthetic,Portfolio,Auto,2023-08,11,460917.16150218825
Exposure,month,cumulative,Synthetic,Portfolio,Auto,2023-08,11,10882.02853367329
Earned Premium,month,cumulative,Synthetic,Portfolio,Auto,2023-08,11,817288.9072499075
Claims Reported,month,cumulative,Synthetic,Portfolio,Auto,2023-08,12,53.50317739612272
Loss Incurred,month,cumulative,Synthetic,Portfolio,Auto,2023-08,12,497754.5957631356
Exposure,month,cumulative,Synthetic,Portfolio,Auto,2023-08,12,10833.63627104778
Earned Premium,month,cumulative,Synthetic,Portfolio,Auto,2023-08,12,814369.2601990531
Claims Reported,month,cumulative,Synthetic,Portfolio,Auto,2023-08,13,54.4903643791188
Loss Incurred,month,cumulative,Synthetic,Portfolio,Auto,2023-08,13,530792.9187868462
Exposure,month,cumulative,Synthetic,Portfolio,Auto,2023-08,13,10788.702441601125
Earned Premium,month,cumulative,Synthetic,Portfolio,Auto,2023-08,13,811650.235622914
Claims Reported,month,cumulative,Synthetic,Portfolio,Auto,2023-08,14,55.20819222890941
Loss Incurred,month,cumulative,Synthetic,Portfolio,Auto,2023-08,14,559726.6948661607
Exposure,month,cumulative,Synthetic,Portfolio,Auto,2023-08,14,10746.979882679545
Earned Premium,month,cumulative,Synthetic,Portfolio,Auto,2023-08,14,809118.0478218287
Claims Reported,month,cumulative,Synthetic,Portfolio,Auto,2023-08,15,55.725502999102716
Loss Incurred,month,cumulative,Synthetic,Portfolio,Auto,2023-08,15,584542.1477897996
Exposure,month,cumulative,Synthetic,Portfolio,Auto,2023-08,15,10708.239095517587
Earned Premium,month,cumulative,Synthetic,Portfolio,Auto,2023-08,15,806759.8583754244
Claims Reported,month,cumulative,Synthetic,Portfolio,Auto,2023-08,16,56.095907369579216
Loss Incurred,month,cumulative,Synthetic,Portfolio,Auto,2023-08,16,605447.0795550477
Exposure,month,cumulative,Synthetic,Portfolio,Auto,2023-08,16,10672.266982859086
Earned Premium,month,cumulative,Synthetic,Portfolio,Auto,2023-08,16,804563.7110506687
Claims Reported,month,cumulative,Synthetic,Portfolio,Auto,2023-08,17,56.359898440793515
Loss Incurred,month,cumulative,Synthetic,Portfolio,Auto,2023-08,17,622793.2331680416
Exposure,month,cumulative,Synthetic,Portfolio,Auto,2023-08,17,10638.865676796137
Earned Premium,month,cumulative,Synthetic,Portfolio,Auto,2023-08,17,802518.4711826904
Claims Reported,month,cumulative,Synthetic,Portfolio,Auto,2023-08,18,56.547427183703256
Loss Incurred,month,cumulative,Synthetic,Portfolio,Auto,2023-08,18,637006.6115865721
Exposure,month,cumulative,Synthetic,Portfolio,Auto,2023-08,18,10607.851450378526
Earned Premium,month,cumulative,Synthetic,Portfolio,Auto,2023-08,18,800613.769221025
Claims Reported,month,cumulative,Synthetic,Portfolio,Auto,2023-08,19,56.68032777858875
Loss Incurred,month,cumulative,Synthetic,Portfolio,Auto,2023-08,19,648533.5037491274
Exposure,month,cumulative,Synthetic,Portfolio,Auto,2023-08,19,10579.05370700675
Earned Premium,month,cumulative,Synthetic,Portfolio,Auto,2023-08,19,798839.9481550601
Claims Reported,month,cumulative,Synthetic,Portfolio,Auto,2023-08,20,56.77435708468779
Loss Incurred,month,cumulative,Synthetic,Portfolio,Auto,2023-08,20,657803.7444584902
Exposure,month,cumulative,Synthetic,Portfolio,Auto,2023-08,20,10552.314042049773
Earned Premium,month,cumulative,Synthetic,Portfolio,Auto,2023-08,20,797188.0145521198
Claims Reported,month,cumulative,Synthetic,Portfolio,Auto,2023-08,21,56.84080602159085
Loss Incurred,month,cumulative,Synthetic,Portfolio,Auto,2023-08,21,665209.0524235639
Exposure,month,cumulative,Synthetic,Portfolio,Auto,2023-08,21,10527.485371525818
Earned Premium,month,cumulative,Synthetic,Portfolio,Auto,2023-08,21,795649.5929599516
Claims Reported,month,cumulative,Synthetic,Portfolio,Auto,2023-08,22,56.88772529867862
Loss Incurred,month,cumulative,Synthetic,Portfolio,Auto,2023-08,22,671092.8233641913
Exposure,month,cumulative,Synthetic,Portfolio,Auto,2023-08,22,10504.431123053406
Earned Premium,month,cumulative,Synthetic,Portfolio,Auto,2023-08,22,794216.8834424282
Claims Reported,month,cumulative,Synthetic,Portfolio,Auto,2023-08,23,56.92083530627122
Loss Incurred,month,cumulative,Synthetic,Portfolio,Auto,2023-08,23,675747.7041695748
Exposure,month,cumulative,Synthetic,Portfolio,Auto,2023-08,23,10483.024484622449
Earned Premium,month,cumulative,Synthetic,Portfolio,Auto,2023-08,23,792882.6220331683
Claims Reported,month,cumulative,Synthetic,Portfolio,Auto,2023-08,24,56.94419069328331
Loss Incurred,month,cumulative,Synthetic,Portfolio,Auto,2023-08,24,679417.9008234165
Exposure,month,cumulative,Synthetic,Portfolio,Auto,2023-08,24,10463.147707053138
Earned Premium,month,cumulative,Synthetic,Portfolio,Auto,2023-08,24,791640.0439065726
Claims Reported,month,cumulative,Synthetic,Portfolio,Auto,2023-08,25,56.96066047151065
Loss Incurred,month,cumulative,Synthetic,Portfolio,Auto,2023-08,25,682303.9853312531
Exposure,month,cumulative,Synthetic,Portfolio,Auto,2023-08,25,10444.691456305776
Earned Premium,month,cumulative,Synthetic,Portfolio,Auto,2023-08,25,790482.8490795479
Claims Reported,month,cumulative,Synthetic,Portfolio,Auto,2023-08,26,56.972272251498865
Loss Incurred,month,cumulative,Synthetic,Portfolio,Auto,2023-08,26,684568.7103762511
Exposure,month,cumulative,Synthetic,Portfolio,Auto,2023-08,26,10427.554212078854
Earned Premium,month,cumulative,Synthetic,Portfolio,Auto,2023-08,26,789405.1704700254
Claims Reported,month,cumulative,Synthetic,Portfolio,Auto,2023-08,27,56.98045777853892
Loss Incurred,month,cumulative,Synthetic,Portfolio,Auto,2023-08,27,686342.9207446862
Exposure,month,cumulative,Synthetic,Portfolio,Auto,2023-08,27,10411.641709387311
Earned Premium,month,cumulative,Synthetic,Portfolio,Auto,2023-08,27,788401.5441503258
Claims Reported,month,cumulative,Synthetic,Portfolio,Auto,2023-08,28,56.98622743486566
Loss Incurred,month,cumulative,Synthetic,Portfolio,Auto,2023-08,28,687731.0601617309
Exposure,month,cumulative,Synthetic,Portfolio,Auto,2023-08,28,10396.866420049333
Earned Premium,month,cumulative,Synthetic,Portfolio,Auto,2023-08,28,787466.881644553
Claims Reported,month,cumulative,Synthetic,Portfolio,Auto,2023-09,0,11.134579760796962
Loss Incurred,month,cumulative,Synthetic,Portfolio,Auto,2023-09,0,83895.286641602
Exposure,month,cumulative,Synthetic,Portfolio,Auto,2023-09,0,11855.620921023083
Earned Premium,month,cumulative,Synthetic,Portfolio,Auto,2023-09,0,873285.2894741093
Claims Reported,month,cumulative,Synthetic,Portfolio,Auto,2023-09,1,14.624194045664563
Loss Incurred,month,cumulative,Synthetic,Portfolio,Auto,2023-09,1,104036.82667855699
Exposure,month,cumulative,Synthetic,Portfolio,Auto,2023-09,1,11723.613899755806
Earned Premium,month,cumulative,Synthetic,Portfolio,Auto,2023-09,1,868223.9223084538
Claims Reported,month,cumulative,Synthetic,Portfolio,Auto,2023-09,2,18.76945884048864
Loss Incurred,month,cumulative,Synthetic,Portfolio,Auto,2023-09,2,127962.50263785683
Exposure,month,cumulative,Synthetic,Portfolio,Auto,2023-09,2,11602.875643938512
Earned Premium,month,cumulative,Synthetic,Portfolio,Auto,2023-09,2,863436.3443466404
Claims Reported,month,cumulative,Synthetic,Portfolio,Auto,2023-09,3,23.454365694770843
Loss Incurred,month,cumulative,Synthetic,Portfolio,Auto,2023-09,3,155881.36355482516
Exposure,month,cumulative,Synthetic,Portfolio,Auto,2023-09,3,11492.444196596885
Earned Premium,month,cumulative,Synthetic,Portfolio,Auto,2023-09,3,858907.7452566604
Claims Reported,month,cumulative,Synthetic,Portfolio,Auto,2023-09,4,28.460306552463862
Loss Incurred,month,cumulative,Synthetic,Portfolio,Auto,2023-09,4,187790.4926247446
Exposure,month,cumulative,Synthetic,Portfolio,Auto,2023-09,4,11391.439718112282
Earned Premium,month,cumulative,Synthetic,Portfolio,Auto,2023-09,4,854624.115855459
Claims Reported,month,cumulative,Synthetic,Portfolio,Auto,2023-09,5,33.49862938186353
Loss Incurred,month,cumulative,Synthetic,Portfolio,Auto,2023-09,5,223406.27622018274
Exposure,month,cumulative,Synthetic,Portfolio,Auto,2023-09,5,11299.05747628232
Earned Premium,month,cumulative,Synthetic,Portfolio,Auto,2023-09,5,850572.2047716457
Claims Reported,month,cumulative,Synthetic,Portfolio,Auto,2023-09,6,38.27324776600859
Loss Incurred,month,cumulative,Synthetic,Portfolio,Auto,2023-09,6,262123.18952293578
Exposure,month,cumulative,Synthetic,Portfolio,Auto,2023-09,6,11214.561434784217
Earned Premium,month,cumulative,Synthetic,Portfolio,Auto,2023-09,6,846739.4774524887
Claims Reported,month,cumulative,Synthetic,Portfolio,Auto,2023-09,7,42.54665172012747
Loss Incurred,month,cumulative,Synthetic,Portfolio,Auto,2023-09,7,303021.4795279073
Exposure,month,cumulative,Synthetic,Portfolio,Auto,2023-09,7,11137.27838895826
Earned Premium,month,cumulative,Synthetic,Portfolio,Auto,2023-09,7,843114.0773883816
Claims Reported,month,cumulative,Synthetic,Portfolio,Auto,2023-09,8,46.1802039620633
Loss Incurred,month,cumulative,Synthetic,Portfolio,Auto,2023-09,8,344936.01172604813
Exposure,month,cumulative,Synthetic,Portfolio,Auto,2023-09,8,11066.59260218953
Earned Premium,month,cumulative,Synthetic,Portfolio,Auto,2023-09,8,839684.7894348315
Claims Reported,month,cumulative,Synthetic,Portfolio,Auto,2023-09,9,49.13736384032321
Loss Incurred,month,cumulative,Synthetic,Portfolio,Auto,2023-09,9,386580.5002355597
Exposure,month,cumulative,Synthetic,Portfolio,Auto,2023-09,9,11001.940900154306
Earned Premium,month,cumulative,Synthetic,Portfolio,Auto,2023-09,9,836441.0051185039
Claims Reported,month,cumulative,Synthetic,Portfolio,Auto,2023-09,10,51.45946511876372
Loss Incurred,month,cumulative,Synthetic,Portfolio,Auto,2023-09,10,426701.2753868153
Exposure,month,cumulative,Synthetic,Portfolio,Auto,2023-09,10,10942.808183845622
Earned Premium,month,cumulative,Synthetic,Portfolio,Auto,2023-09,10,833372.68982
Claims Reported,month,cumulative,Synthetic,Portfolio,Auto,2023-09,11,53.232186743736406
Loss Incurred,month,cumulative,Synthetic,Portfolio,Auto,2023-09,11,464222.96364122775
Exposure,month,cumulative,Synthetic,Portfolio,Auto,2023-09,11,10888.723325628922
Earned Premium,month,cumulative,Synthetic,Portfolio,Auto,2023-09,11,830470.3517318462
Claims Reported,month,cumulative,Synthetic,Portfolio,Auto,2023-09,12,54.55658744871117
Loss Incurred,month,cumulative,Synthetic,Portfolio,Auto,2023-09,12,498351.7459763838
Exposure,month,cumulative,Synthetic,Portfolio,Auto,2023-09,12,10839.255415630498
Earned Premium,month,cumulative,Synthetic,Portfolio,Auto,2023-09,12,827725.0124956683
Claims Reported,month,cumulative,Synthetic,Portfolio,Auto,2023-09,13,55.53016600405783
Loss Incurred,month,cumulative,Synthetic,Portfolio,Auto,2023-09,13,528618.2829587801
Exposure,month,cumulative,Synthetic,Portfolio,Auto,2023-09,13,10794.010328552562
Earned Premium,month,cumulative,Synthetic,Portfolio,Auto,2023-09,13,825128.1794277149
Claims Reported,month,cumulative,Synthetic,Portfolio,Auto,2023-09,14,56.23737169837438
Loss Incurred,month,cumulative,Synthetic,Portfolio,Auto,2023-09,14,554862.8096599162
Exposure,month,cumulative,Synthetic,Portfolio,Auto,2023-09,14,10752.627583561818
Earned Premium,month,cumulative,Synthetic,Portfolio,Auto,2023-09,14,822671.8192468126
Claims Reported,month,cumulative,Synthetic,Portfolio,Auto,2023-09,15,56.74664853727503
Loss Incurred,month,cumulative,Synthetic,Portfolio,Auto,2023-09,15,577179.7167599326
Exposure,month,cumulative,Synthetic,Portfolio,Auto,2023-09,15,10714.777472233287
Earned Premium,month,cumulative,Synthetic,Portfolio,Auto,2023-09,15,820348.3332234784
Claims Reported,month,cumulative,Synthetic,Portfolio,Auto,2023-09,16,57.11110563250759
Loss Incurred,month,cumulative,Synthetic,Portfolio,Auto,2023-09,16,595843.8235311551
Exposure,month,cumulative,Synthetic,Portfolio,Auto,2023-09,16,10680.15843166692
Earned Premium,month,cumulative,Synthetic,Portfolio,Auto,2023-09,16,818150.5336733134
Claims Reported,month,cumulative,Synthetic,Portfolio,Auto,2023-09,17,57.37075885571735
Loss Incurred,month,cumulative,Synthetic,Portfolio,Auto,2023-09,17,611237.1423986439
Exposure,month,cumulative,Synthetic,Portfolio,Auto,2023-09,17,10648.494641847827
Earned Premium,month,cumulative,Synthetic,Portfolio,Auto,2023-09,17,816071.6217219632
Claims Reported,month,cumulative,Synthetic,Portfolio,Auto,2023-09,18,57.55515605365497
Loss Incurred,month,cumulative,Synthetic,Portfolio,Auto,2023-09,18,623787.699679566
Exposure,month,cumulative,Synthetic,Portfolio,Auto,2023-09,18,10619.53382810761
Earned Premium,month,cumulative,Synthetic,Portfolio,Auto,2023-09,18,814105.1662728561
Claims Reported,month,cumulative,Synthetic,Portfolio,Auto,2023-09,19,57.68581214611294
Loss Incurred,month,cumulative,Synthetic,Portfolio,Auto,2023-09,19,633924.8866018506
Exposure,month,cumulative,Synthetic,Portfolio,Auto,2023-09,19,10593.04525117833
Earned Premium,month,cumulative,Synthetic,Portfolio,Auto,2023-09,19,812245.084112661
Claims Reported,month,cumulative,Synthetic,Portfolio,Auto,2023-09,20,57.77824081013817
Loss Incurred,month,cumulative,Synthetic,Portfolio,Auto,2023-09,20,642050.8801480207
Exposure,month,cumulative,Synthetic,Portfolio,Auto,2023-09,20,10568.817868825325
Earned Premium,month,cumulative,Synthetic,Portfolio,Auto,2023-09,20,810485.6210929177
Claims Reported,month,cumulative,Synthetic,Portfolio,Auto,2023-09,21,57.84355229412391
Loss Incurred,month,cumulative,Synthetic,Portfolio,Auto,2023-09,21,648525.1662120533
Exposure,month,cumulative,Synthetic,Portfolio,Auto,2023-09,21,10546.658654412042
Earned Premium,month,cumulative,Synthetic,Portfolio,Auto,2023-09,21,808821.3343296283
Claims Reported,month,cumulative,Synthetic,Portfolio,Auto,2023-09,22,57.889665276033995
Loss Incurred,month,cumulative,Synthetic,Portfolio,Auto,2023-09,22,653658.5027035053
Exposure,month,cumulative,Synthetic,Portfolio,Auto,2023-09,22,10526.391059000398
Earned Premium,month,cumulative,Synthetic,Portfolio,Auto,2023-09,22,807247.0753657402
Claims Reported,month,cumulative,Synthetic,Portfolio,Auto,2023-09,23,57.92220473042207
Loss Incurred,month,cumulative,Synthetic,Portfolio,Auto,2023-09,23,657712.9876938219
Exposure,month,cumulative,Synthetic,Portfolio,Auto,2023-09,23,10507.853604733798
Earned Premium,month,cumulative,Synthetic,Portfolio,Auto,2023-09,23,805757.9742444383
Claims Reported,month,cumulative,Synthetic,Portfolio,Auto,2023-09,24,57.94515687666494
Loss Incurred,month,cumulative,Synthetic,Portfolio,Auto,2023-09,24,660905.632577728
Exposure,month,cumulative,Synthetic,Portfolio,Auto,2023-09,24,10490.89859829584
Earned Premium,month,cumulative,Synthetic,Portfolio,Auto,2023-09,24,804349.4244439747
Claims Reported,month,cumulative,Synthetic,Portfolio,Auto,2023-09,25,57.96134190935922
Loss Incurred,month,cumulative,Synthetic,Portfolio,Auto,2023-09,25,663413.6177151538
Exposure,month,cumulative,Synthetic,Portfolio,Auto,2023-09,25,10475.39095419451
Earned Premium,month,cumulative,Synthetic,Portfolio,Auto,2023-09,25,803017.0686274327
Claims Reported,month,cumulative,Synthetic,Portfolio,Auto,2023-09,26,57.9727527408505
Loss Incurred,month,cumulative,Synthetic,Portfolio,Auto,2023-09,26,665380.0620996308
Exposure,month,cumulative,Synthetic,Portfolio,Auto,2023-09,26,10461.207118496564
Earned Premium,month,cumulative,Synthetic,Portfolio,Auto,2023-09,26,801756.7851633412
Claims Reported,month,cumulative,Synthetic,Portfolio,Auto,2023-09,27,57.98079651686751
Loss Incurred,month,cumulative,Synthetic,Portfolio,Auto,2023-09,27,666919.6240259062
Exposure,month,cumulative,Synthetic,Portfolio,Auto,2023-09,27,10448.23408443725
Earned Premium,month,cumulative,Synthetic,Portfolio,Auto,2023-09,27,800564.6753754435
Claims Reported,month,cumulative,Synthetic,Portfolio,Auto,2023-10,0,7.092994519970828
Loss Incurred,month,cumulative,Synthetic,Portfolio,Auto,2023-10,0,100560.06237644494
Exposure,month,cumulative,Synthetic,Portfolio,Auto,2023-10,0,11466.957689163082
Earned Premium,month,cumulative,Synthetic,Portfolio,Auto,2023-10,0,897547.8703400394
Claims Reported,month,cumulative,Synthetic,Portfolio,Auto,2023-10,1,9.454503956299721
Loss Incurred,month,cumulative,Synthetic,Portfolio,Auto,2023-10,1,122731.78638029234
Exposure,month,cumulative,Synthetic,Portfolio,Auto,2023-10,1,11360.325883117488
Earned Premium,month,cumulative,Synthetic,Portfolio,Auto,2023-10,1,891702.1567556134
Claims Reported,month,cumulative,Synthetic,Portfolio,Auto,2023-10,2,12.352622639822975
Loss Incurred,month,cumulative,Synthetic,Portfolio,Auto,2023-10,2,148175.23206175066
Exposure,month,cumulative,Synthetic,Portfolio,Auto,2023-10,2,11261.29614771933
Earned Premium,month,cumulative,Synthetic,Portfolio,Auto,2023-10,2,886211.7914544864
Claims Reported,month,cumulative,Synthetic,Portfolio,Auto,2023-10,3,15.756102124935436
Loss Incurred,month,cumulative,Synthetic,Portfolio,Auto,2023-10,3,176704.67478119582
Exposure,month,cumulative,Synthetic,Portfolio,Auto,2023-10,3,11169.326510734694
Earned Premium,month,cumulative,Synthetic,Portfolio,Auto,2023-10,3,881055.1735832092
Claims Reported,month,cumulative,Synthetic,Portfolio,Auto,2023-10,4,19.55240743805652
Loss Incurred,month,cumulative,Synthetic,Portfolio,Auto,2023-10,4,207875.42052592404
Exposure,month,cumulative,Synthetic,Portfolio,Auto,2023-10,4,11083.913638600103
Earned Premium,month,cumulative,Synthetic,Portfolio,Auto,2023-10,4,876212.0153574864
Claims Reported,month,cumulative,Synthetic,Portfolio,Auto,2023-10,5,23.551127267689623
Loss Incurred,month,cumulative,Synthetic,Portfolio,Auto,2023-10,5,240981.63107034573
Exposure,month,cumulative,Synthetic,Portfolio,Auto,2023-10,5,11004.590081766895
Earned Premium,month,cumulative,Synthetic,Portfolio,Auto,2023-10,5,871663.2622435435
Claims Reported,month,cumulative,Synthetic,Portfolio,Auto,2023-10,6,27.51678639955945
Loss Incurred,month,cumulative,Synthetic,Portfolio,Auto,2023-10,6,275103.14273021143
Exposure,month,cumulative,Synthetic,Portfolio,Auto,2023-10,6,10930.921716432498
Earned Premium,month,cumulative,Synthetic,Portfolio,Auto,2023-10,6,867391.0179914951
Claims Reported,month,cumulative,Synthetic,Portfolio,Auto,2023-10,7,31.22149746793993
Loss Incurred,month,cumulative,Synthetic,Portfolio,Auto,2023-10,7,309199.63262917957
Exposure,month,cumulative,Synthetic,Portfolio,Auto,2023-10,7,10862.505368657607
Earned Premium,month,cumulative,Synthetic,Portfolio,Auto,2023-10,7,863378.4742257728
Claims Reported,month,cumulative,Synthetic,Portfolio,Auto,2023-10,8,34.494142605774044
Loss Incurred,month,cumulative,Synthetic,Portfolio,Auto,2023-10,8,342233.80293148174
Exposure,month,cumulative,Synthetic,Portfolio,Auto,2023-10,8,10798.966607866489
Earned Premium,month,cumulative,Synthetic,Portfolio,Auto,2023-10,8,859609.8443155994
Claims Reported,month,cumulative,Synthetic,Portfolio,Auto,2023-10,9,37.24528739946264
Loss Incurred,month,cumulative,Synthetic,Portfolio,Auto,2023-10,9,373293.8140491815
Exposure,month,cumulative,Synthetic,Portfolio,Auto,2023-10,9,10739.957697654645
Earned Premium,month,cumulative,Synthetic,Portfolio,Auto,2023-10,9,856070.3012653326
Claims Reported,month,cumulative,Synthetic,Portfolio,Auto,2023-10,10,39.46326977731398
Loss Incurred,month,cumulative,Synthetic,Portfolio,Auto,2023-10,10,401685.50390736974
Exposure,month,cumulative,Synthetic,Portfolio,Auto,2023-10,10,10685.15569268894
Earned Premium,month,cumulative,Synthetic,Portfolio,Auto,2023-10,10,852745.9193803213
Claims Reported,month,cumulative,Synthetic,Portfolio,Auto,2023-10,11,41.19187264405541
Loss Incurred,month,cumulative,Synthetic,Portfolio,Auto,2023-10,11,426976.8012781979
Exposure,month,cumulative,Synthetic,Portfolio,Auto,2023-10,11,10634.260671284901
Earned Premium,month,cumulative,Synthetic,Portfolio,Auto,2023-10,11,849623.6194787681
Claims Reported,month,cumulative,Synthetic,Portfolio,Auto,2023-10,12,42.503853194055964
Loss Incurred,month,cumulative,Synthetic,Portfolio,Auto,2023-10,12,448993.45642908517
Exposure,month,cumulative,Synthetic,Portfolio,Auto,2023-10,12,10586.994093988342
Earned Premium,month,cumulative,Synthetic,Portfolio,Auto,2023-10,12,846691.1174340443
Claims Reported,month,cumulative,Synthetic,Portfolio,Auto,2023-10,13,43.47974065291181
Loss Incurred,month,cumulative,Synthetic,Portfolio,Auto,2023-10,13,467778.5671650605
Exposure,month,cumulative,Synthetic,Portfolio,Auto,2023-10,13,10543.097279178195
Earned Premium,month,cumulative,Synthetic,Portfolio,Auto,2023-10,13,843936.8758450053
Claims Reported,month,cumulative,Synthetic,Portfolio,Auto,2023-10,14,44.19479573281369
Loss Incurred,month,cumulative,Synthetic,Portfolio,Auto,2023-10,14,483533.88022026425
Exposure,month,cumulative,Synthetic,Portfolio,Auto,2023-10,14,10502.329987347726
Earned Premium,month,cumulative,Synthetic,Portfolio,Auto,2023-10,14,841350.0586441647
Claims Reported,month,cumulative,Synthetic,Portfolio,Auto,2023-10,15,44.71297864200194
Loss Incurred,month,cumulative,Synthetic,Portfolio,Auto,2023-10,15,496559.068657357
Exposure,month,cumulative,Synthetic,Portfolio,Auto,2023-10,15,10464.469106316183
Earned Premium,month,cumulative,Synthetic,Portfolio,Auto,2023-10,15,838920.4884651379
Claims Reported,month,cumulative,Synthetic,Portfolio,Auto,2023-10,16,45.08549532796593
Loss Incurred,month,cumulative,Synthetic,Portfolio,Auto,2023-10,16,507199.57677596615
Exposure,month,cumulative,Synthetic,Portfolio,Auto,2023-10,16,10429.307430175279
Earned Premium,month,cumulative,Synthetic,Portfolio,Auto,2023-10,16,836638.6066016268
Claims Reported,month,cumulative,Synthetic,Portfolio,Auto,2023-10,17,45.351753621608104
Loss Incurred,month,cumulative,Synthetic,Portfolio,Auto,2023-10,17,515807.6430539369
Exposure,month,cumulative,Synthetic,Portfolio,Auto,2023-10,17,10396.65252528789
Earned Premium,month,cumulative,Synthetic,Portfolio,Auto,2023-10,17,834495.435400412
Claims Reported,month,cumulative,Synthetic,Portfolio,Auto,2023-10,18,45.54127947387455
Loss Incurred,month,cumulative,Synthetic,Portfolio,Auto,2023-10,18,522716.71132303245
Exposure,month,cumulative,Synthetic,Portfolio,Auto,2023-10,18,10366.325677132778
Earned Premium,month,cumulative,Synthetic,Portfolio,Auto,2023-10,18,832482.5429403924
Claims Reported,month,cumulative,Synthetic,Portfolio,Auto,2023-10,19,45.67579034205294
Loss Incurred,month,cumulative,Synthetic,Portfolio,Auto,2023-10,19,528227.0555823741
Exposure,month,cumulative,Synthetic,Portfolio,Auto,2023-10,19,10338.160912231611
Earned Premium,month,cumulative,Synthetic,Portfolio,Auto,2023-10,19,830592.009858711
Claims Reported,month,cumulative,Synthetic,Portfolio,Auto,2023-10,20,45.77105680019699
Loss Incurred,month,cumulative,Synthetic,Portfolio,Auto,2023-10,20,532599.6541394009
Exposure,month,cumulative,Synthetic,Portfolio,Auto,2023-10,20,10312.004089805465
Earned Premium,month,cumulative,Synthetic,Portfolio,Auto,2023-10,20,828816.3981934476
Claims Reported,month,cumulative,Synthetic,Portfolio,Auto,2023-10,21,45.83842898081908
Loss Incurred,month,cumulative,Synthetic,Portfolio,Auto,2023-10,21,536055.505906578
Exposure,month,cumulative,Synthetic,Portfolio,Auto,2023-10,21,10287.712058189585
Earned Premium,month,cumulative,Synthetic,Portfolio,Auto,2023-10,21,827148.722120297
Claims Reported,month,cumulative,Synthetic,Portfolio,Auto,2023-10,22,45.886024605303255
Loss Incurred,month,cumulative,Synthetic,Portfolio,Auto,2023-10,22,538778.1481499095
Exposure,month,cumulative,Synthetic,Portfolio,Auto,2023-10,22,10265.15187138964
Earned Premium,month,cumulative,Synthetic,Portfolio,Auto,2023-10,22,825582.4204681019
Claims Reported,month,cumulative,Synthetic,Portfolio,Auto,2023-10,23,45.91962408561973
Loss Incurred,month,cumulative,Synthetic,Portfolio,Auto,2023-10,23,540917.7770316905
Exposure,month,cumulative,Synthetic,Portfolio,Auto,2023-10,23,10244.20006149179
Earned Premium,month,cumulative,Synthetic,Portfolio,Auto,2023-10,23,824111.3309051064
Claims Reported,month,cumulative,Synthetic,Portfolio,Auto,2023-10,24,45.94333080917685
Loss Incurred,month,cumulative,Synthetic,Portfolio,Auto,2023-10,24,542595.9293962835
Exposure,month,cumulative,Synthetic,Portfolio,Auto,2023-10,24,10224.741962944632
Earned Premium,month,cumulative,Synthetic,Portfolio,Auto,2023-10,24,822729.6656943717
Claims Reported,month,cumulative,Synthetic,Portfolio,Auto,2023-10,25,45.960051362609406
Loss Incurred,month,cumulative,Synthetic,Portfolio,Auto,2023-10,25,543910.1057305672
Exposure,month,cumulative,Synthetic,Portfolio,Auto,2023-10,25,10206.671085014907
Earned Premium,month,cumulative,Synthetic,Portfolio,Auto,2023-10,25,821431.9889229673
Claims Reported,month,cumulative,Synthetic,Portfolio,Auto,2023-10,26,45.971841449397616
Loss Incurred,month,cumulative,Synthetic,Portfolio,Auto,2023-10,26,544938.0050721505
Exposure,month,cumulative,Synthetic,Portfolio,Auto,2023-10,26,10189.888528982534
Earned Premium,month,cumulative,Synthetic,Portfolio,Auto,2023-10,26,820213.1951153511
Claims Reported,month,cumulative,Synthetic,Portfolio,Auto,2023-11,0,9.737673424789438
Loss Incurred,month,cumulative,Synthetic,Portfolio,Auto,2023-11,0,111456.21822332715
Exposure,month,cumulative,Synthetic,Portfolio,Auto,2023-11,0,11776.704125463419
Earned Premium,month,cumulative,Synthetic,Portfolio,Auto,2023-11,0,895135.0006152017
Claims Reported,month,cumulative,Synthetic,Portfolio,Auto,2023-11,1,12.775727187693592
Loss Incurred,month,cumulative,Synthetic,Portfolio,Auto,2023-11,1,137215.95901001265
Exposure,month,cumulative,Synthetic,Portfolio,Auto,2023-11,1,11656.530834360166
Earned Premium,month,cumulative,Synthetic,Portfolio,Auto,2023-11,1,888592.8081854007
Claims Reported,month,cumulative,Synthetic,Portfolio,Auto,2023-11,2,16.376102010110362
Loss Incurred,month,cumulative,Synthetic,Portfolio,Auto,2023-11,2,167335.779235504
Exposure,month,cumulative,Synthetic,Portfolio,Auto,2023-11,2,11545.75907739405
Earned Premium,month,cumulative,Synthetic,Portfolio,Auto,2023-11,2,882496.8828509748
Claims Reported,month,cumulative,Synthetic,Portfolio,Auto,2023-11,3,20.43413153655645
Loss Incurred,month,cumulative,Synthetic,Portfolio,Auto,2023-11,3,201840.87622587415
Exposure,month,cumulative,Synthetic,Portfolio,Auto,2023-11,3,11443.653343010712
Earned Premium,month,cumulative,Synthetic,Portfolio,Auto,2023-11,3,876816.7830860056
Claims Reported,month,cumulative,Synthetic,Portfolio,Auto,2023-11,4,24.75733279345973
Loss Incurred,month,cumulative,Synthetic,Portfolio,Auto,2023-11,4,240455.89499357968
Exposure,month,cumulative,Synthetic,Portfolio,Auto,2023-11,4,11349.535661035605
Earned Premium,month,cumulative,Synthetic,Portfolio,Auto,2023-11,4,871524.1438934291
Claims Reported,month,cumulative,Synthetic,Portfolio,Auto,2023-11,5,29.09509780875669
Loss Incurred,month,cumulative,Synthetic,Portfolio,Auto,2023-11,5,282555.41469425213
Exposure,month,cumulative,Synthetic,Portfolio,Auto,2023-11,5,11262.78110103106
Earned Premium,month,cumulative,Synthetic,Portfolio,Auto,2023-11,5,866592.5351573367
Claims Reported,month,cumulative,Synthetic,Portfolio,Auto,2023-11,6,33.19347385228292
Loss Incurred,month,cumulative,Synthetic,Portfolio,Auto,2023-11,6,327165.80195714696
Exposure,month,cumulative,Synthetic,Portfolio,Auto,2023-11,6,11182.813622831025
Earned Premium,month,cumulative,Synthetic,Portfolio,Auto,2023-11,6,861997.3296575902
Claims Reported,month,cumulative,Synthetic,Portfolio,Auto,2023-11,7,36.85147455223447
Loss Incurred,month,cumulative,Synthetic,Portfolio,Auto,2023-11,7,373033.4553157233
Exposure,month,cumulative,Synthetic,Portfolio,Auto,2023-11,7,11109.102251701506
Earned Premium,month,cumulative,Synthetic,Portfolio,Auto,2023-11,7,857715.5800876453
Claims Reported,month,cumulative,Synthetic,Portfolio,Auto,2023-11,8,39.95425500663784
Loss Incurred,month,cumulative,Synthetic,Portfolio,Auto,2023-11,8,418755.48585114087
Exposure,month,cumulative,Synthetic,Portfolio,Auto,2023-11,8,11041.15755273023
Earned Premium,month,cumulative,Synthetic,Portfolio,Auto,2023-11,8,853725.9044614441
Claims Reported,month,cumulative,Synthetic,Portfolio,Auto,2023-11,9,42.47436812432255
Loss Incurred,month,cumulative,Synthetic,Portfolio,Auto,2023-11,9,462946.6060256581
Exposure,month,cumulative,Synthetic,Portfolio,Auto,2023-11,9,10978.528381035867
Earned Premium,month,cumulative,Synthetic,Portfolio,Auto,2023-11,9,850008.3793371271
Claims Reported,month,cumulative,Synthetic,Portfolio,Auto,2023-11,10,44.45009364337352
Loss Incurred,month,cumulative,Synthetic,Portfolio,Auto,2023-11,10,504401.64987515775
Exposure,month,cumulative,Synthetic,Portfolio,Auto,2023-11,10,10920.798886218618
Earned Premium,month,cumulative,Synthetic,Portfolio,Auto,2023-11,10,846544.4403243491
Claims Reported,month,cumulative,Synthetic,Portfolio,Auto,2023-11,11,45.956505093031566
Loss Incurred,month,cumulative,Synthetic,Portfolio,Auto,2023-11,11,542214.9275335898
Exposure,month,cumulative,Synthetic,Portfolio,Auto,2023-11,11,10867.585751162022
Earned Premium,month,cumulative,Synthetic,Portfolio,Auto,2023-11,11,843316.7893783584
Claims Reported,month,cumulative,Synthetic,Portfolio,Auto,2023-11,12,47.08088341091987
Loss Incurred,month,cumulative,Synthetic,Portfolio,Auto,2023-11,12,575834.4753094489
Exposure,month,cumulative,Synthetic,Portfolio,Auto,2023-11,12,10818.535646851988
Earned Premium,month,cumulative,Synthetic,Portfolio,Auto,2023-11,12,840309.3084178898
Claims Reported,month,cumulative,Synthetic,Portfolio,Auto,2023-11,13,47.90684523013068
Loss Incurred,month,cumulative,Synthetic,Portfolio,Auto,2023-11,13,605051.7213561315
Exposure,month,cumulative,Synthetic,Portfolio,Auto,2023-11,13,10773.322886313332
Earned Premium,month,cumulative,Synthetic,Portfolio,Auto,2023-11,13,837506.9788354989
Claims Reported,month,cumulative,Synthetic,Portfolio,Auto,2023-11,14,48.506515304288286
Loss Incurred,month,cumulative,Synthetic,Portfolio,Auto,2023-11,14,629944.31536823
Exposure,month,cumulative,Synthetic,Portfolio,Auto,2023-11,14,10731.647262086215
Earned Premium,month,cumulative,Synthetic,Portfolio,Auto,2023-11,14,834895.806498395
Claims Reported,month,cumulative,Synthetic,Portfolio,Auto,2023-11,15,48.93819305496452
Loss Incurred,month,cumulative,Synthetic,Portfolio,Auto,2023-11,15,650796.3850036521
Exposure,month,cumulative,Synthetic,Portfolio,Auto,2023-11,15,10693.232052883606
Earned Premium,month,cumulative,Synthetic,Portfolio,Auto,2023-11,15,832462.7518652423
Claims Reported,month,cumulative,Synthetic,Portfolio,Auto,2023-11,16,49.247035235813144
Loss Incurred,month,cumulative,Synthetic,Portfolio,Auto,2023-11,16,668017.4982862378
Exposure,month,cumulative,Synthetic,Portfolio,Auto,2023-11,16,10657.822186194195
Earned Premium,month,cumulative,Synthetic,Portfolio,Auto,2023-11,16,830195.6648699535
Claims Reported,month,cumulative,Synthetic,Portfolio,Auto,2023-11,17,49.4670244555839
Loss Incurred,month,cumulative,Synthetic,Portfolio,Auto,2023-11,17,682073.891483124
Exposure,month,cumulative,Synthetic,Portfolio,Auto,2023-11,17,10625.182544630648
Earned Premium,month,cumulative,Synthetic,Portfolio,Auto,2023-11,17,828083.2242473
Claims Reported,month,cumulative,Synthetic,Portfolio,Auto,2023-11,18,49.623232462545744
Loss Incurred,month,cumulative,Synthetic,Portfolio,Auto,2023-11,18,693437.5930592321
Exposure,month,cumulative,Synthetic,Portfolio,Auto,2023-11,18,10595.09640477756
Earned Premium,month,cumulative,Synthetic,Portfolio,Auto,2023-11,18,826114.8809973452
Claims Reported,month,cumulative,Synthetic,Portfolio,Auto,2023-11,19,49.73390426656247
Loss Incurred,month,cumulative,Synthetic,Portfolio,Auto,2023-11,19,702553.3786230799
Exposure,month,cumulative,Synthetic,Portfolio,Auto,2023-11,19,10567.36399817324
Earned Premium,month,cumulative,Synthetic,Portfolio,Auto,2023-11,19,824280.8057063787
Claims Reported,month,cumulative,Synthetic,Portfolio,Auto,2023-11,20,49.81219033960405
Loss Incurred,month,cumulative,Synthetic,Portfolio,Auto,2023-11,20,709820.4868420565
Exposure,month,cumulative,Synthetic,Portfolio,Auto,2023-11,20,10541.801184870406
Earned Premium,month,cumulative,Synthetic,Portfolio,Auto,2023-11,20,822571.8394612835
Claims Reported,month,cumulative,Synthetic,Portfolio,Auto,2023-11,21,49.86750580018032
Loss Incurred,month,cumulative,Synthetic,Portfolio,Auto,2023-11,21,715585.0973344439
Exposure,month,cumulative,Synthetic,Portfolio,Auto,2023-11,21,10518.238230768411
Earned Premium,month,cumulative,Synthetic,Portfolio,Auto,2023-11,21,820979.4481122153
Claims Reported,month,cumulative,Synthetic,Portfolio,Auto,2023-11,22,49.906559794516475
Loss Incurred,month,cumulative,Synthetic,Portfolio,Auto,2023-11,22,720139.8485523437
Exposure,month,cumulative,Synthetic,Portfolio,Auto,2023-11,22,10496.518680598589
Earned Premium,month,cumulative,Synthetic,Portfolio,Auto,2023-11,22,819495.6796551935
Claims Reported,month,cumulative,Synthetic,Portfolio,Auto,2023-11,23,49.93411744082078
Loss Incurred,month,cumulative,Synthetic,Portfolio,Auto,2023-11,23,723727.45504156
Exposure,month,cumulative,Synthetic,Portfolio,Auto,2023-11,23,10476.498319079506
Earned Premium,month,cumulative,Synthetic,Portfolio,Auto,2023-11,23,818113.1245217829
Claims Reported,month,cumulative,Synthetic,Portfolio,Auto,2023-11,24,49.95355527274275
Loss Incurred,month,cumulative,Synthetic,Portfolio,Auto,2023-11,24,726546.34198402
Exposure,month,cumulative,Synthetic,Portfolio,Auto,2023-11,24,10458.044213344312
Earned Premium,month,cumulative,Synthetic,Portfolio,Auto,2023-11,24,816824.8785775629
Claims Reported,month,cumulative,Synthetic,Portfolio,Auto,2023-11,25,49.96726197338489
Loss Incurred,month,cumulative,Synthetic,Portfolio,Auto,2023-11,25,728756.9497872085
Exposure,month,cumulative,Synthetic,Portfolio,Auto,2023-11,25,10441.033830281993
Earned Premium,month,cumulative,Synthetic,Portfolio,Auto,2023-11,25,815624.5086446073
Claims Reported,month,cumulative,Synthetic,Portfolio,Auto,2023-12,0,7.932162174522238
Loss Incurred,month,cumulative,Synthetic,Portfolio,Auto,2023-12,0,43220.15115300343
Exposure,month,cumulative,Synthetic,Portfolio,Auto,2023-12,0,11666.297479515624
Earned Premium,month,cumulative,Synthetic,Portfolio,Auto,2023-12,0,919829.8237511133
Claims Reported,month,cumulative,Synthetic,Portfolio,Auto,2023-12,1,10.350819200361881
Loss Incurred,month,cumulative,Synthetic,Portfolio,Auto,2023-12,1,54324.34931723228
Exposure,month,cumulative,Synthetic,Portfolio,Auto,2023-12,1,11549.314663010744
Earned Premium,month,cumulative,Synthetic,Portfolio,Auto,2023-12,1,915449.5108598019
Claims Reported,month,cumulative,Synthetic,Portfolio,Auto,2023-12,2,13.18360566846247
Loss Incurred,month,cumulative,Synthetic,Portfolio,Auto,2023-12,2,67913.15187078626
Exposure,month,cumulative,Synthetic,Portfolio,Auto,2023-12,2,11441.325117529315
Earned Premium,month,cumulative,Synthetic,Portfolio,Auto,2023-12,2,911263.8861361094
Claims Reported,month,cumulative,Synthetic,Portfolio,Auto,2023-12,3,16.333673608874687
Loss Incurred,month,cumulative,Synthetic,Portfolio,Auto,2023-12,3,84344.34050617796
Exposure,month,cumulative,Synthetic,Portfolio,Auto,2023-12,3,11341.637468678777
Earned Premium,month,cumulative,Synthetic,Portfolio,Auto,2023-12,3,907264.296435032
Claims Reported,month,cumulative,Synthetic,Portfolio,Auto,2023-12,4,19.640717845455587
Loss Incurred,month,cumulative,Synthetic,Portfolio,Auto,2023-12,4,103926.89959857594
Exposure,month,cumulative,Synthetic,Portfolio,Auto,2023-12,4,11249.613492755507
Earned Premium,month,cumulative,Synthetic,Portfolio,Auto,2023-12,4,903442.4732107912
Claims Reported,month,cumulative,Synthetic,Portfolio,Auto,2023-12,5,22.909348079504653
Loss Incurred,month,cumulative,Synthetic,Portfolio,Auto,2023-12,5,126866.5637548515
Exposure,month,cumulative,Synthetic,Portfolio,Auto,2023-12,5,11164.664030687003
Earned Premium,month,cumulative,Synthetic,Portfolio,Auto,2023-12,5,899790.5154228682
Claims Reported,month,cumulative,Synthetic,Portfolio,Auto,2023-12,6,25.952983731699334
Loss Incurred,month,cumulative,Synthetic,Portfolio,Auto,2023-12,6,153202.6870028328
Exposure,month,cumulative,Synthetic,Portfolio,Auto,2023-12,6,11086.24521609737
Earned Premium,month,cumulative,Synthetic,Portfolio,Auto,2023-12,6,896300.8732017995
Claims Reported,month,cumulative,Synthetic,Portfolio,Auto,2023-12,7,28.633723724458612
Loss Incurred,month,cumulative,Synthetic,Portfolio,Auto,2023-12,7,182747.60123744354
Exposure,month,cumulative,Synthetic,Portfolio,Auto,2023-12,7,11013.854993347231
Earned Premium,month,cumulative,Synthetic,Portfolio,Auto,2023-12,7,892966.3322409657
Claims Reported,month,cumulative,Synthetic,Portfolio,Auto,2023-12,8,30.881553778975057
Loss Incurred,month,cumulative,Synthetic,Portfolio,Auto,2023-12,8,215045.3968101974
Exposure,month,cumulative,Synthetic,Portfolio,Auto,2023-12,8,10947.02990325581
Earned Premium,month,cumulative,Synthetic,Portfolio,Auto,2023-12,8,889779.9988821055
Claims Reported,month,cumulative,Synthetic,Portfolio,Auto,2023-12,9,32.6899642820904
Loss Incurred,month,cumulative,Synthetic,Portfolio,Auto,2023-12,9,249368.74036475687
Exposure,month,cumulative,Synthetic,Portfolio,Auto,2023-12,9,10885.342115926578
Earned Premium,month,cumulative,Synthetic,Portfolio,Auto,2023-12,9,886735.2858637213
Claims Reported,month,cumulative,Synthetic,Portfolio,Auto,2023-12,10,34.097019789254695
Loss Incurred,month,cumulative,Synthetic,Portfolio,Auto,2023-12,10,284766.40113561525
Exposure,month,cumulative,Synthetic,Portfolio,Auto,2023-12,10,10828.396691679922
Earned Premium,month,cumulative,Synthetic,Portfolio,Auto,2023-12,10,883825.8987029148
Claims Reported,month,cumulative,Synthetic,Portfolio,Auto,2023-12,11,35.163583601281545
Loss Incurred,month,cumulative,Synthetic,Portfolio,Auto,2023-12,11,320160.1170737575
Exposure,month,cumulative,Synthetic,Portfolio,Auto,2023-12,11,10775.82905255673
Earned Premium,month,cumulative,Synthetic,Portfolio,Auto,2023-12,11,881045.8226824962
Claims Reported,month,cumulative,Synthetic,Portfolio,Auto,2023-12,12,35.95615910875542
Loss Incurred,month,cumulative,Synthetic,Portfolio,Auto,2023-12,12,354472.10305199516
Exposure,month,cumulative,Synthetic,Portfolio,Auto,2023-12,12,10727.302648204784
Earned Premium,month,cumulative,Synthetic,Portfolio,Auto,2023-12,12,878389.3104164683
Claims Reported,month,cumulative,Synthetic,Portfolio,Auto,2023-12,13,36.53648400439756
Loss Incurred,month,cumulative,Synthetic,Portfolio,Auto,2023-12,13,386752.4406632888
Exposure,month,cumulative,Synthetic,Portfolio,Auto,2023-12,13,10682.506801204503
Earned Premium,month,cumulative,Synthetic,Portfolio,Auto,2023-12,13,875850.8699681767
Claims Reported,month,cumulative,Synthetic,Portfolio,Auto,2023-12,14,36.95681300212876
Loss Incurred,month,cumulative,Synthetic,Portfolio,Auto,2023-12,14,416275.637382173
Exposure,month,cumulative,Synthetic,Portfolio,Auto,2023-12,14,10641.154718039246
Earned Premium,month,cumulative,Synthetic,Portfolio,Auto,2023-12,14,873425.253496562
Claims Reported,month,cumulative,Synthetic,Portfolio,Auto,2023-12,15,37.25887021697138
Loss Incurred,month,cumulative,Synthetic,Portfolio,Auto,2023-12,15,442587.77362714655
Exposure,month,cumulative,Synthetic,Portfolio,Auto,2023-12,15,10602.981652975966
Earned Premium,month,cumulative,Synthetic,Portfolio,Auto,2023-12,15,871107.4464070448
Claims Reported,month,cumulative,Synthetic,Portfolio,Auto,2023-12,16,37.47470920893436
Loss Incurred,month,cumulative,Synthetic,Portfolio,Auto,2023-12,16,465502.99038059125
Exposure,month,cumulative,Synthetic,Portfolio,Auto,2023-12,16,10567.743213100957
Earned Premium,month,cumulative,Synthetic,Portfolio,Auto,2023-12,16,868892.6569846094
Claims Reported,month,cumulative,Synthetic,Portfolio,Auto,2023-12,17,37.62831653963033
Loss Incurred,month,cumulative,Synthetic,Portfolio,Auto,2023-12,17,485062.06238840136
Exposure,month,cumulative,Synthetic,Portfolio,Auto,2023-12,17,10535.213793659103
Earned Premium,month,cumulative,Synthetic,Portfolio,Auto,2023-12,17,866776.3064876609
Claims Reported,month,cumulative,Synthetic,Portfolio,Auto,2023-12,18,37.737320345241294
Loss Incurred,month,cumulative,Synthetic,Portfolio,Auto,2023-12,18,501471.68393495464
Exposure,month,cumulative,Synthetic,Portfolio,Auto,2023-12,18,10505.185133679335
Earned Premium,month,cumulative,Synthetic,Portfolio,Auto,2023-12,18,864754.0196821685
Claims Reported,month,cumulative,Synthetic,Portfolio,Auto,2023-12,19,37.814514128778015
Loss Incurred,month,cumulative,Synthetic,Portfolio,Auto,2023-12,19,515041.3683898783
Exposure,month,cumulative,Synthetic,Portfolio,Auto,2023-12,19,10477.464982639065
Earned Premium,month,cumulative,Synthetic,Portfolio,Auto,2023-12,19,862821.6157965338
Claims Reported,month,cumulative,Synthetic,Portfolio,Auto,2023-12,20,37.86910162853698
Loss Incurred,month,cumulative,Synthetic,Portfolio,Auto,2023-12,20,526129.0825634318
Exposure,month,cumulative,Synthetic,Portfolio,Auto,2023-12,20,10451.875869631256
Earned Premium,month,cumulative,Synthetic,Portfolio,Auto,2023-12,20,860975.0998784779
Claims Reported,month,cumulative,Synthetic,Portfolio,Auto,2023-12,21,37.90766354656325
Loss Incurred,month,cumulative,Synthetic,Portfolio,Auto,2023-12,21,535100.5121916513
Exposure,month,cumulative,Synthetic,Portfolio,Auto,2023-12,21,10428.253967154058
Earned Premium,month,cumulative,Synthetic,Portfolio,Auto,2023-12,21,859210.654536083
Claims Reported,month,cumulative,Synthetic,Portfolio,Auto,2023-12,22,37.93488487568058
Loss Incurred,month,cumulative,Synthetic,Portfolio,Auto,2023-12,22,542302.2470742139
Exposure,month,cumulative,Synthetic,Portfolio,Auto,2023-12,22,10406.448042248729
Earned Premium,month,cumulative,Synthetic,Portfolio,Auto,2023-12,22,857524.6320459133
Claims Reported,month,cumulative,Synthetic,Portfolio,Auto,2023-12,23,37.954090915898554
Loss Incurred,month,cumulative,Synthetic,Portfolio,Auto,2023-12,23,548046.6603619898
Exposure,month,cumulative,Synthetic,Portfolio,Auto,2023-12,23,10386.318488270772
Earned Premium,month,cumulative,Synthetic,Portfolio,Auto,2023-12,23,855913.5468118985
Claims Reported,month,cumulative,Synthetic,Portfolio,Auto,2023-12,24,37.96763686882568
Loss Incurred,month,cumulative,Synthetic,Portfolio,Auto,2023-12,24,552605.4104675875
Exposure,month,cumulative,Synthetic,Portfolio,Auto,2023-12,24,10367.736431095453
Earned Premium,month,cumulative,Synthetic,Portfolio,Auto,2023-12,24,854374.068159393
Claims Reported,month,cumulative,Synthetic,Portfolio,Auto,2024-01,0,21.969693794871898
Loss Incurred,month,cumulative,Synthetic,Portfolio,Auto,2024-01,0,161379.78282636084
Exposure,month,cumulative,Synthetic,Portfolio,Auto,2024-01,0,12772.865413569174
Earned Premium,month,cumulative,Synthetic,Portfolio,Auto,2024-01,0,1015533.8805072467
Claims Reported,month,cumulative,Synthetic,Portfolio,Auto,2024-01,1,28.523825484449976
Loss Incurred,month,cumulative,Synthetic,Portfolio,Auto,2024-01,1,200418.94727865042
Exposure,month,cumulative,Synthetic,Portfolio,Auto,2024-01,1,12630.773154631519
Earned Premium,month,cumulative,Synthetic,Portfolio,Auto,2024-01,1,1007590.5332383465
Claims Reported,month,cumulative,Synthetic,Portfolio,Auto,2024-01,2,36.11647707995252
Loss Incurred,month,cumulative,Synthetic,Portfolio,Auto,2024-01,2,246942.59709311783
Exposure,month,cumulative,Synthetic,Portfolio,Auto,2024-01,2,12500.799680741025
Earned Premium,month,cumulative,Synthetic,Portfolio,Auto,2024-01,2,1000227.0810956362
Claims Reported,month,cumulative,Synthetic,Portfolio,Auto,2024-01,3,44.45533371262022
Loss Incurred,month,cumulative,Synthetic,Portfolio,Auto,2024-01,3,301437.925375542
Exposure,month,cumulative,Synthetic,Portfolio,Auto,2024-01,3,12381.91140321301
Earned Premium,month,cumulative,Synthetic,Portfolio,Auto,2024-01,3,993401.1894881694
Claims Reported,month,cumulative,Synthetic,Portfolio,Auto,2024-01,4,53.09392410648905
Loss Incurred,month,cumulative,Synthetic,Portfolio,Auto,2024-01,4,363996.500724046
Exposure,month,cumulative,Synthetic,Portfolio,Auto,2024-01,4,12273.162886223403
Earned Premium,month,cumulative,Synthetic,Portfolio,Auto,2024-01,4,987073.6144141583
Claims Reported,month,cumulative,Synthetic,Portfolio,Auto,2024-01,5,61.51790730618225
Loss Incurred,month,cumulative,Synthetic,Portfolio,Auto,2024-01,5,434170.3884065453
Exposure,month,cumulative,Synthetic,Portfolio,Auto,2024-01,5,12173.68932841488
Earned Premium,month,cumulative,Synthetic,Portfolio,Auto,2024-01,5,981207.976835992
Claims Reported,month,cumulative,Synthetic,Portfolio,Auto,2024-01,6,69.26188123142242
Loss Incurred,month,cumulative,Synthetic,Portfolio,Auto,2024-01,6,510874.5602332964
Exposure,month,cumulative,Synthetic,Portfolio,Auto,2024-01,6,12082.699685732841
Earned Premium,month,cumulative,Synthetic,Portfolio,Auto,2024-01,6,975770.5535267516
Claims Reported,month,cumulative,Synthetic,Portfolio,Auto,2024-01,7,76.00398825382936
Loss Incurred,month,cumulative,Synthetic,Portfolio,Auto,2024-01,7,592379.7730407448
Exposure,month,cumulative,Synthetic,Portfolio,Auto,2024-01,7,11999.470380801968
Earned Premium,month,cumulative,Synthetic,Portfolio,Auto,2024-01,7,970730.0831857399
Claims Reported,month,cumulative,Synthetic,Portfolio,Auto,2024-01,8,81.60151963023623
Loss Incurred,month,cumulative,Synthetic,Portfolio,Auto,2024-01,8,676425.90255334
Exposure,month,cumulative,Synthetic,Portfolio,Auto,2024-01,8,11923.339548818338
Earned Premium,month,cumulative,Synthetic,Portfolio,Auto,2024-01,8,966057.586708329
Claims Reported,month,cumulative,Synthetic,Portfolio,Auto,2024-01,9,86.06836196420977
Loss Incurred,month,cumulative,Synthetic,Portfolio,Auto,2024-01,9,760452.324022232
Exposure,month,cumulative,Synthetic,Portfolio,Auto,2024-01,9,11853.70177419877
Earned Premium,month,cumulative,Synthetic,Portfolio,Auto,2024-01,9,961726.2005768047
Claims Reported,month,cumulative,Synthetic,Portfolio,Auto,2024-01,10,89.52160519472528
Loss Incurred,month,cumulative,Synthetic,Portfolio,Auto,2024-01,10,841900.7953565014
Exposure,month,cumulative,Synthetic,Portfolio,Auto,2024-01,10,11790.00327613154
Earned Premium,month,cumulative,Synthetic,Portfolio,Auto,2024-01,10,957711.0224143254
Claims Reported,month,cumulative,Synthetic,Portfolio,Auto,2024-01,11,92.12634535371429
Loss Incurred,month,cumulative,Synthetic,Portfolio,Auto,2024-01,11,918517.7487045116
Exposure,month,cumulative,Synthetic,Portfolio,Auto,2024-01,11,11731.737504742565
Earned Premium,month,cumulative,Synthetic,Portfolio,Auto,2024-01,11,953988.9678140406
Claims Reported,month,cumulative,Synthetic,Portfolio,Auto,2024-01,12,94.05482271754789
Loss Incurred,month,cumulative,Synthetic,Portfolio,Auto,2024-01,12,988583.1375288677
Exposure,month,cumulative,Synthetic,Portfolio,Auto,2024-01,12,11678.441112856379
Earned Premium,month,cumulative,Synthetic,Portfolio,Auto,2024-01,12,950538.6376202374
Claims Reported,month,cumulative,Synthetic,Portfolio,Auto,2024-01,13,95.46301770026932
Loss Incurred,month,cumulative,Synthetic,Portfolio,Auto,2024-01,13,1051021.875839363
Exposure,month,cumulative,Synthetic,Portfolio,Auto,2024-01,13,11629.690271318164
Earned Premium,month,cumulative,Synthetic,Portfolio,Auto,2024-01,13,947340.1948984785
Claims Reported,month,cumulative,Synthetic,Portfolio,Auto,2024-01,14,96.48095315257481
Loss Incurred,month,cumulative,Synthetic,Portfolio,Auto,2024-01,14,1105395.066949245
Exposure,month,cumulative,Synthetic,Portfolio,Auto,2024-01,14,11585.097298575105
Earned Premium,month,cumulative,Synthetic,Portfolio,Auto,2024-01,14,944375.2508873965
Claims Reported,month,cumulative,Synthetic,Portfolio,Auto,2024-01,15,97.21141794875169
Loss Incurred,month,cumulative,Synthetic,Portfolio,Auto,2024-01,15,1151801.377245329
Exposure,month,cumulative,Synthetic,Portfolio,Auto,2024-01,15,11544.3075777145
Earned Premium,month,cumulative,Synthetic,Portfolio,Auto,2024-01,15,941626.7592764486
Claims Reported,month,cumulative,Synthetic,Portfolio,Auto,2024-01,16,97.73284695486372
Loss Incurred,month,cumulative,Synthetic,Portfolio,Auto,2024-01,16,1190732.794304987
Exposure,month,cumulative,Synthetic,Portfolio,Auto,2024-01,16,11506.996736441984
Earned Premium,month,cumulative,Synthetic,Portfolio,Auto,2024-01,16,939078.9182018061
Claims Reported,month,cumulative,Synthetic,Portfolio,Auto,2024-01,17,98.10366432469925
Loss Incurred,month,cumulative,Synthetic,Portfolio,Auto,2024-01,17,1222924.8543750024
Exposure,month,cumulative,Synthetic,Portfolio,Auto,2024-01,17,11472.86806757415
Earned Premium,month,cumulative,Synthetic,Portfolio,Auto,2024-01,17,936717.0793969218
Claims Reported,month,cumulative,Synthetic,Portfolio,Auto,2024-01,18,98.36666957495102
Loss Incurred,month,cumulative,Synthetic,Portfolio,Auto,2024-01,18,1249227.6816677474
Exposure,month,cumulative,Synthetic,Portfolio,Auto,2024-01,18,11441.650169532591
Earned Premium,month,cumulative,Synthetic,Portfolio,Auto,2024-01,18,934527.6639754593
Claims Reported,month,cumulative,Synthetic,Portfolio,Auto,2024-01,19,98.55285484952674
Loss Incurred,month,cumulative,Synthetic,Portfolio,Auto,2024-01,19,1270509.4116100015
Exposure,month,cumulative,Synthetic,Portfolio,Auto,2024-01,19,11413.094788075809
Earned Premium,month,cumulative,Synthetic,Portfolio,Auto,2024-01,19,932498.084362395
Claims Reported,month,cumulative,Synthetic,Portfolio,Auto,2024-01,20,98.68448129576902
Loss Incurred,month,cumulative,Synthetic,Portfolio,Auto,2024-01,20,1287592.6498304359
Exposure,month,cumulative,Synthetic,Portfolio,Auto,2024-01,20,11386.97484210581
Earned Premium,month,cumulative,Synthetic,Portfolio,Auto,2024-01,20,930616.6719244508
Claims Reported,month,cumulative,Synthetic,Portfolio,Auto,2024-01,21,98.77744826667842
Loss Incurred,month,cumulative,Synthetic,Portfolio,Auto,2024-01,21,1301218.6683672809
Exposure,month,cumulative,Synthetic,Portfolio,Auto,2024-01,21,11363.082617850005
Earned Premium,month,cumulative,Synthetic,Portfolio,Auto,2024-01,21,928872.6098837868
Claims Reported,month,cumulative,Synthetic,Portfolio,Auto,2024-01,22,98.84306626209133
Loss Incurred,month,cumulative,Synthetic,Portfolio,Auto,2024-01,22,1312032.0444623553
Exposure,month,cumulative,Synthetic,Portfolio,Auto,2024-01,22,11341.228117057952
Earned Premium,month,cumulative,Synthetic,Portfolio,Auto,2024-01,22,927255.8711292535
Claims Reported,month,cumulative,Synthetic,Portfolio,Auto,2024-01,23,98.8893588701117
Loss Incurred,month,cumulative,Synthetic,Portfolio,Auto,2024-01,23,1320578.8087421905
Exposure,month,cumulative,Synthetic,Portfolio,Auto,2024-01,23,11321.23754607736
Earned Premium,month,cumulative,Synthetic,Portfolio,Auto,2024-01,23,925757.1605676644
Claims Reported,month,cumulative,Synthetic,Portfolio,Auto,2024-02,0,4.722867169668527
Loss Incurred,month,cumulative,Synthetic,Portfolio,Auto,2024-02,0,25928.84779564554
Exposure,month,cumulative,Synthetic,Portfolio,Auto,2024-02,0,13003.699647658957
Earned Premium,month,cumulative,Synthetic,Portfolio,Auto,2024-02,0,1106760.334359368
Claims Reported,month,cumulative,Synthetic,Portfolio,Auto,2024-02,1,6.259602949116472
Loss Incurred,month,cumulative,Synthetic,Portfolio,Auto,2024-02,1,32430.114217831255
Exposure,month,cumulative,Synthetic,Portfolio,Auto,2024-02,1,12880.64547155808
Earned Premium,month,cumulative,Synthetic,Portfolio,Auto,2024-02,1,1096621.7980319688
Claims Reported,month,cumulative,Synthetic,Portfolio,Auto,2024-02,2,8.121894911944679
Loss Incurred,month,cumulative,Synthetic,Portfolio,Auto,2024-02,2,40299.49879464939
Exposure,month,cumulative,Synthetic,Portfolio,Auto,2024-02,2,12766.518846982835
Earned Premium,month,cumulative,Synthetic,Portfolio,Auto,2024-02,2,1087350.0912667264
Claims Reported,month,cumulative,Synthetic,Portfolio,Auto,2024-02,3,10.276345957911207
Loss Incurred,month,cumulative,Synthetic,Portfolio,Auto,2024-02,3,49689.97054128674
Exposure,month,cumulative,Synthetic,Portfolio,Auto,2024-02,3,12660.67208217039
Earned Premium,month,cumulative,Synthetic,Portfolio,Auto,2024-02,3,1078871.1014436763
Claims Reported,month,cumulative,Synthetic,Portfolio,Auto,2024-02,4,12.638924902381678
Loss Incurred,month,cumulative,Synthetic,Portfolio,Auto,2024-02,4,60706.64068181863
Exposure,month,cumulative,Synthetic,Portfolio,Auto,2024-02,4,12562.504475242918
Earned Premium,month,cumulative,Synthetic,Portfolio,Auto,2024-02,4,1071117.052460063
Claims Reported,month,cumulative,Synthetic,Portfolio,Auto,2024-02,5,15.082447543549655
Loss Incurred,month,cumulative,Synthetic,Portfolio,Auto,2024-02,5,73376.25972886971
Exposure,month,cumulative,Synthetic,Portfolio,Auto,2024-02,5,12471.458905102516
Earned Premium,month,cumulative,Synthetic,Portfolio,Auto,2024-02,5,1064025.9629676777
Claims Reported,month,cumulative,Synthetic,Portfolio,Auto,2024-02,6,17.461377574673712
Loss Incurred,month,cumulative,Synthetic,Portfolio,Auto,2024-02,6,87617.37386586932
Exposure,month,cumulative,Synthetic,Portfolio,Auto,2024-02,6,12387.018669655856
Earned Premium,month,cumulative,Synthetic,Portfolio,Auto,2024-02,6,1057541.1509300852
Claims Reported,month,cumulative,Synthetic,Portfolio,Auto,2024-02,7,19.644894017967758
Loss Incurred,month,cumulative,Synthetic,Portfolio,Auto,2024-02,7,103219.19285907282
Exposure,month,cumulative,Synthetic,Portfolio,Auto,2024-02,7,12308.704553424917
Earned Premium,month,cumulative,Synthetic,Portfolio,Auto,2024-02,7,1051610.7805394614
Claims Reported,month,cumulative,Synthetic,Portfolio,Auto,2024-02,8,21.54329055782655
Loss Incurred,month,cumulative,Synthetic,Portfolio,Auto,2024-02,8,119838.27043204369
Exposure,month,cumulative,Synthetic,Portfolio,Auto,2024-02,8,12236.07210790187
Earned Premium,month,cumulative,Synthetic,Portfolio,Auto,2024-02,8,1046187.4478713577
Claims Reported,month,cumulative,Synthetic,Portfolio,Auto,2024-02,9,23.11754873035136
Loss Incurred,month,cumulative,Synthetic,Portfolio,Auto,2024-02,9,137019.54403382962
Exposure,month,cumulative,Synthetic,Portfolio,Auto,2024-02,9,12168.70912921356
Earned Premium,month,cumulative,Synthetic,Portfolio,Auto,2024-02,9,1041227.8019653577
Claims Reported,month,cumulative,Synthetic,Portfolio,Auto,2024-02,10,24.372603785832872
Loss Incurred,month,cumulative,Synthetic,Portfolio,Auto,2024-02,10,154241.72170173225
Exposure,month,cumulative,Synthetic,Portfolio,Auto,2024-02,10,12106.233318780854
Earned Premium,month,cumulative,Synthetic,Portfolio,Auto,2024-02,10,1036692.1983027667
Claims Reported,month,cumulative,Synthetic,Portfolio,Auto,2024-02,11,25.342133447808543
Loss Incurred,month,cumulative,Synthetic,Portfolio,Auto,2024-02,11,170978.56690343024
Exposure,month,cumulative,Synthetic,Portfolio,Auto,2024-02,11,12048.290113696597
Earned Premium,month,cumulative,Synthetic,Portfolio,Auto,2024-02,11,1032544.3819114341
Claims Reported,month,cumulative,Synthetic,Portfolio,Auto,2024-02,12,26.07301561933656
Loss Incurred,month,cumulative,Synthetic,Portfolio,Auto,2024-02,12,186761.41077806707
Exposure,month,cumulative,Synthetic,Portfolio,Auto,2024-02,12,11994.550674509124
Earned Premium,month,cumulative,Synthetic,Portfolio,Auto,2024-02,12,1028751.1975646396
Claims Reported,month,cumulative,Synthetic,Portfolio,Auto,2024-02,13,26.613906618821098
Loss Incurred,month,cumulative,Synthetic,Portfolio,Auto,2024-02,13,201227.72106918608
Exposure,month,cumulative,Synthetic,Portfolio,Auto,2024-02,13,11944.71001899163
Earned Premium,month,cumulative,Synthetic,Portfolio,Auto,2024-02,13,1025282.324757532
Claims Reported,month,cumulative,Synthetic,Portfolio,Auto,2024-02,14,27.008745427350306
Loss Incurred,month,cumulative,Synthetic,Portfolio,Auto,2024-02,14,214146.07340472357
Exposure,month,cumulative,Synthetic,Portfolio,Auto,2024-02,14,11898.485291306108
Earned Premium,month,cumulative,Synthetic,Portfolio,Auto,2024-02,14,1022110.0353426875
Claims Reported,month,cumulative,Synthetic,Portfolio,Auto,2024-02,15,27.294094739501
Loss Incurred,month,cumulative,Synthetic,Portfolio,Auto,2024-02,15,225416.2553412912
Exposure,month,cumulative,Synthetic,Portfolio,Auto,2024-02,15,11855.614156739053
Earned Premium,month,cumulative,Synthetic,Portfolio,Auto,2024-02,15,1019208.9718874594
Claims Reported,month,cumulative,Synthetic,Portfolio,Auto,2024-02,16,27.498825687769955
Loss Incurred,month,cumulative,Synthetic,Portfolio,Auto,2024-02,16,235050.2848635819
Exposure,month,cumulative,Synthetic,Portfolio,Auto,2024-02,16,11815.853312898713
Earned Premium,month,cumulative,Synthetic,Portfolio,Auto,2024-02,16,1016555.9449814409
Claims Reported,month,cumulative,Synthetic,Portfolio,Auto,2024-02,17,27.644951712705495
Loss Incurred,month,cumulative,Synthetic,Portfolio,Auto,2024-02,17,243143.32073223047
Exposure,month,cumulative,Synthetic,Portfolio,Auto,2024-02,17,11778.977108924602
Earned Premium,month,cumulative,Synthetic,Portfolio,Auto,2024-02,17,1014129.7478738342
Claims Reported,month,cumulative,Synthetic,Portfolio,Auto,2024-02,18,27.74886127594732
Loss Incurred,month,cumulative,Synthetic,Portfolio,Auto,2024-02,18,249842.84523610843
Exposure,month,cumulative,Synthetic,Portfolio,Auto,2024-02,18,11744.776264873093
Earned Premium,month,cumulative,Synthetic,Portfolio,Auto,2024-02,18,1011910.9869590446
Claims Reported,month,cumulative,Synthetic,Portfolio,Auto,2024-02,19,27.822555530968334
Loss Incurred,month,cumulative,Synthetic,Portfolio,Auto,2024-02,19,255321.7767730869
Exposure,month,cumulative,Synthetic,Portfolio,Auto,2024-02,19,11713.056684011217
Earned Premium,month,cumulative,Synthetic,Portfolio,Auto,2024-02,19,1009881.9267555006
Claims Reported,month,cumulative,Synthetic,Portfolio,Auto,2024-02,20,27.874722541716913
Loss Incurred,month,cumulative,Synthetic,Portfolio,Auto,2024-02,20,259758.1130338119
Exposure,month,cumulative,Synthetic,Portfolio,Auto,2024-02,20,11683.638351278325
Earned Premium,month,cumulative,Synthetic,Portfolio,Auto,2024-02,20,1008026.3481385516
Claims Reported,month,cumulative,Synthetic,Portfolio,Auto,2024-02,21,27.911601668019603
Loss Incurred,month,cumulative,Synthetic,Portfolio,Auto,2024-02,21,263321.38614829315
Exposure,month,cumulative,Synthetic,Portfolio,Auto,2024-02,21,11656.354311664065
Earned Premium,month,cumulative,Synthetic,Portfolio,Auto,2024-02,21,1006329.4186942382
Claims Reported,month,cumulative,Synthetic,Portfolio,Auto,2024-02,22,27.937648616592785
Loss Incurred,month,cumulative,Synthetic,Portfolio,Auto,2024-02,22,266164.9119439901
Exposure,month,cumulative,Synthetic,Portfolio,Auto,2024-02,22,11631.049722704807
Earned Premium,month,cumulative,Synthetic,Portfolio,Auto,2024-02,22,1004777.57415762
Claims Reported,month,cumulative,Synthetic,Portfolio,Auto,2024-03,0,4.637441006027301
Loss Incurred,month,cumulative,Synthetic,Portfolio,Auto,2024-03,0,33797.92775032388
Exposure,month,cumulative,Synthetic,Portfolio,Auto,2024-03,0,13547.24787872538
Earned Premium,month,cumulative,Synthetic,Portfolio,Auto,2024-03,0,1131621.2684875848
Claims Reported,month,cumulative,Synthetic,Portfolio,Auto,2024-03,1,6.106172372068029
Loss Incurred,month,cumulative,Synthetic,Portfolio,Auto,2024-03,1,41944.52299983363
Exposure,month,cumulative,Synthetic,Portfolio,Auto,2024-03,1,13423.584197962677
Earned Premium,month,cumulative,Synthetic,Portfolio,Auto,2024-03,1,1125278.4725976898
Claims Reported,month,cumulative,Synthetic,Portfolio,Auto,2024-03,2,7.860501935920226
Loss Incurred,month,cumulative,Synthetic,Portfolio,Auto,2024-03,2,51638.06251110794
Exposure,month,cumulative,Synthetic,Portfolio,Auto,2024-03,2,13308.574974542247
Earned Premium,month,cumulative,Synthetic,Portfolio,Auto,2024-03,2,1119267.4925732245
Claims Reported,month,cumulative,Synthetic,Portfolio,Auto,2024-03,3,9.855933387371426
Loss Incurred,month,cumulative,Synthetic,Portfolio,Auto,2024-03,3,62972.00567286163
Exposure,month,cumulative,Synthetic,Portfolio,Auto,2024-03,3,13201.614536439552
Earned Premium,month,cumulative,Synthetic,Portfolio,Auto,2024-03,3,1113570.9698596231
Claims Reported,month,cumulative,Synthetic,Portfolio,Auto,2024-03,4,12.00316710253999
Loss Incurred,month,cumulative,Synthetic,Portfolio,Auto,2024-03,4,75955.68409974978
Exposure,month,cumulative,Synthetic,Portfolio,Auto,2024-03,4,13102.139598874784
Earned Premium,month,cumulative,Synthetic,Portfolio,Auto,2024-03,4,1108172.4539945729
Claims Reported,month,cumulative,Synthetic,Portfolio,Auto,2024-03,5,14.180175447091614
Loss Incurred,month,cumulative,Synthetic,Portfolio,Auto,2024-03,5,90485.31997594227
Exposure,month,cumulative,Synthetic,Portfolio,Auto,2024-03,5,13009.626297891346
Earned Premium,month,cumulative,Synthetic,Portfolio,Auto,2024-03,5,1103056.3551022413
Claims Reported,month,cumulative,Synthetic,Portfolio,Auto,2024-03,6,16.258106520154204
Loss Incurred,month,cumulative,Synthetic,Portfolio,Auto,2024-03,6,106325.42076562527
Exposure,month,cumulative,Synthetic,Portfolio,Auto,2024-03,6,12923.587431535892
Earned Premium,month,cumulative,Synthetic,Portfolio,Auto,2024-03,6,1098207.8988727117
Claims Reported,month,cumulative,Synthetic,Portfolio,Auto,2024-03,7,18.13030349256556
Loss Incurred,month,cumulative,Synthetic,Portfolio,Auto,2024-03,7,123109.5107425826
Exposure,month,cumulative,Synthetic,Portfolio,Auto,2024-03,7,12843.569894111119
Earned Premium,month,cumulative,Synthetic,Portfolio,Auto,2024-03,7,1093613.0838966174
Claims Reported,month,cumulative,Synthetic,Portfolio,Auto,2024-03,8,19.731475816714052
Loss Incurred,month,cumulative,Synthetic,Portfolio,Auto,2024-03,8,140365.843571462
Exposure,month,cumulative,Synthetic,Portfolio,Auto,2024-03,8,12769.152289989363
Earned Premium,month,cumulative,Synthetic,Portfolio,Auto,2024-03,8,1089258.6412317634
Claims Reported,month,cumulative,Synthetic,Portfolio,Auto,2024-03,9,21.04094464941172
Loss Incurred,month,cumulative,Synthetic,Portfolio,Auto,2024-03,9,157566.59557622432
Exposure,month,cumulative,Synthetic,Portfolio,Auto,2024-03,9,12699.942714420644
Earned Premium,month,cumulative,Synthetic,Portfolio,Auto,2024-03,9,1085131.996084973
Claims Reported,month,cumulative,Synthetic,Portfolio,Auto,2024-03,10,22.07322663925132
Loss Incurred,month,cumulative,Synthetic,Portfolio,Auto,2024-03,10,174190.661070211
Exposure,month,cumulative,Synthetic,Portfolio,Auto,2024-03,10,12635.576689648266
Earned Premium,month,cumulative,Synthetic,Portfolio,Auto,2024-03,10,1081221.231498502
Claims Reported,month,cumulative,Synthetic,Portfolio,Auto,2024-03,11,22.86367986908245
Loss Incurred,month,cumulative,Synthetic,Portfolio,Auto,2024-03,11,189784.78030431064
Exposure,month,cumulative,Synthetic,Portfolio,Auto,2024-03,11,12575.715245462914
Earned Premium,month,cumulative,Synthetic,Portfolio,Auto,2024-03,11,1077515.0539361564
Claims Reported,month,cumulative,Synthetic,Portfolio,Auto,2024-03,12,23.45558702961212
Loss Incurred,month,cumulative,Synthetic,Portfolio,Auto,2024-03,12,204008.40988132133
Exposure,month,cumulative,Synthetic,Portfolio,Auto,2024-03,12,12520.043134086955
Earned Premium,month,cumulative,Synthetic,Portfolio,Auto,2024-03,12,1074002.7606697322
Claims Reported,month,cumulative,Synthetic,Portfolio,Auto,2024-03,13,23.89144686035049
Loss Incurred,month,cumulative,Synthetic,Portfolio,Auto,2024-03,13,216654.0940766251
Exposure,month,cumulative,Synthetic,Portfolio,Auto,2024-03,13,12468.267169987916
Earned Premium,month,cumulative,Synthetic,Portfolio,Auto,2024-03,13,1070674.208871593
Claims Reported,month,cumulative,Synthetic,Portfolio,Auto,2024-03,14,24.208450658748188
Loss Incurred,month,cumulative,Synthetic,Portfolio,Auto,2024-03,14,227643.544647635
Exposure,month,cumulative,Synthetic,Portfolio,Auto,2024-03,14,12420.114685878203
Earned Premium,month,cumulative,Synthetic,Portfolio,Auto,2024-03,14,1067519.7863241339
Claims Reported,month,cumulative,Synthetic,Portfolio,Auto,2024-03,15,24.436939905996717
Loss Incurred,month,cumulative,Synthetic,Portfolio,Auto,2024-03,15,237006.11312681157
Exposure,month,cumulative,Synthetic,Portfolio,Auto,2024-03,15,12375.332096769853
Earned Premium,month,cumulative,Synthetic,Portfolio,Auto,2024-03,15,1064530.3836615465
Claims Reported,month,cumulative,Synthetic,Portfolio,Auto,2024-03,16,24.600561539201088
Loss Incurred,month,cumulative,Synthetic,Portfolio,Auto,2024-03,16,244848.78417012337
Exposure,month,cumulative,Synthetic,Portfolio,Auto,2024-03,16,12333.683564522209
Earned Premium,month,cumulative,Synthetic,Portfolio,Auto,2024-03,16,1061697.3680637209
Claims Reported,month,cumulative,Synthetic,Portfolio,Auto,2024-03,17,24.717186056839044
Loss Incurred,month,cumulative,Synthetic,Portfolio,Auto,2024-03,17,251325.69201343204
Exposure,month,cumulative,Synthetic,Portfolio,Auto,2024-03,17,12294.94975584969
Earned Premium,month,cumulative,Synthetic,Portfolio,Auto,2024-03,17,1059012.5583263212
Claims Reported,month,cumulative,Synthetic,Portfolio,Auto,2024-03,18,24.80003635750233
Loss Incurred,month,cumulative,Synthetic,Portfolio,Auto,2024-03,18,256612.2565855886
Exposure,month,cumulative,Synthetic,Portfolio,Auto,2024-03,18,12258.926687248893
Earned Premium,month,cumulative,Synthetic,Portfolio,Auto,2024-03,18,1056468.2012350403
Claims Reported,month,cumulative,Synthetic,Portfolio,Auto,2024-03,19,24.858754371284704
Loss Incurred,month,cumulative,Synthetic,Portfolio,Auto,2024-03,19,260886.0536565097
Exposure,month,cumulative,Synthetic,Portfolio,Auto,2024-03,19,12225.424650762137
Earned Premium,month,cumulative,Synthetic,Portfolio,Auto,2024-03,19,1054056.9491758083
Claims Reported,month,cumulative,Synthetic,Portfolio,Auto,2024-03,20,24.900299541426847
Loss Incurred,month,cumulative,Synthetic,Portfolio,Auto,2024-03,20,264314.39212873153
Exposure,month,cumulative,Synthetic,Portfolio,Auto,2024-03,20,12194.267214920177
Earned Premium,month,cumulative,Synthetic,Portfolio,Auto,2024-03,20,1051771.8389162954
Claims Reported,month,cumulative,Synthetic,Portfolio,Auto,2024-03,21,24.929659433563682
Loss Incurred,month,cumulative,Synthetic,Portfolio,Auto,2024-03,21,267047.4424717253
Exposure,month,cumulative,Synthetic,Portfolio,Auto,2024-03,21,12165.29029560276
Earned Premium,month,cumulative,Synthetic,Portfolio,Auto,2024-03,21,1049606.271497436
Claims Reported,month,cumulative,Synthetic,Portfolio,Auto,2024-04,0,9.949695289931576
Loss Incurred,month,cumulative,Synthetic,Portfolio,Auto,2024-04,0,88050.966842232
Exposure,month,cumulative,Synthetic,Portfolio,Auto,2024-04,0,14118.82558094678
Earned Premium,month,cumulative,Synthetic,Portfolio,Auto,2024-04,0,1113914.228040884
Claims Reported,month,cumulative,Synthetic,Portfolio,Auto,2024-04,1,13.30354850522838
Loss Incurred,month,cumulative,Synthetic,Portfolio,Auto,2024-04,1,109661.16882571806
Exposure,month,cumulative,Synthetic,Portfolio,Auto,2024-04,1,13993.83360856292
Earned Premium,month,cumulative,Synthetic,Portfolio,Auto,2024-04,1,1106214.6159170247
Claims Reported,month,cumulative,Synthetic,Portfolio,Auto,2024-04,2,17.448122575639466
Loss Incurred,month,cumulative,Synthetic,Portfolio,Auto,2024-04,2,135574.93099574483
Exposure,month,cumulative,Synthetic,Portfolio,Auto,2024-04,2,13877.325081222682
Earned Premium,month,cumulative,Synthetic,Portfolio,Auto,2024-04,2,1099011.7364590007
Claims Reported,month,cumulative,Synthetic,Portfolio,Auto,2024-04,3,22.35614093053764
Loss Incurred,month,cumulative,Synthetic,Portfolio,Auto,2024-04,3,166153.1819316189
Exposure,month,cumulative,Synthetic,Portfolio,Auto,2024-04,3,13768.724211229981
Earned Premium,month,cumulative,Synthetic,Portfolio,Auto,2024-04,3,1092273.543462752
Claims Reported,month,cumulative,Synthetic,Portfolio,Auto,2024-04,4,27.883246250493887
Loss Incurred,month,cumulative,Synthetic,Portfolio,Auto,2024-04,4,201557.73309101036
Exposure,month,cumulative,Synthetic,Portfolio,Auto,2024-04,4,13667.494290704686
Earned Premium,month,cumulative,Synthetic,Portfolio,Auto,2024-04,4,1085970.0581525655
Claims Reported,month,cumulative,Synthetic,Portfolio,Auto,2024-04,5,33.7659471761189
Loss Incurred,month,cumulative,Synthetic,Portfolio,Auto,2024-04,5,241661.401381197
Exposure,month,cumulative,Synthetic,Portfolio,Auto,2024-04,5,13573.135039160508
Earned Premium,month,cumulative,Synthetic,Portfolio,Auto,2024-04,5,1080073.235803034
Claims Reported,month,cumulative,Synthetic,Portfolio,Auto,2024-04,6,39.66269550306161
Loss Incurred,month,cumulative,Synthetic,Portfolio,Auto,2024-04,6,285975.24907009007
Exposure,month,cumulative,Synthetic,Portfolio,Auto,2024-04,6,13485.18013110788
Earned Premium,month,cumulative,Synthetic,Portfolio,Auto,2024-04,6,1074556.840965762
Claims Reported,month,cumulative,Synthetic,Portfolio,Auto,2024-04,7,45.2287166508296
Loss Incurred,month,cumulative,Synthetic,Portfolio,Auto,2024-04,7,333619.43273476436
Exposure,month,cumulative,Synthetic,Portfolio,Auto,2024-04,7,13403.194891463156
Earned Premium,month,cumulative,Synthetic,Portfolio,Auto,2024-04,7,1069396.330745694
Claims Reported,month,cumulative,Synthetic,Portfolio,Auto,2024-04,8,50.19231694160938
Loss Incurred,month,cumulative,Synthetic,Portfolio,Auto,2024-04,8,383360.5113345753
Exposure,month,cumulative,Synthetic,Portfolio,Auto,2024-04,8,13326.77414737482
Earned Premium,month,cumulative,Synthetic,Portfolio,Auto,2024-04,8,1064568.7456077535
Claims Reported,month,cumulative,Synthetic,Portfolio,Auto,2024-04,9,54.39932116480705
Loss Incurred,month,cumulative,Synthetic,Portfolio,Auto,2024-04,9,433722.4107609
Exposure,month,cumulative,Synthetic,Portfolio,Auto,2024-04,9,13255.540225850375
Earned Premium,month,cumulative,Synthetic,Portfolio,Auto,2024-04,9,1060052.60722798
Claims Reported,month,cumulative,Synthetic,Portfolio,Auto,2024-04,10,57.81413195409233
Loss Incurred,month,cumulative,Synthetic,Portfolio,Auto,2024-04,10,483154.267696748
Exposure,month,cumulative,Synthetic,Portfolio,Auto,2024-04,10,13189.14108728814
Earned Premium,month,cumulative,Synthetic,Portfolio,Auto,2024-04,10,1055827.8229346953
Claims Reported,month,cumulative,Synthetic,Portfolio,Auto,2024-04,11,60.48992900513996
Loss Incurred,month,cumulative,Synthetic,Portfolio,Auto,2024-04,11,530216.7565253079
Exposure,month,cumulative,Synthetic,Portfolio,Auto,2024-04,11,13127.248585689813
Earned Premium,month,cumulative,Synthetic,Portfolio,Auto,2024-04,11,1051875.5963145536
Claims Reported,month,cumulative,Synthetic,Portfolio,Auto,2024-04,12,62.52931660818154
Loss Incurred,month,cumulative,Synthetic,Portfolio,Auto,2024-04,12,573741.0113778206
Exposure,month,cumulative,Synthetic,Portfolio,Auto,2024-04,12,13069.556846955753
Earned Premium,month,cumulative,Synthetic,Portfolio,Auto,2024-04,12,1048178.3435857496
Claims Reported,month,cumulative,Synthetic,Portfolio,Auto,2024-04,13,64.05105471829233
Loss Incurred,month,cumulative,Synthetic,Portfolio,Auto,2024-04,13,612925.2862199313
Exposure,month,cumulative,Synthetic,Portfolio,Auto,2024-04,13,13015.780757248483
Earned Premium,month,cumulative,Synthetic,Portfolio,Auto,2024-04,13,1044719.6153663237
Claims Reported,month,cumulative,Synthetic,Portfolio,Auto,2024-04,14,65.16866919490845
Loss Incurred,month,cumulative,Synthetic,Portfolio,Auto,2024-04,14,647357.6286784131
Exposure,month,cumulative,Synthetic,Portfolio,Auto,2024-04,14,12965.654553953851
Earned Premium,month,cumulative,Synthetic,Portfolio,Auto,2024-04,14,1041484.0234895083
Claims Reported,month,cumulative,Synthetic,Portfolio,Auto,2024-04,15,65.97995651699814
Loss Incurred,month,cumulative,Synthetic,Portfolio,Auto,2024-04,15,676975.8223462121
Exposure,month,cumulative,Synthetic,Portfolio,Auto,2024-04,15,12918.930512276362
Earned Premium,month,cumulative,Synthetic,Portfolio,Auto,2024-04,15,1038457.1725405046
Claims Reported,month,cumulative,Synthetic,Portfolio,Auto,2024-04,16,66.56390096560288
Loss Incurred,month,cumulative,Synthetic,Portfolio,Auto,2024-04,16,701989.126439327
Exposure,month,cumulative,Synthetic,Portfolio,Auto,2024-04,16,12875.377720977815
Earned Premium,month,cumulative,Synthetic,Portfolio,Auto,2024-04,16,1035625.595810098
Claims Reported,month,cumulative,Synthetic,Portfolio,Auto,2024-04,17,66.98164692900544
Loss Incurred,month,cumulative,Synthetic,Portfolio,Auto,2024-04,17,722787.7733153007
Exposure,month,cumulative,Synthetic,Portfolio,Auto,2024-04,17,12834.780941208895
Earned Premium,month,cumulative,Synthetic,Portfolio,Auto,2024-04,17,1032976.6953801577
Claims Reported,month,cumulative,Synthetic,Portfolio,Auto,2024-04,18,67.27919092261487
Loss Incurred,month,cumulative,Synthetic,Portfolio,Auto,2024-04,18,739859.6159377599
Exposure,month,cumulative,Synthetic,Portfolio,Auto,2024-04,18,12796.939542794065
Earned Premium,month,cumulative,Synthetic,Portfolio,Auto,2024-04,18,1030498.6860744624
Claims Reported,month,cumulative,Synthetic,Portfolio,Auto,2024-04,19,67.49045938996302
Loss Incurred,month,cumulative,Synthetic,Portfolio,Auto,2024-04,19,753724.2518691979
Exposure,month,cumulative,Synthetic,Portfolio,Auto,2024-04,19,12761.666512712847
Earned Premium,month,cumulative,Synthetic,Portfolio,Auto,2024-04,19,1028180.54302548
Claims Reported,month,cumulative,Synthetic,Portfolio,Auto,2024-04,20,67.64013647894545
Loss Incurred,month,cumulative,Synthetic,Portfolio,Auto,2024-04,20,764887.3046861633
Exposure,month,cumulative,Synthetic,Portfolio,Auto,2024-04,20,12728.78753087736
Earned Premium,month,cumulative,Synthetic,Portfolio,Auto,2024-04,20,1026011.9526238241
Claims Reported,month,cumulative,Synthetic,Portfolio,Auto,2024-05,0,16.519745453208092
Loss Incurred,month,cumulative,Synthetic,Portfolio,Auto,2024-05,0,87314.18624035579
Exposure,month,cumulative,Synthetic,Portfolio,Auto,2024-05,0,12873.125859124424
Earned Premium,month,cumulative,Synthetic,Portfolio,Auto,2024-05,0,1058741.9632685285
Claims Reported,month,cumulative,Synthetic,Portfolio,Auto,2024-05,1,21.3050610898534
Loss Incurred,month,cumulative,Synthetic,Portfolio,Auto,2024-05,1,109112.13524909018
Exposure,month,cumulative,Synthetic,Portfolio,Auto,2024-05,1,12716.48804488575
Earned Premium,month,cumulative,Synthetic,Portfolio,Auto,2024-05,1,1053583.6940869102
Claims Reported,month,cumulative,Synthetic,Portfolio,Auto,2024-05,2,26.769481873782965
Loss Incurred,month,cumulative,Synthetic,Portfolio,Auto,2024-05,2,135446.661205234
Exposure,month,cumulative,Synthetic,Portfolio,Auto,2024-05,2,12574.46243692635
Earned Premium,month,cumulative,Synthetic,Portfolio,Auto,2024-05,2,1048659.9852836935
Claims Reported,month,cumulative,Synthetic,Portfolio,Auto,2024-05,3,32.675263436631255
Loss Incurred,month,cumulative,Synthetic,Portfolio,Auto,2024-05,3,166799.20705559044
Exposure,month,cumulative,Synthetic,Portfolio,Auto,2024-05,3,12445.6859124691
Earned Premium,month,cumulative,Synthetic,Portfolio,Auto,2024-05,3,1043960.1707673696
Claims Reported,month,cumulative,Synthetic,Portfolio,Auto,2024-05,4,38.6902700073742
Loss Incurred,month,cumulative,Synthetic,Portfolio,Auto,2024-05,4,203481.43227893606
Exposure,month,cumulative,Synthetic,Portfolio,Auto,2024-05,4,12328.922509801396
Earned Premium,month,cumulative,Synthetic,Portfolio,Auto,2024-05,4,1039474.0694623091
Claims Reported,month,cumulative,Synthetic,Portfolio,Auto,2024-05,5,44.45737344099268
Loss Incurred,month,cumulative,Synthetic,Portfolio,Auto,2024-05,5,245534.84020794707
Exposure,month,cumulative,Synthetic,Portfolio,Auto,2024-05,5,12223.051565854104
Earned Premium,month,cumulative,Synthetic,Portfolio,Auto,2024-05,5,1035191.9632537846
Claims Reported,month,cumulative,Synthetic,Portfolio,Auto,2024-05,6,49.67523888714477
Loss Incurred,month,cumulative,Synthetic,Portfolio,Auto,2024-05,6,292635.86303229455
Exposure,month,cumulative,Synthetic,Portfolio,Auto,2024-05,6,12127.056960385224
Earned Premium,month,cumulative,Synthetic,Portfolio,Auto,2024-05,6,1031104.575935892
Claims Reported,month,cumulative,Synthetic,Portfolio,Auto,2024-05,7,54.15420965671518
Loss Incurred,month,cumulative,Synthetic,Portfolio,Auto,2024-05,7,344033.6633089552
Exposure,month,cumulative,Synthetic,Portfolio,Auto,2024-05,7,12040.017363536876
Earned Premium,month,cumulative,Synthetic,Portfolio,Auto,2024-05,7,1027203.0531167686
Claims Reported,month,cumulative,Synthetic,Portfolio,Auto,2024-05,8,57.82853298676323
Loss Incurred,month,cumulative,Synthetic,Portfolio,Auto,2024-05,8,398549.92900519964
Exposure,month,cumulative,Synthetic,Portfolio,Auto,2024-05,8,11961.097393164388
Earned Premium,month,cumulative,Synthetic,Portfolio,Auto,2024-05,8,1023478.9430375727
Claims Reported,month,cumulative,Synthetic,Portfolio,Auto,2024-05,9,60.73230028772386
Loss Incurred,month,cumulative,Synthetic,Portfolio,Auto,2024-05,9,454659.6268942477
Exposure,month,cumulative,Synthetic,Portfolio,Auto,2024-05,9,11889.539597067902
Earned Premium,month,cumulative,Synthetic,Portfolio,Auto,2024-05,9,1019924.1782636775
Claims Reported,month,cumulative,Synthetic,Portfolio,Auto,2024-05,10,62.96013101525047
Loss Incurred,month,cumulative,Synthetic,Portfolio,Auto,2024-05,10,510648.77624083153
Exposure,month,cumulative,Synthetic,Portfolio,Auto,2024-05,10,11824.6571831742
Earned Premium,month,cumulative,Synthetic,Portfolio,Auto,2024-05,10,1016531.0582084147
Claims Reported,month,cumulative,Synthetic,Portfolio,Auto,2024-05,11,64.63083361279568
Loss Incurred,month,cumulative,Synthetic,Portfolio,Auto,2024-05,11,564817.9688175141
Exposure,month,cumulative,Synthetic,Portfolio,Auto,2024-05,11,11765.827427895025
Earned Premium,month,cumulative,Synthetic,Portfolio,Auto,2024-05,11,1013292.2324515107
Claims Reported,month,cumulative,Synthetic,Portfolio,Auto,2024-05,12,65.86242942151122
Loss Incurred,month,cumulative,Synthetic,Portfolio,Auto,2024-05,12,615682.2714516701
Exposure,month,cumulative,Synthetic,Portfolio,Auto,2024-05,12,11712.4856993971
Earned Premium,month,cumulative,Synthetic,Portfolio,Auto,2024-05,12,1010200.6848160787
Claims Reported,month,cumulative,Synthetic,Portfolio,Auto,2024-05,13,66.75889687681733
Loss Incurred,month,cumulative,Synthetic,Portfolio,Auto,2024-05,13,662119.621362478
Exposure,month,cumulative,Synthetic,Portfolio,Auto,2024-05,13,11664.12003842089
Earned Premium,month,cumulative,Synthetic,Portfolio,Auto,2024-05,13,1007249.7181696723
Claims Reported,month,cumulative,Synthetic,Portfolio,Auto,2024-05,14,67.40542671871083
Loss Incurred,month,cumulative,Synthetic,Portfolio,Auto,2024-05,14,703439.9925527748
Exposure,month,cumulative,Synthetic,Portfolio,Auto,2024-05,14,11620.266244636214
Earned Premium,month,cumulative,Synthetic,Portfolio,Auto,2024-05,14,1004432.939916477
Claims Reported,month,cumulative,Synthetic,Portfolio,Auto,2024-05,15,67.86860187591027
Loss Incurred,month,cumulative,Synthetic,Portfolio,Auto,2024-05,15,739375.1007556479
Exposure,month,cumulative,Synthetic,Portfolio,Auto,2024-05,15,11580.503421375006
Earned Premium,month,cumulative,Synthetic,Portfolio,Auto,2024-05,15,1001744.2481492091
Claims Reported,month,cumulative,Synthetic,Portfolio,Auto,2024-05,16,68.19883778844473
Loss Incurred,month,cumulative,Synthetic,Portfolio,Auto,2024-05,16,770009.8670240171
Exposure,month,cumulative,Synthetic,Portfolio,Auto,2024-05,16,11544.449935980667
Earned Premium,month,cumulative,Synthetic,Portfolio,Auto,2024-05,16,999177.8184307275
Claims Reported,month,cumulative,Synthetic,Portfolio,Auto,2024-05,17,68.43348802983003
Loss Incurred,month,cumulative,Synthetic,Portfolio,Auto,2024-05,17,795685.2809531228
Exposure,month,cumulative,Synthetic,Portfolio,Auto,2024-05,17,11511.75975700266
Earned Premium,month,cumulative,Synthetic,Portfolio,Auto,2024-05,17,996728.0911767181
Claims Reported,month,cumulative,Synthetic,Portfolio,Auto,2024-05,18,68.59981547260686
Loss Incurred,month,cumulative,Synthetic,Portfolio,Auto,2024-05,18,816898.9545999545
Exposure,month,cumulative,Synthetic,Portfolio,Auto,2024-05,18,11482.119133081676
Earned Premium,month,cumulative,Synthetic,Portfolio,Auto,2024-05,18,994389.7596121251
Claims Reported,month,cumulative,Synthetic,Portfolio,Auto,2024-05,19,68.7175108986654
Loss Incurred,month,cumulative,Synthetic,Portfolio,Auto,2024-05,19,834220.3028688426
Exposure,month,cumulative,Synthetic,Portfolio,Auto,2024-05,19,11455.243581650278
Earned Premium,month,cumulative,Synthetic,Portfolio,Auto,2024-05,19,992157.758275232
Claims Reported,month,cumulative,Synthetic,Portfolio,Auto,2024-06,0,22.09868888070831
Loss Incurred,month,cumulative,Synthetic,Portfolio,Auto,2024-06,0,87703.46519017383
Exposure,month,cumulative,Synthetic,Portfolio,Auto,2024-06,0,13372.13330874551
Earned Premium,month,cumulative,Synthetic,Portfolio,Auto,2024-06,0,1065659.7991542679
Claims Reported,month,cumulative,Synthetic,Portfolio,Auto,2024-06,1,28.60052228457549
Loss Incurred,month,cumulative,Synthetic,Portfolio,Auto,2024-06,1,109570.85285436499
Exposure,month,cumulative,Synthetic,Portfolio,Auto,2024-06,1,13224.929620160072
Earned Premium,month,cumulative,Synthetic,Portfolio,Auto,2024-06,1,1056909.9979382665
Claims Reported,month,cumulative,Synthetic,Portfolio,Auto,2024-06,2,36.08133666952919
Loss Incurred,month,cumulative,Synthetic,Portfolio,Auto,2024-06,2,135974.5061212981
Exposure,month,cumulative,Synthetic,Portfolio,Auto,2024-06,2,13090.149411682
Earned Premium,month,cumulative,Synthetic,Portfolio,Auto,2024-06,2,1048830.7210924404
Claims Reported,month,cumulative,Synthetic,Portfolio,Auto,2024-06,3,44.23465711756927
Loss Incurred,month,cumulative,Synthetic,Portfolio,Auto,2024-06,3,167388.30599611416
Exposure,month,cumulative,Synthetic,Portfolio,Auto,2024-06,3,12966.744184734513
Earned Premium,month,cumulative,Synthetic,Portfolio,Auto,2024-06,3,1041370.5842573169
Claims Reported,month,cumulative,Synthetic,Portfolio,Auto,2024-06,4,52.612627394793556
Loss Incurred,month,cumulative,Synthetic,Portfolio,Auto,2024-06,4,204113.18995591937
Exposure,month,cumulative,Synthetic,Portfolio,Auto,2024-06,4,12853.75393037949
Earned Premium,month,cumulative,Synthetic,Portfolio,Auto,2024-06,4,1034482.1408160552
Claims Reported,month,cumulative,Synthetic,Portfolio,Auto,2024-06,5,60.716224475835084
Loss Incurred,month,cumulative,Synthetic,Portfolio,Auto,2024-06,5,246177.0659872233
Exposure,month,cumulative,Synthetic,Portfolio,Auto,2024-06,5,12750.299661099261
Earned Premium,month,cumulative,Synthetic,Portfolio,Auto,2024-06,5,1028121.5801330317
Claims Reported,month,cumulative,Synthetic,Portfolio,Auto,2024-06,6,68.10865180532808
Loss Incurred,month,cumulative,Synthetic,Portfolio,Auto,2024-06,6,293241.1373052221
Exposure,month,cumulative,Synthetic,Portfolio,Auto,2024-06,6,12655.576572870103
Earned Premium,month,cumulative,Synthetic,Portfolio,Auto,2024-06,6,1022248.4489173369
Claims Reported,month,cumulative,Synthetic,Portfolio,Auto,2024-06,7,74.50069275305091
Loss Incurred,month,cumulative,Synthetic,Portfolio,Auto,2024-06,7,344540.02695593983
Exposure,month,cumulative,Synthetic,Portfolio,Auto,2024-06,7,12568.847784332966
Earned Premium,month,cumulative,Synthetic,Portfolio,Auto,2024-06,7,1016825.3939390494
Claims Reported,month,cumulative,Synthetic,Portfolio,Auto,2024-06,8,79.77676348713683
Loss Incurred,month,cumulative,Synthetic,Portfolio,Auto,2024-06,8,398884.6779132534
Exposure,month,cumulative,Synthetic,Portfolio,Auto,2024-06,8,12489.438604356463
Earned Premium,month,cumulative,Synthetic,Portfolio,Auto,2024-06,8,1011817.9244619608
Claims Reported,month,cumulative,Synthetic,Portfolio,Auto,2024-06,9,83.9671759877122
Loss Incurred,month,cumulative,Synthetic,Portfolio,Auto,2024-06,9,454746.1726637815
Exposure,month,cumulative,Synthetic,Portfolio,Auto,2024-06,9,12416.731283397628
Earned Premium,month,cumulative,Synthetic,Portfolio,Auto,2024-06,9,1007194.192881815
Claims Reported,month,cumulative,Synthetic,Portfolio,Auto,2024-06,10,87.19468379804691
Loss Incurred,month,cumulative,Synthetic,Portfolio,Auto,2024-06,10,510415.4220537659
Exposure,month,cumulative,Synthetic,Portfolio,Auto,2024-06,10,12350.160207829596
Earned Premium,month,cumulative,Synthetic,Portfolio,Auto,2024-06,10,1002924.7921749201
Claims Reported,month,cumulative,Synthetic,Portfolio,Auto,2024-06,11,89.62224682072822
Loss Incurred,month,cumulative,Synthetic,Portfolio,Auto,2024-06,11,564206.5726091805
Exposure,month,cumulative,Synthetic,Portfolio,Auto,2024-06,11,12289.207499851353
Earned Premium,month,cumulative,Synthetic,Portfolio,Auto,2024-06,11,998982.5688688993
Claims Reported,month,cumulative,Synthetic,Portfolio,Auto,2024-06,12,91.4157344718319
Loss Incurred,month,cumulative,Synthetic,Portfolio,Auto,2024-06,12,614654.6470936127
Exposure,month,cumulative,Synthetic,Portfolio,Auto,2024-06,12,12233.39898874979
Earned Premium,month,cumulative,Synthetic,Portfolio,Auto,2024-06,12,995342.4503460735
Claims Reported,month,cumulative,Synthetic,Portfolio,Auto,2024-06,13,92.72331499966566
Loss Incurred,month,cumulative,Synthetic,Portfolio,Auto,2024-06,13,660660.2823252433
Exposure,month,cumulative,Synthetic,Portfolio,Auto,2024-06,13,12182.300522173298
Earned Premium,month,cumulative,Synthetic,Portfolio,Auto,2024-06,13,991981.2853811203
Claims Reported,month,cumulative,Synthetic,Portfolio,Auto,2024-06,14,93.66744785297357
Loss Incurred,month,cumulative,Synthetic,Portfolio,Auto,2024-06,14,701555.0751607805
Exposure,month,cumulative,Synthetic,Portfolio,Auto,2024-06,14,12135.514588721011
Earned Premium,month,cumulative,Synthetic,Portfolio,Auto,2024-06,14,988877.6968988257
Claims Reported,month,cumulative,Synthetic,Portfolio,Auto,2024-06,15,94.34439882007928
Loss Incurred,month,cumulative,Synthetic,Portfolio,Auto,2024-06,15,737088.3934451534
Exposure,month,cumulative,Synthetic,Portfolio,Auto,2024-06,15,12092.677225573818
Earned Premium,month,cumulative,Synthetic,Portfolio,Auto,2024-06,15,986011.9460154665
Claims Reported,month,cumulative,Synthetic,Portfolio,Auto,2024-06,16,94.82734535007907
Loss Incurred,month,cumulative,Synthetic,Portfolio,Auto,2024-06,16,767357.3922368027
Exposure,month,cumulative,Synthetic,Portfolio,Auto,2024-06,16,12053.455187110574
Earned Premium,month,cumulative,Synthetic,Portfolio,Auto,2024-06,16,983365.8064991207
Claims Reported,month,cumulative,Synthetic,Portfolio,Auto,2024-06,17,95.17065254632355
Loss Incurred,month,cumulative,Synthetic,Portfolio,Auto,2024-06,17,792709.7926925316
Exposure,month,cumulative,Synthetic,Portfolio,Auto,2024-06,17,12017.543352483257
Earned Premium,month,cumulative,Synthetic,Portfolio,Auto,2024-06,17,980922.4488504761
Claims Reported,month,cumulative,Synthetic,Portfolio,Auto,2024-06,18,95.41407390651958
Loss Incurred,month,cumulative,Synthetic,Portfolio,Auto,2024-06,18,813645.2710770551
Exposure,month,cumulative,Synthetic,Portfolio,Auto,2024-06,18,11984.6623519838
Earned Premium,month,cumulative,Synthetic,Portfolio,Auto,2024-06,18,978666.3332668825
Claims Reported,month,cumulative,Synthetic,Portfolio,Auto,2024-07,0,10.85543943080988
Loss Incurred,month,cumulative,Synthetic,Portfolio,Auto,2024-07,0,114156.44749233071
Exposure,month,cumulative,Synthetic,Portfolio,Auto,2024-07,0,12232.850643582868
Earned Premium,month,cumulative,Synthetic,Portfolio,Auto,2024-07,0,960287.371884617
Claims Reported,month,cumulative,Synthetic,Portfolio,Auto,2024-07,1,14.477019926411803
Loss Incurred,month,cumulative,Synthetic,Portfolio,Auto,2024-07,1,140703.53397655947
Exposure,month,cumulative,Synthetic,Portfolio,Auto,2024-07,1,12129.742811493403
Earned Premium,month,cumulative,Synthetic,Portfolio,Auto,2024-07,1,952753.7708533221
Claims Reported,month,cumulative,Synthetic,Portfolio,Auto,2024-07,2,18.926616642540353
Loss Incurred,month,cumulative,Synthetic,Portfolio,Auto,2024-07,2,171822.2964892716
Exposure,month,cumulative,Synthetic,Portfolio,Auto,2024-07,2,12033.29786289699
Earned Premium,month,cumulative,Synthetic,Portfolio,Auto,2024-07,2,945771.7908237161
Claims Reported,month,cumulative,Synthetic,Portfolio,Auto,2024-07,3,24.15927387883741
Loss Incurred,month,cumulative,Synthetic,Portfolio,Auto,2024-07,3,207575.9797762337
Exposure,month,cumulative,Synthetic,Portfolio,Auto,2024-07,3,11943.085238683405
Earned Premium,month,cumulative,Synthetic,Portfolio,Auto,2024-07,3,939301.0413200833
Claims Reported,month,cumulative,Synthetic,Portfolio,Auto,2024-07,4,30.005023401688145
Loss Incurred,month,cumulative,Synthetic,Portfolio,Auto,2024-07,4,247720.86679024578
Exposure,month,cumulative,Synthetic,Portfolio,Auto,2024-07,4,11858.702202703389
Earned Premium,month,cumulative,Synthetic,Portfolio,Auto,2024-07,4,933304.0893148906
Claims Reported,month,cumulative,Synthetic,Portfolio,Auto,2024-07,5,36.17291555805343
Loss Incurred,month,cumulative,Synthetic,Portfolio,Auto,2024-07,5,291648.6745376688
Exposure,month,cumulative,Synthetic,Portfolio,Auto,2024-07,5,11779.77204383398
Earned Premium,month,cumulative,Synthetic,Portfolio,Auto,2024-07,5,927746.242680216
Claims Reported,month,cumulative,Synthetic,Portfolio,Auto,2024-07,6,42.30043283413051
Loss Incurred,month,cumulative,Synthetic,Portfolio,Auto,2024-07,6,338379.9881825604
Exposure,month,cumulative,Synthetic,Portfolio,Auto,2024-07,6,11705.94239422733
Earned Premium,month,cumulative,Synthetic,Portfolio,Auto,2024-07,6,922595.3494951756
Claims Reported,month,cumulative,Synthetic,Portfolio,Auto,2024-07,7,48.03432698180406
Loss Incurred,month,cumulative,Synthetic,Portfolio,Auto,2024-07,7,386626.5076462244
Exposure,month,cumulative,Synthetic,Portfolio,Auto,2024-07,7,11636.883656235183
Earned Premium,month,cumulative,Synthetic,Portfolio,Auto,2024-07,7,917821.6120483434
Claims Reported,month,cumulative,Synthetic,Portfolio,Auto,2024-07,8,53.10721555412861
Loss Incurred,month,cumulative,Synthetic,Portfolio,Auto,2024-07,8,434921.0587544598
Exposure,month,cumulative,Synthetic,Portfolio,Auto,2024-07,8,11572.287530986361
Earned Premium,month,cumulative,Synthetic,Portfolio,Auto,2024-07,8,913397.4144591811
Claims Reported,month,cumulative,Synthetic,Portfolio,Auto,2024-07,9,57.377344491407705
Loss Incurred,month,cumulative,Synthetic,Portfolio,Auto,2024-07,9,481790.6605412278
Exposure,month,cumulative,Synthetic,Portfolio,Auto,2024-07,9,11511.865642048338
Earned Premium,month,cumulative,Synthetic,Portfolio,Auto,2024-07,9,909297.1629212718
Claims Reported,month,cumulative,Synthetic,Portfolio,Auto,2024-07,10,60.82367601576374
Loss Incurred,month,cumulative,Synthetic,Portfolio,Auto,2024-07,10,525931.0341824084
Exposure,month,cumulative,Synthetic,Portfolio,Auto,2024-07,10,11455.348248028557
Earned Premium,month,cumulative,Synthetic,Portfolio,Auto,2024-07,10,905497.1376431712
Claims Reported,month,cumulative,Synthetic,Portfolio,Auto,2024-07,11,63.51192063783857
Loss Incurred,month,cumulative,Synthetic,Portfolio,Auto,2024-07,11,566340.3515170413
Exposure,month,cumulative,Synthetic,Portfolio,Auto,2024-07,11,11402.483038368138
Earned Premium,month,cumulative,Synthetic,Portfolio,Auto,2024-07,11,901975.3556303619
Claims Reported,month,cumulative,Synthetic,Portfolio,Auto,2024-07,12,65.55360999942121
Loss Incurred,month,cumulative,Synthetic,Portfolio,Auto,2024-07,12,602386.0990040938
Exposure,month,cumulative,Synthetic,Portfolio,Auto,2024-07,12,11353.034006952039
Earned Premium,month,cumulative,Synthetic,Portfolio,Auto,2024-07,12,898711.4435145071
Claims Reported,month,cumulative,Synthetic,Portfolio,Auto,2024-07,13,67.07303514744194
Loss Incurred,month,cumulative,Synthetic,Portfolio,Auto,2024-07,13,633802.5324087474
Exposure,month,cumulative,Synthetic,Portfolio,Auto,2024-07,13,11306.780398507148
Earned Premium,month,cumulative,Synthetic,Portfolio,Auto,2024-07,13,895686.5196943282
Claims Reported,month,cumulative,Synthetic,Portfolio,Auto,2024-07,14,68.18676462026887
Loss Incurred,month,cumulative,Synthetic,Portfolio,Auto,2024-07,14,660635.5978262816
Exposure,month,cumulative,Synthetic,Portfolio,Auto,2024-07,14,11263.515723084669
Earned Premium,month,cumulative,Synthetic,Portfolio,Auto,2024-07,14,892883.0851062958
Claims Reported,month,cumulative,Synthetic,Portfolio,Auto,2024-07,15,68.99407489634116
Loss Incurred,month,cumulative,Synthetic,Portfolio,Auto,2024-07,15,683160.6358583962
Exposure,month,cumulative,Synthetic,Portfolio,Auto,2024-07,15,11223.046834227216
Earned Premium,month,cumulative,Synthetic,Portfolio,Auto,2024-07,15,890284.9219932454
Claims Reported,month,cumulative,Synthetic,Portfolio,Auto,2024-07,16,69.57455557468089
Loss Incurred,month,cumulative,Synthetic,Portfolio,Auto,2024-07,16,701796.129858781
Exposure,month,cumulative,Synthetic,Portfolio,Auto,2024-07,16,11185.193066705226
Earned Premium,month,cumulative,Synthetic,Portfolio,Auto,2024-07,16,887877.0000852997
Claims Reported,month,cumulative,Synthetic,Portfolio,Auto,2024-07,17,69.98951524470348
Loss Incurred,month,cumulative,Synthetic,Portfolio,Auto,2024-07,17,717028.979800863
Exposure,month,cumulative,Synthetic,Portfolio,Auto,2024-07,17,11149.785429973314
Earned Premium,month,cumulative,Synthetic,Portfolio,Auto,2024-07,17,885645.3896503577
Claims Reported,month,cumulative,Synthetic,Portfolio,Auto,2024-08,0,19.29515235277999
Loss Incurred,month,cumulative,Synthetic,Portfolio,Auto,2024-08,0,97913.82461392066
Exposure,month,cumulative,Synthetic,Portfolio,Auto,2024-08,0,11954.688748076174
Earned Premium,month,cumulative,Synthetic,Portfolio,Auto,2024-08,0,923162.3486173967
Claims Reported,month,cumulative,Synthetic,Portfolio,Auto,2024-08,1,25.002645745145742
Loss Incurred,month,cumulative,Synthetic,Portfolio,Auto,2024-08,1,121390.38827864698
Exposure,month,cumulative,Synthetic,Portfolio,Auto,2024-08,1,11864.871778453109
Earned Premium,month,cumulative,Synthetic,Portfolio,Auto,2024-08,1,916605.2573894284
Claims Reported,month,cumulative,Synthetic,Portfolio,Auto,2024-08,2,31.586795597601217
Loss Incurred,month,cumulative,Synthetic,Portfolio,Auto,2024-08,2,149262.3208738158
Exposure,month,cumulative,Synthetic,Portfolio,Auto,2024-08,2,11780.228316582308
Earned Premium,month,cumulative,Synthetic,Portfolio,Auto,2024-08,2,910482.8576586514
Claims Reported,month,cumulative,Synthetic,Portfolio,Auto,2024-08,3,38.783988435783236
Loss Incurred,month,cumulative,Synthetic,Portfolio,Auto,2024-08,3,181765.0239126214
Exposure,month,cumulative,Synthetic,Portfolio,Auto,2024-08,3,11700.460365519819
Earned Premium,month,cumulative,Synthetic,Portfolio,Auto,2024-08,3,904766.3322725872
Claims Reported,month,cumulative,Synthetic,Portfolio,Auto,2024-08,4,46.20256507900934
Loss Incurred,month,cumulative,Synthetic,Portfolio,Auto,2024-08,4,218885.40988654396
Exposure,month,cumulative,Synthetic,Portfolio,Auto,2024-08,4,11625.287093112554
Earned Premium,month,cumulative,Synthetic,Portfolio,Auto,2024-08,4,899428.7744641285
Claims Reported,month,cumulative,Synthetic,Portfolio,Auto,2024-08,5,53.400547090011585
Loss Incurred,month,cumulative,Synthetic,Portfolio,Auto,2024-08,5,260282.9193486783
Exposure,month,cumulative,Synthetic,Portfolio,Auto,2024-08,5,11554.443843296724
Earned Premium,month,cumulative,Synthetic,Portfolio,Auto,2024-08,5,894445.0612057054
Claims Reported,month,cumulative,Synthetic,Portfolio,Auto,2024-08,6,59.986099739055355
Loss Incurred,month,cumulative,Synthetic,Portfolio,Auto,2024-08,6,305243.29273882357
Exposure,month,cumulative,Synthetic,Portfolio,Auto,2024-08,6,11487.68120434603
Earned Premium,month,cumulative,Synthetic,Portfolio,Auto,2024-08,6,889791.7349592297
Claims Reported,month,cumulative,Synthetic,Portfolio,Auto,2024-08,7,65.69533562250366
Loss Incurred,month,cumulative,Synthetic,Portfolio,Auto,2024-08,7,352689.7080800358
Exposure,month,cumulative,Synthetic,Portfolio,Auto,2024-08,7,11424.764130789303
Earned Premium,month,cumulative,Synthetic,Portfolio,Auto,2024-08,7,885446.8932652294
Claims Reported,month,cumulative,Synthetic,Portfolio,Auto,2024-08,8,70.41824357168886
Loss Incurred,month,cumulative,Synthetic,Portfolio,Auto,2024-08,8,401264.9385692643
Exposure,month,cumulative,Synthetic,Portfolio,Auto,2024-08,8,11365.471115906135
Earned Premium,month,cumulative,Synthetic,Portfolio,Auto,2024-08,8,881390.0856514884
Claims Reported,month,cumulative,Synthetic,Portfolio,Auto,2024-08,9,74.17606070453861
Loss Incurred,month,cumulative,Synthetic,Portfolio,Auto,2024-08,9,449477.02924719406
Exposure,month,cumulative,Synthetic,Portfolio,Auto,2024-08,9,11309.593411887277
Earned Premium,month,cumulative,Synthetic,Portfolio,Auto,2024-08,9,877602.2173759575
Claims Reported,month,cumulative,Synthetic,Portfolio,Auto,2024-08,10,77.07445764450348
Loss Incurred,month,cumulative,Synthetic,Portfolio,Auto,2024-08,10,495877.87089771696
Exposure,month,cumulative,Synthetic,Portfolio,Auto,2024-08,10,11256.934294914205
Earned Premium,month,cumulative,Synthetic,Portfolio,Auto,2024-08,10,874065.4595508701
Claims Reported,month,cumulative,Synthetic,Portfolio,Auto,2024-08,11,79.25682418575623
Loss Incurred,month,cumulative,Synthetic,Portfolio,Auto,2024-08,11,539230.9064674536
Exposure,month,cumulative,Synthetic,Portfolio,Auto,2024-08,11,11207.308372570506
Earned Premium,month,cumulative,Synthetic,Portfolio,Auto,2024-08,11,870763.1652250295
Claims Reported,month,cumulative,Synthetic,Portfolio,Auto,2024-08,12,80.87045445617302
Loss Incurred,month,cumulative,Synthetic,Portfolio,Auto,2024-08,12,578628.625502938
Exposure,month,cumulative,Synthetic,Portfolio,Auto,2024-08,12,11160.540931146794
Earned Premium,month,cumulative,Synthetic,Portfolio,Auto,2024-08,12,867679.791029283
Claims Reported,month,cumulative,Synthetic,Portfolio,Auto,2024-08,13,82.04760004514029
Loss Incurred,month,cumulative,Synthetic,Portfolio,Auto,2024-08,13,613539.8820552208
Exposure,month,cumulative,Synthetic,Portfolio,Auto,2024-08,13,11116.467320541182
Earned Premium,month,cumulative,Synthetic,Portfolio,Auto,2024-08,13,864800.8240163788
Claims Reported,month,cumulative,Synthetic,Portfolio,Auto,2024-08,14,82.89791701289285
Loss Incurred,month,cumulative,Synthetic,Portfolio,Auto,2024-08,14,643790.6650560899
Exposure,month,cumulative,Synthetic,Portfolio,Auto,2024-08,14,11074.932374589873
Earned Premium,month,cumulative,Synthetic,Portfolio,Auto,2024-08,14,862112.7133508541
Claims Reported,month,cumulative,Synthetic,Portfolio,Auto,2024-08,15,83.50778927462503
Loss Incurred,month,cumulative,Synthetic,Portfolio,Auto,2024-08,15,669498.7651153596
Exposure,month,cumulative,Synthetic,Portfolio,Auto,2024-08,15,11035.789864786995
Earned Premium,month,cumulative,Synthetic,Portfolio,Auto,2024-08,15,859602.8065274276
Claims Reported,month,cumulative,Synthetic,Portfolio,Auto,2024-08,16,83.94297692363006
Loss Incurred,month,cumulative,Synthetic,Portfolio,Auto,2024-08,16,690988.0632418208
Exposure,month,cumulative,Synthetic,Portfolio,Auto,2024-08,16,10998.901985470517
Earned Premium,month,cumulative,Synthetic,Portfolio,Auto,2024-08,16,857259.2898176893
Claims Reported,month,cumulative,Synthetic,Portfolio,Auto,2024-09,0,9.57805141062099
Loss Incurred,month,cumulative,Synthetic,Portfolio,Auto,2024-09,0,108985.14493623044
Exposure,month,cumulative,Synthetic,Portfolio,Auto,2024-09,0,11797.332695168912
Earned Premium,month,cumulative,Synthetic,Portfolio,Auto,2024-09,0,938546.163294752
Claims Reported,month,cumulative,Synthetic,Portfolio,Auto,2024-09,1,12.739651019998613
Loss Incurred,month,cumulative,Synthetic,Portfolio,Auto,2024-09,1,134962.52526024738
Exposure,month,cumulative,Synthetic,Portfolio,Auto,2024-09,1,11686.593767390466
Earned Premium,month,cumulative,Synthetic,Portfolio,Auto,2024-09,1,934024.505188437
Claims Reported,month,cumulative,Synthetic,Portfolio,Auto,2024-09,2,16.601252959118817
Loss Incurred,month,cumulative,Synthetic,Portfolio,Auto,2024-09,2,165726.84259696418
Exposure,month,cumulative,Synthetic,Portfolio,Auto,2024-09,2,11583.82419845425
Earned Premium,month,cumulative,Synthetic,Portfolio,Auto,2024-09,2,929706.1654338591
Claims Reported,month,cumulative,Synthetic,Portfolio,Auto,2024-09,3,21.11051841161017
Loss Incurred,month,cumulative,Synthetic,Portfolio,Auto,2024-09,3,201497.82113139
Exposure,month,cumulative,Synthetic,Portfolio,Auto,2024-09,3,11488.450471155154
Earned Premium,month,cumulative,Synthetic,Portfolio,Auto,2024-09,3,925582.0017316273
Claims Reported,month,cumulative,Synthetic,Portfolio,Auto,2024-09,4,26.10777611603964
Loss Incurred,month,cumulative,Synthetic,Portfolio,Auto,2024-09,4,242213.61368911664
Exposure,month,cumulative,Synthetic,Portfolio,Auto,2024-09,4,11399.940341618974
Earned Premium,month,cumulative,Synthetic,Portfolio,Auto,2024-09,4,921643.2828698759
Claims Reported,month,cumulative,Synthetic,Portfolio,Auto,2024-09,5,31.33483209309933
Loss Incurred,month,cumulative,Synthetic,Portfolio,Auto,2024-09,5,287449.17513206176
Exposure,month,cumulative,Synthetic,Portfolio,Auto,2024-09,5,11317.79986905525
Earned Premium,month,cumulative,Synthetic,Portfolio,Auto,2024-09,5,917881.6702395331
Claims Reported,month,cumulative,Synthetic,Portfolio,Auto,2024-09,6,36.4819241892586
Loss Incurred,month,cumulative,Synthetic,Portfolio,Auto,2024-09,6,336374.1259311744
Exposure,month,cumulative,Synthetic,Portfolio,Auto,2024-09,6,11241.570659264815
Earned Premium,month,cumulative,Synthetic,Portfolio,Auto,2024-09,6,914289.2001807633
Claims Reported,month,cumulative,Synthetic,Portfolio,Auto,2024-09,7,41.25760773258838
Loss Incurred,month,cumulative,Synthetic,Portfolio,Auto,2024-09,7,387775.68393934384
Exposure,month,cumulative,Synthetic,Portfolio,Auto,2024-09,7,11170.827306519113
Earned Premium,month,cumulative,Synthetic,Portfolio,Auto,2024-09,7,910858.2671232086
Claims Reported,month,cumulative,Synthetic,Portfolio,Auto,2024-09,8,45.45028407288565
Loss Incurred,month,cumulative,Synthetic,Portfolio,Auto,2024-09,8,440158.54533422005
Exposure,month,cumulative,Synthetic,Portfolio,Auto,2024-09,8,11105.175019535409
Earned Premium,month,cumulative,Synthetic,Portfolio,Auto,2024-09,8,907581.6074843382
Claims Reported,month,cumulative,Synthetic,Portfolio,Auto,2024-09,9,48.95611678302148
Loss Incurred,month,cumulative,Synthetic,Portfolio,Auto,2024-09,9,491909.74891351216
Exposure,month,cumulative,Synthetic,Portfolio,Auto,2024-09,9,11044.247418299366
Earned Premium,month,cumulative,Synthetic,Portfolio,Auto,2024-09,9,904452.2842918145
Claims Reported,month,cumulative,Synthetic,Portfolio,Auto,2024-09,10,51.77016179828547
Loss Incurred,month,cumulative,Synthetic,Portfolio,Auto,2024-09,10,541492.4399705526
Exposure,month,cumulative,Synthetic,Portfolio,Auto,2024-09,10,10987.704489439942
Earned Premium,month,cumulative,Synthetic,Portfolio,Auto,2024-09,10,901463.6724973219
Claims Reported,month,cumulative,Synthetic,Portfolio,Auto,2024-09,11,53.95569967925964
Loss Incurred,month,cumulative,Synthetic,Portfolio,Auto,2024-09,11,587620.8218119007
Exposure,month,cumulative,Synthetic,Portfolio,Auto,2024-09,11,10935.230688746296
Earned Premium,month,cumulative,Synthetic,Portfolio,Auto,2024-09,11,898609.4449507646
Claims Reported,month,cumulative,Synthetic,Portfolio,Auto,2024-09,12,55.610056097017775
Loss Incurred,month,cumulative,Synthetic,Portfolio,Auto,2024-09,12,629376.2099240738
Exposure,month,cumulative,Synthetic,Portfolio,Auto,2024-09,12,10886.533180237637
Earned Premium,month,cumulative,Synthetic,Portfolio,Auto,2024-09,12,895883.5590051434
Claims Reported,month,cumulative,Synthetic,Portfolio,Auto,2024-09,13,56.83814144995875
Loss Incurred,month,cumulative,Synthetic,Portfolio,Auto,2024-09,13,666246.5102634598
Exposure,month,cumulative,Synthetic,Portfolio,Auto,2024-09,13,10841.340201958894
Earned Premium,month,cumulative,Synthetic,Portfolio,Auto,2024-09,13,893280.2437237466
Claims Reported,month,cumulative,Synthetic,Portfolio,Auto,2024-09,14,57.73665318879482
Loss Incurred,month,cumulative,Synthetic,Portfolio,Auto,2024-09,14,698096.41516043
Exposure,month,cumulative,Synthetic,Portfolio,Auto,2024-09,14,10799.399549382391
Earned Premium,month,cumulative,Synthetic,Portfolio,Auto,2024-09,14,890793.9876625786
Claims Reported,month,cumulative,Synthetic,Portfolio,Auto,2024-09,15,58.38707869682755
Loss Incurred,month,cumulative,Synthetic,Portfolio,Auto,2024-09,15,725091.9964570062
Exposure,month,cumulative,Synthetic,Portfolio,Auto,2024-09,15,10760.477167951953
Earned Premium,month,cumulative,Synthetic,Portfolio,Auto,2024-09,15,888419.5272021543
Claims Reported,month,cumulative,Synthetic,Portfolio,Auto,2024-10,0,15.342734540982388
Loss Incurred,month,cumulative,Synthetic,Portfolio,Auto,2024-10,0,85369.23338736697
Exposure,month,cumulative,Synthetic,Portfolio,Auto,2024-10,0,11671.382430998921
Earned Premium,month,cumulative,Synthetic,Portfolio,Auto,2024-10,0,950763.456243134
Claims Reported,month,cumulative,Synthetic,Portfolio,Auto,2024-10,1,20.074096957263354
Loss Incurred,month,cumulative,Synthetic,Portfolio,Auto,2024-10,1,106400.47842823675
Exposure,month,cumulative,Synthetic,Portfolio,Auto,2024-10,1,11558.321809533367
Earned Premium,month,cumulative,Synthetic,Portfolio,Auto,2024-10,1,944538.1382001454
Claims Reported,month,cumulative,Synthetic,Portfolio,Auto,2024-10,2,25.64758139531906
Loss Incurred,month,cumulative,Synthetic,Portfolio,Auto,2024-10,2,131661.3467261272
Exposure,month,cumulative,Synthetic,Portfolio,Auto,2024-10,2,11453.657856775517
Earned Premium,month,cumulative,Synthetic,Portfolio,Auto,2024-10,2,938693.2612176164
Claims Reported,month,cumulative,Synthetic,Portfolio,Auto,2024-10,3,31.886236370395796
Loss Incurred,month,cumulative,Synthetic,Portfolio,Auto,2024-10,3,161527.35279444052
Exposure,month,cumulative,Synthetic,Portfolio,Auto,2024-10,3,11356.766977662184
Earned Premium,month,cumulative,Synthetic,Portfolio,Auto,2024-10,3,933205.5758166475
Claims Reported,month,cumulative,Synthetic,Portfolio,Auto,2024-10,4,38.482623841464594
Loss Incurred,month,cumulative,Synthetic,Portfolio,Auto,2024-10,4,196186.15902538778
Exposure,month,cumulative,Synthetic,Portfolio,Auto,2024-10,4,11267.0718896401
Earned Premium,month,cumulative,Synthetic,Portfolio,Auto,2024-10,4,928053.2533383431
Claims Reported,month,cumulative,Synthetic,Portfolio,Auto,2024-10,5,45.05004835667377
Loss Incurred,month,cumulative,Synthetic,Portfolio,Auto,2024-10,5,235547.77393536142
Exposure,month,cumulative,Synthetic,Portfolio,Auto,2024-10,5,11184.038183176575
Earned Premium,month,cumulative,Synthetic,Portfolio,Auto,2024-10,5,923215.7991147912
Claims Reported,month,cumulative,Synthetic,Portfolio,Auto,2024-10,6,51.20846557773139
Loss Incurred,month,cumulative,Synthetic,Portfolio,Auto,2024-10,6,279169.029268135
Exposure,month,cumulative,Synthetic,Portfolio,Auto,2024-10,6,11107.171137710571
Earned Premium,month,cumulative,Synthetic,Portfolio,Auto,2024-10,6,918673.97094633
Claims Reported,month,cumulative,Synthetic,Portfolio,Auto,2024-10,7,56.66734697331411
Loss Incurred,month,cumulative,Synthetic,Portfolio,Auto,2024-10,7,326218.4213764119
Exposure,month,cumulative,Synthetic,Portfolio,Auto,2024-10,7,11036.012774073411
Earned Premium,month,cumulative,Synthetic,Portfolio,Auto,2024-10,7,914409.7025608232
Claims Reported,month,cumulative,Synthetic,Portfolio,Auto,2024-10,8,61.269982477984996
Loss Incurred,month,cumulative,Synthetic,Portfolio,Auto,2024-10,8,375505.02776306454
Exposure,month,cumulative,Synthetic,Portfolio,Auto,2024-10,8,10970.139125817243
Earned Premium,month,cumulative,Synthetic,Portfolio,Auto,2024-10,8,910406.0317504868
Claims Reported,month,cumulative,Synthetic,Portfolio,Auto,2024-10,9,64.98974729493598
Loss Incurred,month,cumulative,Synthetic,Portfolio,Auto,2024-10,9,425580.95484489325
Exposure,month,cumulative,Synthetic,Portfolio,Auto,2024-10,9,10909.15771319365
Earned Premium,month,cumulative,Synthetic,Portfolio,Auto,2024-10,9,906647.0329004095
Claims Reported,month,cumulative,Synthetic,Portfolio,Auto,2024-10,10,67.89443073577795
Loss Incurred,month,cumulative,Synthetic,Portfolio,Auto,2024-10,10,474903.4382588219
Exposure,month,cumulative,Synthetic,Portfolio,Auto,2024-10,10,10852.705204732187
Earned Premium,month,cumulative,Synthetic,Portfolio,Auto,2024-10,10,903117.753640386
Claims Reported,month,cumulative,Synthetic,Portfolio,Auto,2024-10,11,70.10235146990178
Loss Incurred,month,cumulative,Synthetic,Portfolio,Auto,2024-10,11,522020.3198022527
Exposure,month,cumulative,Synthetic,Portfolio,Auto,2024-10,11,10800.445252486365
Earned Premium,month,cumulative,Synthetic,Portfolio,Auto,2024-10,11,899804.155368076
Claims Reported,month,cumulative,Synthetic,Portfolio,Auto,2024-10,12,71.74652297313501
Loss Incurred,month,cumulative,Synthetic,Portfolio,Auto,2024-10,12,565733.1833923755
Exposure,month,cumulative,Synthetic,Portfolio,Auto,2024-10,12,10752.066488049353
Earned Premium,month,cumulative,Synthetic,Portfolio,Auto,2024-10,12,896693.0574069065
Claims Reported,month,cumulative,Synthetic,Portfolio,Auto,2024-10,13,72.95225326683139
Loss Incurred,month,cumulative,Synthetic,Portfolio,Auto,2024-10,13,605201.4631721538
Exposure,month,cumulative,Synthetic,Portfolio,Auto,2024-10,13,10707.28066739949
Earned Premium,month,cumulative,Synthetic,Portfolio,Auto,2024-10,13,893772.0845765927
Claims Reported,month,cumulative,Synthetic,Portfolio,Auto,2024-10,14,73.82654992513604
Loss Incurred,month,cumulative,Synthetic,Portfolio,Auto,2024-10,14,639973.0584346218
Exposure,month,cumulative,Synthetic,Portfolio,Auto,2024-10,14,10665.820953522481
Earned Premium,month,cumulative,Synthetic,Portfolio,Auto,2024-10,14,891029.6179677222
Claims Reported,month,cumulative,Synthetic,Portfolio,Auto,2024-11,0,12.932261597627598
Loss Incurred,month,cumulative,Synthetic,Portfolio,Auto,2024-11,0,83231.16204041489
Exposure,month,cumulative,Synthetic,Portfolio,Auto,2024-11,0,12027.22595494807
Earned Premium,month,cumulative,Synthetic,Portfolio,Auto,2024-11,0,945058.6611006998
Claims Reported,month,cumulative,Synthetic,Portfolio,Auto,2024-11,1,16.919054823368466
Loss Incurred,month,cumulative,Synthetic,Portfolio,Auto,2024-11,1,102993.91367398805
Exposure,month,cumulative,Synthetic,Portfolio,Auto,2024-11,1,11895.601718217195
Earned Premium,month,cumulative,Synthetic,Portfolio,Auto,2024-11,1,938654.9979538154
Claims Reported,month,cumulative,Synthetic,Portfolio,Auto,2024-11,2,21.614701405613374
Loss Incurred,month,cumulative,Synthetic,Portfolio,Auto,2024-11,2,126360.75742875105
Exposure,month,cumulative,Synthetic,Portfolio,Auto,2024-11,2,11775.02113678631
Earned Premium,month,cumulative,Synthetic,Portfolio,Auto,2024-11,2,932656.3161041512
Claims Reported,month,cumulative,Synthetic,Portfolio,Auto,2024-11,3,26.86979701093051
Loss Incurred,month,cumulative,Synthetic,Portfolio,Auto,2024-11,3,153479.17387716562
Exposure,month,cumulative,Synthetic,Portfolio,Auto,2024-11,3,11664.55761593841
Earned Premium,month,cumulative,Synthetic,Portfolio,Auto,2024-11,3,927037.0036718604
Claims Reported,month,cumulative,Synthetic,Portfolio,Auto,2024-11,4,32.425129113038224
Loss Incurred,month,cumulative,Synthetic,Portfolio,Auto,2024-11,4,184279.51661083978
Exposure,month,cumulative,Synthetic,Portfolio,Auto,2024-11,4,11563.362304941269
Earned Premium,month,cumulative,Synthetic,Portfolio,Auto,2024-11,4,921773.0685269309
Claims Reported,month,cumulative,Synthetic,Portfolio,Auto,2024-11,5,37.954948977266355
Loss Incurred,month,cumulative,Synthetic,Portfolio,Auto,2024-11,5,218415.82722278984
Exposure,month,cumulative,Synthetic,Portfolio,Auto,2024-11,5,11470.657574101586
Earned Premium,month,cumulative,Synthetic,Portfolio,Auto,2024-11,5,916842.0358527559
Claims Reported,month,cumulative,Synthetic,Portfolio,Auto,2024-11,6,43.13936643093276
Loss Incurred,month,cumulative,Synthetic,Portfolio,Auto,2024-11,6,255238.18014561487
Exposure,month,cumulative,Synthetic,Portfolio,Auto,2024-11,6,11385.731039113214
Earned Premium,month,cumulative,Synthetic,Portfolio,Auto,2024-11,6,912222.8521880019
Claims Reported,month,cumulative,Synthetic,Portfolio,Auto,2024-11,7,47.7340635766033
Loss Incurred,month,cumulative,Synthetic,Portfolio,Auto,2024-11,7,293815.13812208694
Exposure,month,cumulative,Synthetic,Portfolio,Auto,2024-11,7,11307.930086779894
Earned Premium,month,cumulative,Synthetic,Portfolio,Auto,2024-11,7,907895.7955370746
Claims Reported,month,cumulative,Synthetic,Portfolio,Auto,2024-11,8,51.607465755325734
Loss Incurred,month,cumulative,Synthetic,Portfolio,Auto,2024-11,8,333013.7700433622
Exposure,month,cumulative,Synthetic,Portfolio,Auto,2024-11,8,11236.656860045752
Earned Premium,month,cumulative,Synthetic,Portfolio,Auto,2024-11,8,903842.3911653886
Claims Reported,month,cumulative,Synthetic,Portfolio,Auto,2024-11,9,54.73747695852669
Loss Incurred,month,cumulative,Synthetic,Portfolio,Auto,2024-11,9,371626.42943863024
Exposure,month,cumulative,Synthetic,Portfolio,Auto,2024-11,9,11171.363663796265
Earned Premium,month,cumulative,Synthetic,Portfolio,Auto,2024-11,9,900045.3327199247
Claims Reported,month,cumulative,Synthetic,Portfolio,Auto,2024-11,10,57.18138558881495
Loss Incurred,month,cumulative,Synthetic,Portfolio,Auto,2024-11,10,408515.9414616521
Exposure,month,cumulative,Synthetic,Portfolio,Auto,2024-11,10,11111.548756125865
Earned Premium,month,cumulative,Synthetic,Portfolio,Auto,2024-11,10,896488.4083382919
Claims Reported,month,cumulative,Synthetic,Portfolio,Auto,2024-11,11,59.03891407104662
Loss Incurred,month,cumulative,Synthetic,Portfolio,Auto,2024-11,11,442743.4119599446
Exposure,month,cumulative,Synthetic,Portfolio,Auto,2024-11,11,11056.752492730404
Earned Premium,month,cumulative,Synthetic,Portfolio,Auto,2024-11,11,893156.4314308072
Claims Reported,month,cumulative,Synthetic,Portfolio,Auto,2024-11,12,60.422077155401325
Loss Incurred,month,cumulative,Synthetic,Portfolio,Auto,2024-11,12,473649.897522481
Exposure,month,cumulative,Synthetic,Portfolio,Auto,2024-11,12,11006.55379479627
Earned Premium,month,cumulative,Synthetic,Portfolio,Auto,2024-11,12,890035.1758400673
Claims Reported,month,cumulative,Synthetic,Portfolio,Auto,2024-11,13,61.43635609753962
Loss Incurred,month,cumulative,Synthetic,Portfolio,Auto,2024-11,13,500880.55101627746
Exposure,month,cumulative,Synthetic,Portfolio,Auto,2024-11,13,10960.566913243842
Earned Premium,month,cumulative,Synthetic,Portfolio,Auto,2024-11,13,887111.3151011645
Claims Reported,month,cumulative,Synthetic,Portfolio,Auto,2024-12,0,7.268621162754182
Loss Incurred,month,cumulative,Synthetic,Portfolio,Auto,2024-12,0,52017.52638957683
Exposure,month,cumulative,Synthetic,Portfolio,Auto,2024-12,0,12362.375300711687
Earned Premium,month,cumulative,Synthetic,Portfolio,Auto,2024-12,0,1005376.9330690807
Claims Reported,month,cumulative,Synthetic,Portfolio,Auto,2024-12,1,9.617179981974953
Loss Incurred,month,cumulative,Synthetic,Portfolio,Auto,2024-12,1,64900.63315826879
Exposure,month,cumulative,Synthetic,Portfolio,Auto,2024-12,1,12250.281897278053
Earned Premium,month,cumulative,Synthetic,Portfolio,Auto,2024-12,1,998577.4251724038
Claims Reported,month,cumulative,Synthetic,Portfolio,Auto,2024-12,2,12.452506803958542
Loss Incurred,month,cumulative,Synthetic,Portfolio,Auto,2024-12,2,80410.58773140167
Exposure,month,cumulative,Synthetic,Portfolio,Auto,2024-12,2,12145.980777773602
Earned Premium,month,cumulative,Synthetic,Portfolio,Auto,2024-12,2,992207.1203507975
Claims Reported,month,cumulative,Synthetic,Portfolio,Auto,2024-12,3,15.718007735830886
Loss Incurred,month,cumulative,Synthetic,Portfolio,Auto,2024-12,3,98798.80691190613
Exposure,month,cumulative,Synthetic,Portfolio,Auto,2024-12,3,12048.930253865448
Earned Premium,month,cumulative,Synthetic,Portfolio,Auto,2024-12,3,986238.926161331
Claims Reported,month,cumulative,Synthetic,Portfolio,Auto,2024-12,4,19.281046604541356
Loss Incurred,month,cumulative,Synthetic,Portfolio,Auto,2024-12,4,120207.15355438295
Exposure,month,cumulative,Synthetic,Portfolio,Auto,2024-12,4,11958.626293221529
Earned Premium,month,cumulative,Synthetic,Portfolio,Auto,2024-12,4,980647.4603083356
Claims Reported,month,cumulative,Synthetic,Portfolio,Auto,2024-12,5,22.94658782763725
Loss Incurred,month,cumulative,Synthetic,Portfolio,Auto,2024-12,5,144611.05768254513
Exposure,month,cumulative,Synthetic,Portfolio,Auto,2024-12,5,11874.599901816404
Earned Premium,month,cumulative,Synthetic,Portfolio,Auto,2024-12,5,975408.9426943491
Claims Reported,month,cumulative,Synthetic,Portfolio,Auto,2024-12,6,26.49626722709746
Loss Incurred,month,cumulative,Synthetic,Portfolio,Auto,2024-12,6,171769.24526810038
Exposure,month,cumulative,Synthetic,Portfolio,Auto,2024-12,6,11796.414688208695
Earned Premium,month,cumulative,Synthetic,Portfolio,Auto,2024-12,6,970501.0942850905
Claims Reported,month,cumulative,Synthetic,Portfolio,Auto,2024-12,7,29.738020878579313
Loss Incurred,month,cumulative,Synthetic,Portfolio,Auto,2024-12,7,201196.20900478042
Exposure,month,cumulative,Synthetic,Portfolio,Auto,2024-12,7,11723.664597140161
Earned Premium,month,cumulative,Synthetic,Portfolio,Auto,2024-12,7,965903.0423583483
Claims Reported,month,cumulative,Synthetic,Portfolio,Auto,2024-12,8,32.54384968857409
Loss Incurred,month,cumulative,Synthetic,Portfolio,Auto,2024-12,8,232173.14105679718
Exposure,month,cumulative,Synthetic,Portfolio,Auto,2024-12,8,11655.971800685893
Earned Premium,month,cumulative,Synthetic,Portfolio,Auto,2024-12,8,961595.2317338124
Claims Reported,month,cumulative,Synthetic,Portfolio,Auto,2024-12,9,34.86175268618719
Loss Incurred,month,cumulative,Synthetic,Portfolio,Auto,2024-12,9,263805.27282406326
Exposure,month,cumulative,Synthetic,Portfolio,Auto,2024-12,9,11592.98473600329
Earned Premium,month,cumulative,Synthetic,Portfolio,Auto,2024-12,9,957559.3416063138
Claims Reported,month,cumulative,Synthetic,Portfolio,Auto,2024-12,10,36.70394965615369
Loss Incurred,month,cumulative,Synthetic,Portfolio,Auto,2024-12,10,295119.4251555305
Exposure,month,cumulative,Synthetic,Portfolio,Auto,2024-12,10,11534.37627948886
Earned Premium,month,cumulative,Synthetic,Portfolio,Auto,2024-12,10,953778.2076287736
Claims Reported,month,cumulative,Synthetic,Portfolio,Auto,2024-12,11,38.12358740210924
Loss Incurred,month,cumulative,Synthetic,Portfolio,Auto,2024-12,11,325180.7713105481
Exposure,month,cumulative,Synthetic,Portfolio,Auto,2024-12,11,11479.842047860302
Earned Premium,month,cumulative,Synthetic,Portfolio,Auto,2024-12,11,950235.7489134842
Claims Reported,month,cumulative,Synthetic,Portfolio,Auto,2024-12,12,39.19179793557389
Loss Incurred,month,cumulative,Synthetic,Portfolio,Auto,2024-12,12,353200.10698863445
Exposure,month,cumulative,Synthetic,Portfolio,Auto,2024-12,12,11429.098817340573
Earned Premium,month,cumulative,Synthetic,Portfolio,Auto,2024-12,12,946916.8996412627
Claims Reported,month,cumulative,Synthetic,Portfolio,Auto,2025-01,0,6.3316747586186075
Loss Incurred,month,cumulative,Synthetic,Portfolio,Auto,2025-01,0,36412.0349020463
Exposure,month,cumulative,Synthetic,Portfolio,Auto,2025-01,0,14119.693031995666
Earned Premium,month,cumulative,Synthetic,Portfolio,Auto,2025-01,0,1133041.9838941453
Claims Reported,month,cumulative,Synthetic,Portfolio,Auto,2025-01,1,8.368285203174452
Loss Incurred,month,cumulative,Synthetic,Portfolio,Auto,2025-01,1,45359.83530114955
Exposure,month,cumulative,Synthetic,Portfolio,Auto,2025-01,1,14009.628906931626
Earned Premium,month,cumulative,Synthetic,Portfolio,Auto,2025-01,1,1125442.4730869203
Claims Reported,month,cumulative,Synthetic,Portfolio,Auto,2025-01,2,10.82104853347427
Loss Incurred,month,cumulative,Synthetic,Portfolio,Auto,2025-01,2,56095.402213215755
Exposure,month,cumulative,Synthetic,Portfolio,Auto,2025-01,2,13906.142464228653
Earned Premium,month,cumulative,Synthetic,Portfolio,Auto,2025-01,2,1118318.693932256
Claims Reported,month,cumulative,Synthetic,Portfolio,Auto,2025-01,3,13.637897199665286
Loss Incurred,month,cumulative,Synthetic,Portfolio,Auto,2025-01,3,68771.60054716903
Exposure,month,cumulative,Synthetic,Portfolio,Auto,2025-01,3,13808.840606633501
Earned Premium,month,cumulative,Synthetic,Portfolio,Auto,2025-01,3,1111640.8654862219
Claims Reported,month,cumulative,Synthetic,Portfolio,Auto,2025-01,4,16.701621999489902
Loss Incurred,month,cumulative,Synthetic,Portfolio,Auto,2025-01,4,83459.67347038887
Exposure,month,cumulative,Synthetic,Portfolio,Auto,2025-01,4,13717.353729278548
Earned Premium,month,cumulative,Synthetic,Portfolio,Auto,2025-01,4,1105381.071100897
Claims Reported,month,cumulative,Synthetic,Portfolio,Auto,2025-01,5,19.842883172603994
Loss Incurred,month,cumulative,Synthetic,Portfolio,Auto,2025-01,5,100111.69124725409
Exposure,month,cumulative,Synthetic,Portfolio,Auto,2025-01,5,13631.334315723418
Earned Premium,month,cumulative,Synthetic,Portfolio,Auto,2025-01,5,1099513.1417188812
Claims Reported,month,cumulative,Synthetic,Portfolio,Auto,2025-01,6,22.874657954300247
Loss Incurred,month,cumulative,Synthetic,Portfolio,Auto,2025-01,6,118529.75394256008
Exposure,month,cumulative,Synthetic,Portfolio,Auto,2025-01,6,13550.455617900334
Earned Premium,month,cumulative,Synthetic,Portfolio,Auto,2025-01,6,1094012.546473605
Claims Reported,month,cumulative,Synthetic,Portfolio,Auto,2025-01,7,25.634711632849314
Loss Incurred,month,cumulative,Synthetic,Portfolio,Auto,2025-01,7,138352.96468867018
Exposure,month,cumulative,Synthetic,Portfolio,Auto,2025-01,7,13474.410414948961
Earned Premium,month,cumulative,Synthetic,Portfolio,Auto,2025-01,7,1088856.2901380933
Claims Reported,month,cumulative,Synthetic,Portfolio,Auto,2025-01,8,28.016922969698484
Loss Incurred,month,cumulative,Synthetic,Portfolio,Auto,2025-01,8,159071.84672639536
Exposure,month,cumulative,Synthetic,Portfolio,Auto,2025-01,8,13402.909846226097
Earned Premium,month,cumulative,Synthetic,Portfolio,Auto,2025-01,8,1084022.8169934663
Claims Reported,month,cumulative,Synthetic,Portfolio,Auto,2025-01,9,29.98020833131745
Loss Incurred,month,cumulative,Synthetic,Portfolio,Auto,2025-01,9,180073.5300570878
Exposure,month,cumulative,Synthetic,Portfolio,Auto,2025-01,9,13335.682314057342
Earned Premium,month,cumulative,Synthetic,Portfolio,Auto,2025-01,9,1079491.9207153022
Claims Reported,month,cumulative,Synthetic,Portfolio,Auto,2025-01,10,31.53756498295278
Loss Incurred,month,cumulative,Synthetic,Portfolio,Auto,2025-01,10,200711.09974914487
Exposure,month,cumulative,Synthetic,Portfolio,Auto,2025-01,10,13272.472452062832
Earned Premium,month,cumulative,Synthetic,Portfolio,Auto,2025-01,10,1075244.6599011396
Claims Reported,month,cumulative,Synthetic,Portfolio,Auto,2025-01,11,32.73588969557223
Loss Incurred,month,cumulative,Synthetic,Portfolio,Auto,2025-01,11,220381.3503984628
Exposure,month,cumulative,Synthetic,Portfolio,Auto,2025-01,11,13213.040155138182
Earned Premium,month,cumulative,Synthetic,Portfolio,Auto,2025-01,11,1071263.278885984
Claims Reported,month,cumulative,Synthetic,Portfolio,Auto,2025-02,0,20.61835701118499
Loss Incurred,month,cumulative,Synthetic,Portfolio,Auto,2025-02,0,125797.44017005098
Exposure,month,cumulative,Synthetic,Portfolio,Auto,2025-02,0,13880.05842080884
Earned Premium,month,cumulative,Synthetic,Portfolio,Auto,2025-02,0,1157779.2756454244
Claims Reported,month,cumulative,Synthetic,Portfolio,Auto,2025-02,1,27.12794511585285
Loss Incurred,month,cumulative,Synthetic,Portfolio,Auto,2025-02,1,157516.7313119153
Exposure,month,cumulative,Synthetic,Portfolio,Auto,2025-02,1,13753.276163189392
Earned Premium,month,cumulative,Synthetic,Portfolio,Auto,2025-02,1,1150022.668152858
Claims Reported,month,cumulative,Synthetic,Portfolio,Auto,2025-02,2,34.890474593386685
Loss Incurred,month,cumulative,Synthetic,Portfolio,Auto,2025-02,2,196006.85527862303
Exposure,month,cumulative,Synthetic,Portfolio,Auto,2025-02,2,13635.372255316384
Earned Premium,month,cumulative,Synthetic,Portfolio,Auto,2025-02,2,1142751.0750637741
Claims Reported,month,cumulative,Synthetic,Portfolio,Auto,2025-02,3,43.70285166232623
Loss Incurred,month,cumulative,Synthetic,Portfolio,Auto,2025-02,3,242074.76633514903
Exposure,month,cumulative,Synthetic,Portfolio,Auto,2025-02,3,13525.7249611859
Earned Premium,month,cumulative,Synthetic,Portfolio,Auto,2025-02,3,1135934.1688191448
Claims Reported,month,cumulative,Synthetic,Portfolio,Auto,2025-02,4,53.165508696712
Loss Incurred,month,cumulative,Synthetic,Portfolio,Auto,2025-02,4,296312.8174738064
Exposure,month,cumulative,Synthetic,Portfolio,Auto,2025-02,4,13423.756083927936
Earned Premium,month,cumulative,Synthetic,Portfolio,Auto,2025-02,4,1129543.518217721
Claims Reported,month,cumulative,Synthetic,Portfolio,Auto,2025-02,5,62.73815461547316
Loss Incurred,month,cumulative,Synthetic,Portfolio,Auto,2025-02,5,358946.9735860619
Exposure,month,cumulative,Synthetic,Portfolio,Auto,2025-02,5,13328.927916833578
Earned Premium,month,cumulative,Synthetic,Portfolio,Auto,2025-02,5,1123552.4698383105
Claims Reported,month,cumulative,Synthetic,Portfolio,Auto,2025-02,6,71.85527306012202
Loss Incurred,month,cumulative,Synthetic,Portfolio,Auto,2025-02,6,429681.96349755814
Exposure,month,cumulative,Synthetic,Portfolio,Auto,2025-02,6,13240.740407896648
Earned Premium,month,cumulative,Synthetic,Portfolio,Auto,2025-02,6,1117936.0368766275
Claims Reported,month,cumulative,Synthetic,Portfolio,Auto,2025-02,7,80.05314619254777
Loss Incurred,month,cumulative,Synthetic,Portfolio,Auto,2025-02,7,507581.77347249805
Exposure,month,cumulative,Synthetic,Portfolio,Auto,2025-02,7,13158.728522917761
Earned Premium,month,cumulative,Synthetic,Portfolio,Auto,2025-02,7,1112670.794933082
Claims Reported,month,cumulative,Synthetic,Portfolio,Auto,2025-02,8,87.05184774313018
Loss Incurred,month,cumulative,Synthetic,Portfolio,Auto,2025-02,8,591031.8051829567
Exposure,month,cumulative,Synthetic,Portfolio,Auto,2025-02,8,13082.459793265805
Earned Premium,month,cumulative,Synthetic,Portfolio,Auto,2025-02,8,1107734.7843168774
Claims Reported,month,cumulative,Synthetic,Portfolio,Auto,2025-02,9,92.76702394828564
Loss Incurred,month,cumulative,Synthetic,Portfolio,Auto,2025-02,9,677820.1353772581
Exposure,month,cumulative,Synthetic,Portfolio,Auto,2025-02,9,13011.532035365584
Earned Premium,month,cumulative,Synthetic,Portfolio,Auto,2025-02,9,1103107.418458951
Claims Reported,month,cumulative,Synthetic,Portfolio,Auto,2025-02,10,97.26704216307972
Loss Incurred,month,cumulative,Synthetic,Portfolio,Auto,2025-02,10,765345.6056589124
Exposure,month,cumulative,Synthetic,Portfolio,Auto,2025-02,10,12945.571229885942
Earned Premium,month,cumulative,Synthetic,Portfolio,Auto,2025-02,10,1098769.398051781
Claims Reported,month,cumulative,Synthetic,Portfolio,Auto,2025-03,0,15.80846770721958
Loss Incurred,month,cumulative,Synthetic,Portfolio,Auto,2025-03,0,133512.9602579489
Exposure,month,cumulative,Synthetic,Portfolio,Auto,2025-03,0,13828.33473384017
Earned Premium,month,cumulative,Synthetic,Portfolio,Auto,2025-03,0,1173732.660605682
Claims Reported,month,cumulative,Synthetic,Portfolio,Auto,2025-03,1,20.656103263638162
Loss Incurred,month,cumulative,Synthetic,Portfolio,Auto,2025-03,1,165580.7361005973
Exposure,month,cumulative,Synthetic,Portfolio,Auto,2025-03,1,13679.879558858325
Earned Premium,month,cumulative,Synthetic,Portfolio,Auto,2025-03,1,1166951.1376078248
Claims Reported,month,cumulative,Synthetic,Portfolio,Auto,2025-03,2,26.35013631071748
Loss Incurred,month,cumulative,Synthetic,Portfolio,Auto,2025-03,2,203680.38793179404
Exposure,month,cumulative,Synthetic,Portfolio,Auto,2025-03,2,13543.643150784448
Earned Premium,month,cumulative,Synthetic,Portfolio,Auto,2025-03,2,1160535.3121718261
Claims Reported,month,cumulative,Synthetic,Portfolio,Auto,2025-03,3,32.70275629767659
Loss Incurred,month,cumulative,Synthetic,Portfolio,Auto,2025-03,3,248148.56740809156
Exposure,month,cumulative,Synthetic,Portfolio,Auto,2025-03,3,13418.61983053211
Earned Premium,month,cumulative,Synthetic,Portfolio,Auto,2025-03,3,1154465.4638445096
Claims Reported,month,cumulative,Synthetic,Portfolio,Auto,2025-03,4,39.3956738507266
Loss Incurred,month,cumulative,Synthetic,Portfolio,Auto,2025-03,4,298985.11983060854
Exposure,month,cumulative,Synthetic,Portfolio,Auto,2025-03,4,13303.886692541259
Earned Premium,month,cumulative,Synthetic,Portfolio,Auto,2025-03,4,1148722.9356095754
Claims Reported,month,cumulative,Synthetic,Portfolio,Auto,2025-03,5,46.034860530131866
Loss Incurred,month,cumulative,Synthetic,Portfolio,Auto,2025-03,5,355743.139015593
Exposure,month,cumulative,Synthetic,Portfolio,Auto,2025-03,5,13198.596792011824
Earned Premium,month,cumulative,Synthetic,Portfolio,Auto,2025-03,5,1143290.0765411523
Claims Reported,month,cumulative,Synthetic,Portfolio,Auto,2025-03,6,52.238620366768714
Loss Incurred,month,cumulative,Synthetic,Portfolio,Auto,2025-03,6,417462.51403788885
Exposure,month,cumulative,Synthetic,Portfolio,Auto,2025-03,6,13101.972892869608
Earned Premium,month,cumulative,Synthetic,Portfolio,Auto,2025-03,6,1138150.1875497862
Claims Reported,month,cumulative,Synthetic,Portfolio,Auto,2025-03,7,57.72002115656048
Loss Incurred,month,cumulative,Synthetic,Portfolio,Auto,2025-03,7,482681.14891544473
Exposure,month,cumulative,Synthetic,Portfolio,Auto,2025-03,7,13013.301730312709
Earned Premium,month,cumulative,Synthetic,Portfolio,Auto,2025-03,7,1133287.470054109
Claims Reported,month,cumulative,Synthetic,Portfolio,Auto,2025-03,8,62.328796422112035
Loss Incurred,month,cumulative,Synthetic,Portfolio,Auto,2025-03,8,549543.6807572898
Exposure,month,cumulative,Synthetic,Portfolio,Auto,2025-03,8,12931.928745585406
Earned Premium,month,cumulative,Synthetic,Portfolio,Auto,2025-03,8,1128686.9774204197
Claims Reported,month,cumulative,Synthetic,Portfolio,Auto,2025-03,9,66.0449676177512
Loss Incurred,month,cumulative,Synthetic,Portfolio,Auto,2025-03,9,615998.8487076936
Exposure,month,cumulative,Synthetic,Portfolio,Auto,2025-03,9,12857.25325411228
Earned Premium,month,cumulative,Synthetic,Portfolio,Auto,2025-03,9,1124334.5690209093
Claims Reported,month,cumulative,Synthetic,Portfolio,Auto,2025-04,0,24.28073179062586
Loss Incurred,month,cumulative,Synthetic,Portfolio,Auto,2025-04,0,145809.03529386816
Exposure,month,cumulative,Synthetic,Portfolio,Auto,2025-04,0,14462.472809015391
Earned Premium,month,cumulative,Synthetic,Portfolio,Auto,2025-04,0,1216950.012356356
Claims Reported,month,cumulative,Synthetic,Portfolio,Auto,2025-04,1,31.58635900022493
Loss Incurred,month,cumulative,Synthetic,Portfolio,Auto,2025-04,1,182930.52387090682
Exposure,month,cumulative,Synthetic,Portfolio,Auto,2025-04,1,14317.655012414489
Earned Premium,month,cumulative,Synthetic,Portfolio,Auto,2025-04,1,1210642.374449909
Claims Reported,month,cumulative,Synthetic,Portfolio,Auto,2025-04,2,40.085622636606416
Loss Incurred,month,cumulative,Synthetic,Portfolio,Auto,2025-04,2,228171.07859889872
Exposure,month,cumulative,Synthetic,Portfolio,Auto,2025-04,2,14183.954735232144
Earned Premium,month,cumulative,Synthetic,Portfolio,Auto,2025-04,2,1204639.8754222265
Claims Reported,month,cumulative,Synthetic,Portfolio,Auto,2025-04,3,49.46507113033312
Loss Incurred,month,cumulative,Synthetic,Portfolio,Auto,2025-04,3,282601.63799093314
Exposure,month,cumulative,Synthetic,Portfolio,Auto,2025-04,3,14060.518496467246
Earned Premium,month,cumulative,Synthetic,Portfolio,Auto,2025-04,3,1198927.7538464926
Claims Reported,month,cumulative,Synthetic,Portfolio,Auto,2025-04,4,59.23156839988917
Loss Incurred,month,cumulative,Synthetic,Portfolio,Auto,2025-04,4,347084.40815540095
Exposure,month,cumulative,Synthetic,Portfolio,Auto,2025-04,4,13946.55833601339
Earned Premium,month,cumulative,Synthetic,Portfolio,Auto,2025-04,4,1193491.9623960508
Claims Reported,month,cumulative,Synthetic,Portfolio,Auto,2025-04,5,68.80473080017178
Loss Incurred,month,cumulative,Synthetic,Portfolio,Auto,2025-04,5,422091.43073808914
Exposure,month,cumulative,Synthetic,Portfolio,Auto,2025-04,5,13841.346784684414
Earned Premium,month,cumulative,Synthetic,Portfolio,Auto,2025-04,5,1188319.1332990264
Claims Reported,month,cumulative,Synthetic,Portfolio,Auto,2025-04,6,77.64838040040834
Loss Incurred,month,cumulative,Synthetic,Portfolio,Auto,2025-04,6,507506.57399363245
Exposure,month,cumulative,Synthetic,Portfolio,Auto,2025-04,6,13744.212220386114
Earned Premium,month,cumulative,Synthetic,Portfolio,Auto,2025-04,6,1183396.545464122
Claims Reported,month,cumulative,Synthetic,Portfolio,Auto,2025-04,7,85.38187616078302
Loss Incurred,month,cumulative,Synthetic,Portfolio,Auto,2025-04,7,602452.809944344
Exposure,month,cumulative,Synthetic,Portfolio,Auto,2025-04,7,13654.53458079007
Earned Premium,month,cumulative,Synthetic,Portfolio,Auto,2025-04,7,1178712.0931967373
Claims Reported,month,cumulative,Synthetic,Portfolio,Auto,2025-04,8,91.8266729924374
Loss Incurred,month,cumulative,Synthetic,Portfolio,Auto,2025-04,8,705201.331937939
Exposure,month,cumulative,Synthetic,Portfolio,Auto,2025-04,8,13571.741405141282
Earned Premium,month,cumulative,Synthetic,Portfolio,Auto,2025-04,8,1174254.2564284818
Claims Reported,month,cumulative,Synthetic,Portfolio,Auto,2025-05,0,21.42709314037734
Loss Incurred,month,cumulative,Synthetic,Portfolio,Auto,2025-05,0,150468.55930130827
Exposure,month,cumulative,Synthetic,Portfolio,Auto,2025-05,0,14425.957400075384
Earned Premium,month,cumulative,Synthetic,Portfolio,Auto,2025-05,0,1204803.2125888532
Claims Reported,month,cumulative,Synthetic,Portfolio,Auto,2025-05,1,27.7806643212318
Loss Incurred,month,cumulative,Synthetic,Portfolio,Auto,2025-05,1,186360.69177804963
Exposure,month,cumulative,Synthetic,Portfolio,Auto,2025-05,1,14317.62956560309
Earned Premium,month,cumulative,Synthetic,Portfolio,Auto,2025-05,1,1197176.613423731
Claims Reported,month,cumulative,Synthetic,Portfolio,Auto,2025-05,2,35.118917567429776
Loss Incurred,month,cumulative,Synthetic,Portfolio,Auto,2025-05,2,228880.1844019233
Exposure,month,cumulative,Synthetic,Portfolio,Auto,2025-05,2,14215.538247388915
Earned Premium,month,cumulative,Synthetic,Portfolio,Auto,2025-05,2,1190000.6052481015
Claims Reported,month,cumulative,Synthetic,Portfolio,Auto,2025-05,3,43.15122060354552
Loss Incurred,month,cumulative,Synthetic,Portfolio,Auto,2025-05,3,278337.68292744545
Exposure,month,cumulative,Synthetic,Portfolio,Auto,2025-05,3,14119.324404423434
Earned Premium,month,cumulative,Synthetic,Portfolio,Auto,2025-05,3,1183248.5664662286
Claims Reported,month,cumulative,Synthetic,Portfolio,Auto,2025-05,4,51.442418308307914
Loss Incurred,month,cumulative,Synthetic,Portfolio,Auto,2025-05,4,334655.88755356934
Exposure,month,cumulative,Synthetic,Portfolio,Auto,2025-05,4,14028.649665962655
Earned Premium,month,cumulative,Synthetic,Portfolio,Auto,2025-05,4,1176895.4483264328
Claims Reported,month,cumulative,Synthetic,Portfolio,Auto,2025-05,5,59.498570221136305
Loss Incurred,month,cumulative,Synthetic,Portfolio,Auto,2025-05,5,397255.747694289
Exposure,month,cumulative,Synthetic,Portfolio,Auto,2025-05,5,13943.195141525044
Earned Premium,month,cumulative,Synthetic,Portfolio,Auto,2025-05,5,1170917.68199509
Claims Reported,month,cumulative,Synthetic,Portfolio,Auto,2025-05,6,66.87921623916336
Loss Incurred,month,cumulative,Synthetic,Portfolio,Auto,2025-05,6,464996.6718210686
Exposure,month,cumulative,Synthetic,Portfolio,Auto,2025-05,6,13862.660299397903
Earned Premium,month,cumulative,Synthetic,Portfolio,Auto,2025-05,6,1165293.0911208384
Claims Reported,month,cumulative,Synthetic,Portfolio,Auto,2025-05,7,73.28544604895463
Loss Incurred,month,cumulative,Synthetic,Portfolio,Auto,2025-05,7,536206.3947694384
Exposure,month,cumulative,Synthetic,Portfolio,Auto,2025-05,7,13786.761909709026
Earned Premium,month,cumulative,Synthetic,Portfolio,Auto,2025-05,7,1160000.809564626
Claims Reported,month,cumulative,Synthetic,Portfolio,Auto,2025-06,0,17.33398032484417
Loss Incurred,month,cumulative,Synthetic,Portfolio,Auto,2025-06,0,101587.4263202984
Exposure,month,cumulative,Synthetic,Portfolio,Auto,2025-06,0,13674.759705924289
Earned Premium,month,cumulative,Synthetic,Portfolio,Auto,2025-06,0,1113690.1409634158
Claims Reported,month,cumulative,Synthetic,Portfolio,Auto,2025-06,1,22.59635284520042
Loss Incurred,month,cumulative,Synthetic,Portfolio,Auto,2025-06,1,126261.31780161023
Exposure,month,cumulative,Synthetic,Portfolio,Auto,2025-06,1,13529.331255298286
Earned Premium,month,cumulative,Synthetic,Portfolio,Auto,2025-06,1,1108643.4078032994
Claims Reported,month,cumulative,Synthetic,Portfolio,Auto,2025-06,2,28.746134085598342
Loss Incurred,month,cumulative,Synthetic,Portfolio,Auto,2025-06,2,155716.24841661335
Exposure,month,cumulative,Synthetic,Portfolio,Auto,2025-06,2,13395.76009987027
Earned Premium,month,cumulative,Synthetic,Portfolio,Auto,2025-06,2,1103810.1231331094
Claims Reported,month,cumulative,Synthetic,Portfolio,Auto,2025-06,3,35.567504750331764
Loss Incurred,month,cumulative,Synthetic,Portfolio,Auto,2025-06,3,190288.3972480038
Exposure,month,cumulative,Synthetic,Portfolio,Auto,2025-06,3,13273.079472485622
Earned Premium,month,cumulative,Synthetic,Portfolio,Auto,2025-06,3,1099181.2592796152
Claims Reported,month,cumulative,Synthetic,Portfolio,Auto,2025-06,4,42.70938277557092
Loss Incurred,month,cumulative,Synthetic,Portfolio,Auto,2025-06,4,230069.6165471619
Exposure,month,cumulative,Synthetic,Portfolio,Auto,2025-06,4,13160.40142993023
Earned Premium,month,cumulative,Synthetic,Portfolio,Auto,2025-06,4,1094748.1703894995
Claims Reported,month,cumulative,Synthetic,Portfolio,Auto,2025-06,5,49.74883520943181
Loss Incurred,month,cumulative,Synthetic,Portfolio,Auto,2025-06,5,274813.07539989724
Exposure,month,cumulative,Synthetic,Portfolio,Auto,2025-06,5,13056.910426136234
Earned Premium,month,cumulative,Synthetic,Portfolio,Auto,2025-06,5,1090502.5762805191
Claims Reported,month,cumulative,Synthetic,Portfolio,Auto,2025-06,6,56.28639968637782
Loss Incurred,month,cumulative,Synthetic,Portfolio,Auto,2025-06,6,323865.61616802163
Exposure,month,cumulative,Synthetic,Portfolio,Auto,2025-06,6,12961.857409386996
Earned Premium,month,cumulative,Synthetic,Portfolio,Auto,2025-06,6,1086436.5469756706
Claims Reported,month,cumulative,Synthetic,Portfolio,Auto,2025-07,0,12.189452446267307
Loss Incurred,month,cumulative,Synthetic,Portfolio,Auto,2025-07,0,87153.48785640656
Exposure,month,cumulative,Synthetic,Portfolio,Auto,2025-07,0,12944.203970564033
Earned Premium,month,cumulative,Synthetic,Portfolio,Auto,2025-07,0,1072961.999482469
Claims Reported,month,cumulative,Synthetic,Portfolio,Auto,2025-07,1,15.897522166906919
Loss Incurred,month,cumulative,Synthetic,Portfolio,Auto,2025-07,1,108315.53183965993
Exposure,month,cumulative,Synthetic,Portfolio,Auto,2025-07,1,12806.017179393926
Earned Premium,month,cumulative,Synthetic,Portfolio,Auto,2025-07,1,1066937.3701308242
Claims Reported,month,cumulative,Synthetic,Portfolio,Auto,2025-07,2,20.23533772849527
Loss Incurred,month,cumulative,Synthetic,Portfolio,Auto,2025-07,2,133575.01439699548
Exposure,month,cumulative,Synthetic,Portfolio,Auto,2025-07,2,12679.140432313521
Earned Premium,month,cumulative,Synthetic,Portfolio,Auto,2025-07,2,1061228.4687818429
Claims Reported,month,cumulative,Synthetic,Portfolio,Auto,2025-07,3,25.05247760357208
Loss Incurred,month,cumulative,Synthetic,Portfolio,Auto,2025-07,3,163218.51723664213
Exposure,month,cumulative,Synthetic,Portfolio,Auto,2025-07,3,12562.648046801152
Earned Premium,month,cumulative,Synthetic,Portfolio,Auto,2025-07,3,1055818.7493269022
Claims Reported,month,cumulative,Synthetic,Portfolio,Auto,2025-07,4,30.10229031396268
Loss Incurred,month,cumulative,Synthetic,Portfolio,Auto,2025-07,4,197322.70694622607
Exposure,month,cumulative,Synthetic,Portfolio,Auto,2025-07,4,12455.69010380028
Earned Premium,month,cumulative,Synthetic,Portfolio,Auto,2025-07,4,1050692.5327762545
Claims Reported,month,cumulative,Synthetic,Portfolio,Auto,2025-07,5,35.08603535537625
Loss Incurred,month,cumulative,Synthetic,Portfolio,Auto,2025-07,5,235673.61488562395
Exposure,month,cumulative,Synthetic,Portfolio,Auto,2025-07,5,12357.486246778539
Earned Premium,month,cumulative,Synthetic,Portfolio,Auto,2025-07,5,1045834.9618166112
Claims Reported,month,cumulative,Synthetic,Portfolio,Auto,2025-08,0,10.414192739605447
Loss Incurred,month,cumulative,Synthetic,Portfolio,Auto,2025-08,0,85007.36100152506
Exposure,month,cumulative,Synthetic,Portfolio,Auto,2025-08,0,13285.91044747262
Earned Premium,month,cumulative,Synthetic,Portfolio,Auto,2025-08,0,1071216.3285473755
Claims Reported,month,cumulative,Synthetic,Portfolio,Auto,2025-08,1,13.569828154708349
Loss Incurred,month,cumulative,Synthetic,Portfolio,Auto,2025-08,1,104044.60029430097
Exposure,month,cumulative,Synthetic,Portfolio,Auto,2025-08,1,13117.167119561744
Earned Premium,month,cumulative,Synthetic,Portfolio,Auto,2025-08,1,1065704.849901104
Claims Reported,month,cumulative,Synthetic,Portfolio,Auto,2025-08,2,17.254086896037652
Loss Incurred,month,cumulative,Synthetic,Portfolio,Auto,2025-08,2,126024.68949126515
Exposure,month,cumulative,Synthetic,Portfolio,Auto,2025-08,2,12964.854961322964
Earned Premium,month,cumulative,Synthetic,Portfolio,Auto,2025-08,2,1060458.0358514057
Claims Reported,month,cumulative,Synthetic,Portfolio,Auto,2025-08,3,21.33625516514854
Loss Incurred,month,cumulative,Synthetic,Portfolio,Auto,2025-08,3,150842.2634262219
Exposure,month,cumulative,Synthetic,Portfolio,Auto,2025-08,3,12827.374008241324
Earned Premium,month,cumulative,Synthetic,Portfolio,Auto,2025-08,3,1055463.1770414682
Claims Reported,month,cumulative,Synthetic,Portfolio,Auto,2025-08,4,25.60524108351231
Loss Incurred,month,cumulative,Synthetic,Portfolio,Auto,2025-08,4,178167.10042874728
Exposure,month,cumulative,Synthetic,Portfolio,Auto,2025-08,4,12703.280090337505
Earned Premium,month,cumulative,Synthetic,Portfolio,Auto,2025-08,4,1050708.1744256148
Claims Reported,month,cumulative,Synthetic,Portfolio,Auto,2025-09,0,13.668346879912852
Loss Incurred,month,cumulative,Synthetic,Portfolio,Auto,2025-09,0,97325.27214058522
Exposure,month,cumulative,Synthetic,Portfolio,Auto,2025-09,0,12065.868119020744
Earned Premium,month,cumulative,Synthetic,Portfolio,Auto,2025-09,0,956930.7436780446
Claims Reported,month,cumulative,Synthetic,Portfolio,Auto,2025-09,1,18.002802829119236
Loss Incurred,month,cumulative,Synthetic,Portfolio,Auto,2025-09,1,121612.78304151984
Exposure,month,cumulative,Synthetic,Portfolio,Auto,2025-09,1,11958.89158400467
Earned Premium,month,cumulative,Synthetic,Portfolio,Auto,2025-09,1,950300.9050363378
Claims Reported,month,cumulative,Synthetic,Portfolio,Auto,2025-09,2,23.183597206283086
Loss Incurred,month,cumulative,Synthetic,Portfolio,Auto,2025-09,2,150949.82945862637
Exposure,month,cumulative,Synthetic,Portfolio,Auto,2025-09,2,11859.186566612158
Earned Premium,month,cumulative,Synthetic,Portfolio,Auto,2025-09,2,944099.7749853528
Claims Reported,month,cumulative,Synthetic,Portfolio,Auto,2025-09,3,29.08102908073732
Loss Incurred,month,cumulative,Synthetic,Portfolio,Auto,2025-09,3,185869.6518169474
Exposure,month,cumulative,Synthetic,Portfolio,Auto,2025-09,3,11766.258799866415
Earned Premium,month,cumulative,Synthetic,Portfolio,Auto,2025-09,3,938299.6317258588
Claims Reported,month,cumulative,Synthetic,Portfolio,Auto,2025-10,0,8.368280414837052
Loss Incurred,month,cumulative,Synthetic,Portfolio,Auto,2025-10,0,55314.89475830616
Exposure,month,cumulative,Synthetic,Portfolio,Auto,2025-10,0,11572.319509242969
Earned Premium,month,cumulative,Synthetic,Portfolio,Auto,2025-10,0,928243.0595876134
Claims Reported,month,cumulative,Synthetic,Portfolio,Auto,2025-10,1,10.979703003770624
Loss Incurred,month,cumulative,Synthetic,Portfolio,Auto,2025-10,1,68802.09874078433
Exposure,month,cumulative,Synthetic,Portfolio,Auto,2025-10,1,11488.425439106422
Earned Premium,month,cumulative,Synthetic,Portfolio,Auto,2025-10,1,923681.9972502162
Claims Reported,month,cumulative,Synthetic,Portfolio,Auto,2025-10,2,14.074853277145026
Loss Incurred,month,cumulative,Synthetic,Portfolio,Auto,2025-10,2,84929.51790857848
Exposure,month,cumulative,Synthetic,Portfolio,Auto,2025-10,2,11409.194189446054
Earned Premium,month,cumulative,Synthetic,Portfolio,Auto,2025-10,2,919330.1086143479
Claims Reported,month,cumulative,Synthetic,Portfolio,Auto,2025-11,0,7.2671351449909425
Loss Incurred,month,cumulative,Synthetic,Portfolio,Auto,2025-11,0,55987.89664966372
Exposure,month,cumulative,Synthetic,Portfolio,Auto,2025-11,0,12574.14745327147
Earned Premium,month,cumulative,Synthetic,Portfolio,Auto,2025-11,0,1021675.8882603708
Claims Reported,month,cumulative,Synthetic,Portfolio,Auto,2025-11,1,9.464783702144505
Loss Incurred,month,cumulative,Synthetic,Portfolio,Auto,2025-11,1,69372.13021171156
Exposure,month,cumulative,Synthetic,Portfolio,Auto,2025-11,1,12462.84780301561
Earned Premium,month,cumulative,Synthetic,Portfolio,Auto,2025-11,1,1016154.4061285947
Claims Reported,month,cumulative,Synthetic,Portfolio,Auto,2025-12,0,11.479865736314002
Loss Incurred,month,cumulative,Synthetic,Portfolio,Auto,2025-12,0,66437.59919045419
Exposure,month,cumulative,Synthetic,Portfolio,Auto,2025-12,0,12873.562932951801
Earned Premium,month,cumulative,Synthetic,Portfolio,Auto,2025-12,0,1124621.1566687825
