concept,basis,amount_type,level_1,level_2,level_3,accident_period,development_period,amount
Claims Reported,month,cumulative,Synthetic,Portfolio,Auto,2021-01,0,10.709829943919408
Loss Incurred,month,cumulative,Synthetic,Portfolio,Auto,2021-01,0,373391.8985358239
Exposure,month,cumulative,Synthetic,Portfolio,Auto,2021-01,0,11241.739434529602
Earned Premium,month,cumulative,Synthetic,Portfolio,Auto,2021-01,0,813564.2124040746
Claims Reported,month,cumulative,Synthetic,Portfolio,Auto,2021-01,1,14.156399444527885
Loss Incurred,month,cumulative,Synthetic,Portfolio,Auto,2021-01,1,371601.6391171021
Exposure,month,cumulative,Synthetic,Portfolio,Auto,2021-01,1,11144.929884578363
Earned Premium,month,cumulative,Synthetic,Portfolio,Auto,2021-01,1,807265.3586716546
Claims Reported,month,cumulative,Synthetic,Portfolio,Auto,2021-01,2,18.308330590627087
Loss Incurred,month,cumulative,Synthetic,Portfolio,Auto,2021-01,2,369810.7300743905
Exposure,month,cumulative,Synthetic,Portfolio,Auto,2021-01,2,11054.511932872098
Earned Premium,month,cumulative,Synthetic,Portfolio,Auto,2021-01,2,801421.6690253019
Claims Reported,month,cumulative,Synthetic,Portfolio,Auto,2021-01,3,23.07805753465195
Loss Incurred,month,cumulative,Synthetic,Portfolio,Auto,2021-01,3,368019.2606445079
Exposure,month,cumulative,Synthetic,Portfolio,Auto,2021-01,3,10970.063590793505
Earned Premium,month,cumulative,Synthetic,Portfolio,Auto,2021-01,3,796000.2526639205
Claims Reported,month,cumulative,Synthetic,Portfolio,Auto,2021-01,4,28.267622979816828
Loss Incurred,month,cumulative,Synthetic,Portfolio,Auto,2021-01,4,366227.32017618016
Exposure,month,cumulative,Synthetic,Portfolio,Auto,2021-01,4,10891.190730424025
Earned Premium,month,cumulative,Synthetic,Portfolio,Auto,2021-01,4,790970.595522255
Claims Reported,month,cumulative,Synthetic,Portfolio,Auto,2021-01,5,33.59048119554182
Loss Incurred,month,cumulative,Synthetic,Portfolio,Auto,2021-01,5,364434.998112238
Exposure,month,cumulative,Synthetic,Portfolio,Auto,2021-01,5,10817.525245113795
Earned Premium,month,cumulative,Synthetic,Portfolio,Auto,2021-01,5,786304.3885245952
Claims Reported,month,cumulative,Synthetic,Portfolio,Auto,2021-01,6,38.72969404784764
Loss Incurred,month,cumulative,Synthetic,Portfolio,Auto,2021-01,6,362642.383971775
Exposure,month,cumulative,Synthetic,Portfolio,Auto,2021-01,6,10748.723331495212
Earned Premium,month,cumulative,Synthetic,Portfolio,Auto,2021-01,6,781975.3682491098
Claims Reported,month,cumulative,Synthetic,Portfolio,Auto,2021-01,7,43.40991367546798
Loss Incurred,month,cumulative,Synthetic,Portfolio,Auto,2021-01,7,360849.5673322739
Exposure,month,cumulative,Synthetic,Portfolio,Auto,2021-01,7,10684.463884922045
Earned Premium,month,cumulative,Synthetic,Portfolio,Auto,2021-01,7,777959.1691060021
Claims Reported,month,cumulative,Synthetic,Portfolio,Auto,2021-01,8,47.45065765710962
Loss Incurred,month,cumulative,Synthetic,Portfolio,Auto,2021-01,8,359056.63781170716
Exposure,month,cumulative,Synthetic,Portfolio,Auto,2021-01,8,10624.447000845521
Earned Premium,month,cumulative,Synthetic,Portfolio,Auto,2021-01,8,774233.1861974815
Claims Reported,month,cumulative,Synthetic,Portfolio,Auto,2021-01,9,50.78167066377767
Loss Incurred,month,cumulative,Synthetic,Portfolio,Auto,2021-01,9,357263.68505062105
Exposure,month,cumulative,Synthetic,Portfolio,Auto,2021-01,9,10568.392575133132
Earned Premium,month,cumulative,Synthetic,Portfolio,Auto,2021-01,9,770776.448087666
Claims Reported,month,cumulative,Synthetic,Portfolio,Auto,2021-01,10,53.42451517997167
Loss Incurred,month,cumulative,Synthetic,Portfolio,Auto,2021-01,10,355470.7986942094
Exposure,month,cumulative,Synthetic,Portfolio,Auto,2021-01,10,10516.038996797746
Earned Premium,month,cumulative,Synthetic,Portfolio,Auto,2021-01,10,767569.4987663137
Claims Reported,month,cumulative,Synthetic,Portfolio,Auto,2021-01,11,55.45841235342807
Loss Incurred,month,cumulative,Synthetic,Portfolio,Auto,2021-01,11,353678.0683743864
Exposure,month,cumulative,Synthetic,Portfolio,Auto,2021-01,11,10467.141927035895
Earned Premium,month,cumulative,Synthetic,Portfolio,Auto,2021-01,11,764594.2881420205
Claims Reported,month,cumulative,Synthetic,Portfolio,Auto,2021-01,12,56.987256026544586
Loss Incurred,month,cumulative,Synthetic,Portfolio,Auto,2021-01,12,351885.5836918638
Exposure,month,cumulative,Synthetic,Portfolio,Auto,2021-01,12,10421.473158876846
Earned Premium,month,cumulative,Synthetic,Portfolio,Auto,2021-01,12,761834.0704485354
Claims Reported,month,cumulative,Synthetic,Portfolio,Auto,2021-01,13,58.11624612602018
Loss Incurred,month,cumulative,Synthetic,Portfolio,Auto,2021-01,13,350093.4341982428
Exposure,month,cumulative,Synthetic,Portfolio,Auto,2021-01,13,10378.81955212039
Earned Premium,month,cumulative,Synthetic,Portfolio,Auto,2021-01,13,759273.3099923782
Claims Reported,month,cumulative,Synthetic,Portfolio,Auto,2021-01,14,58.939080978414374
Loss Incurred,month,cumulative,Synthetic,Portfolio,Auto,2021-01,14,348301.7093781253
Exposure,month,cumulative,Synthetic,Portfolio,Auto,2021-01,14,10338.982038592585
Earned Premium,month,cumulative,Synthetic,Portfolio,Auto,2021-01,14,756897.5937112693
Claims Reported,month,cumulative,Synthetic,Portfolio,Auto,2021-01,15,59.53305883237121
Loss Incurred,month,cumulative,Synthetic,Portfolio,Auto,2021-01,15,346510.49863125494
Exposure,month,cumulative,Synthetic,Portfolio,Auto,2021-01,15,10301.774693076888
Earned Premium,month,cumulative,Synthetic,Portfolio,Auto,2021-01,15,754693.5500512087
Claims Reported,month,cumulative,Synthetic,Portfolio,Auto,2021-01,16,59.95887021387615
Loss Incurred,month,cumulative,Synthetic,Portfolio,Auto,2021-01,16,344719.89125469286
Exposure,month,cumulative,Synthetic,Portfolio,Auto,2021-01,16,10267.02386558465
Earned Premium,month,cumulative,Synthetic,Portfolio,Auto,2021-01,16,752648.7737056154
Claims Reported,month,cumulative,Synthetic,Portfolio,Auto,2021-01,17,60.26261158434804
Loss Incurred,month,cumulative,Synthetic,Portfolio,Auto,2021-01,17,342929.9764250384
Exposure,month,cumulative,Synthetic,Portfolio,Auto,2021-01,17,10234.567370915182
Earned Premium,month,cumulative,Synthetic,Portfolio,Auto,2021-01,17,750751.7557929198
Claims Reported,month,cumulative,Synthetic,Portfolio,Auto,2021-01,18,60.478509534097
Loss Incurred,month,cumulative,Synthetic,Portfolio,Auto,2021-01,18,341140.8431806998
Exposure,month,cumulative,Synthetic,Portfolio,Auto,2021-01,18,10204.253731723005
Earned Premium,month,cumulative,Synthetic,Portfolio,Auto,2021-01,18,748991.819079624
Claims Reported,month,cumulative,Synthetic,Portfolio,Auto,2021-01,19,60.63158176054568
Loss Incurred,month,cumulative,Synthetic,Portfolio,Auto,2021-01,19,339352.580404224
Exposure,month,cumulative,Synthetic,Portfolio,Auto,2021-01,19,10175.941471559625
Earned Premium,month,cumulative,Synthetic,Portfolio,Auto,2021-01,19,747359.0578842357
Claims Reported,month,cumulative,Synthetic,Portfolio,Auto,2021-01,20,60.739916174678584
Loss Incurred,month,cumulative,Synthetic,Portfolio,Auto,2021-01,20,337565.2768046921
Exposure,month,cumulative,Synthetic,Portfolio,Auto,2021-01,20,10149.498454590355
Earned Premium,month,cumulative,Synthetic,Portfolio,Auto,2021-01,20,745844.2823238274
Claims Reported,month,cumulative,Synthetic,Portfolio,Auto,2021-01,21,60.816490967484555
Loss Incurred,month,cumulative,Synthetic,Portfolio,Auto,2021-01,21,335779.02090018854
Exposure,month,cumulative,Synthetic,Portfolio,Auto,2021-01,21,10124.801268904652
Earned Premium,month,cumulative,Synthetic,Portfolio,Auto,2021-01,21,744438.9665894189
Claims Reported,month,cumulative,Synthetic,Portfolio,Auto,2021-01,22,60.87056838337609
Loss Incurred,month,cumulative,Synthetic,Portfolio,Auto,2021-01,22,333993.9010003504
Exposure,month,cumulative,Synthetic,Portfolio,Auto,2021-01,22,10101.734650541735
Earned Premium,month,cumulative,Synthetic,Portfolio,Auto,2021-01,22,743135.2009590551
Claims Reported,month,cumulative,Synthetic,Portfolio,Auto,2021-01,23,60.90873389384342
Loss Incurred,month,cumulative,Synthetic,Portfolio,Auto,2021-01,23,332210.00518900534
Exposure,month,cumulative,Synthetic,Portfolio,Auto,2021-01,23,10080.190945543463
Earned Premium,month,cumulative,Synthetic,Portfolio,Auto,2021-01,23,741925.6472784838
Claims Reported,month,cumulative,Synthetic,Portfolio,Auto,2021-01,24,60.93565743316347
Loss Incurred,month,cumulative,Synthetic,Portfolio,Auto,2021-01,24,330427.4213069044
Exposure,month,cumulative,Synthetic,Portfolio,Auto,2021-01,24,10060.069607523723
Earned Premium,month,cumulative,Synthetic,Portfolio,Auto,2021-01,24,740803.4976588663
Claims Reported,month,cumulative,Synthetic,Portfolio,Auto,2021-01,25,60.954644431506615
Loss Incurred,month,cumulative,Synthetic,Portfolio,Auto,2021-01,25,328646.23693455686
Exposure,month,cumulative,Synthetic,Portfolio,Auto,2021-01,25,10041.276728409517
Earned Premium,month,cumulative,Synthetic,Portfolio,Auto,2021-01,25,739762.4361590466
Claims Reported,month,cumulative,Synthetic,Portfolio,Auto,2021-01,26,60.96803145160485
Loss Incurred,month,cumulative,Synthetic,Portfolio,Auto,2021-01,26,326866.539375175
Exposure,month,cumulative,Synthetic,Portfolio,Auto,2021-01,26,10023.724600163638
Earned Premium,month,cumulative,Synthetic,Portfolio,Auto,2021-01,26,738796.6032367166
Claims Reported,month,cumulative,Synthetic,Portfolio,Auto,2021-01,27,60.97746865762675
Loss Incurred,month,cumulative,Synthetic,Portfolio,Auto,2021-01,27,325088.41563773464
Exposure,month,cumulative,Synthetic,Portfolio,Auto,2021-01,27,10007.331305443462
Earned Premium,month,cumulative,Synthetic,Portfolio,Auto,2021-01,27,737900.5627683888
Claims Reported,month,cumulative,Synthetic,Portfolio,Auto,2021-01,28,60.98412069929774
Loss Incurred,month,cumulative,Synthetic,Portfolio,Auto,2021-01,28,323311.9524201594
Exposure,month,cumulative,Synthetic,Portfolio,Auto,2021-01,28,9992.020335285437
Earned Premium,month,cumulative,Synthetic,Portfolio,Auto,2021-01,28,737069.2714525529
Claims Reported,month,cumulative,Synthetic,Portfolio,Auto,2021-01,29,60.98880918563341
Loss Incurred,month,cumulative,Synthetic,Portfolio,Auto,2021-01,29,321537.236092635
Exposure,month,cumulative,Synthetic,Portfolio,Auto,2021-01,29,9977.720232030933
Earned Premium,month,cumulative,Synthetic,Portfolio,Auto,2021-01,29,736298.0504238044
Claims Reported,month,cumulative,Synthetic,Portfolio,Auto,2021-01,30,60.99211353913892
Loss Incurred,month,cumulative,Synthetic,Portfolio,Auto,2021-01,30,319764.35268106
Exposure,month,cumulative,Synthetic,Portfolio,Auto,2021-01,30,9964.364255827024
Earned Premium,month,cumulative,Synthetic,Portfolio,Auto,2021-01,30,735582.5589181753
Claims Reported,month,cumulative,Synthetic,Portfolio,Auto,2021-01,31,60.994442292769186
Loss Incurred,month,cumulative,Synthetic,Portfolio,Auto,2021-01,31,317993.38785064034
Exposure,month,cumulative,Synthetic,Portfolio,Auto,2021-01,31,9951.890073145629
Earned Premium,month,cumulative,Synthetic,Portfolio,Auto,2021-01,31,734918.7698414457
Claims Reported,month,cumulative,Synthetic,Portfolio,Auto,2021-01,32,60.996083444530036
Loss Incurred,month,cumulative,Synthetic,Portfolio,Auto,2021-01,32,316224.4268896336
Exposure,month,cumulative,Synthetic,Portfolio,Auto,2021-01,32,9940.239465867426
Earned Premium,month,cumulative,Synthetic,Portfolio,Auto,2021-01,32,734302.9471029239
Claims Reported,month,cumulative,Synthetic,Portfolio,Auto,2021-01,33,60.99723999767589
Loss Incurred,month,cumulative,Synthetic,Portfolio,Auto,2021-01,33,314457.55469325004
Exposure,month,cumulative,Synthetic,Portfolio,Auto,2021-01,33,9929.358059572696
Earned Premium,month,cumulative,Synthetic,Portfolio,Auto,2021-01,33,733731.6245871198
Claims Reported,month,cumulative,Synthetic,Portfolio,Auto,2021-01,34,60.9980550332466
Loss Incurred,month,cumulative,Synthetic,Portfolio,Auto,2021-01,34,312692.85574771557
Exposure,month,cumulative,Synthetic,Portfolio,Auto,2021-01,34,9919.195069771085
Earned Premium,month,cumulative,Synthetic,Portfolio,Auto,2021-01,34,733201.5866449545
Claims Reported,month,cumulative,Synthetic,Portfolio,Auto,2021-01,35,60.99862939218844
Loss Incurred,month,cumulative,Synthetic,Portfolio,Auto,2021-01,35,310930.41411450406
Exposure,month,cumulative,Synthetic,Portfolio,Auto,2021-01,35,9909.703064885862
Earned Premium,month,cumulative,Synthetic,Portfolio,Auto,2021-01,35,732709.8499947027
Claims Reported,month,cumulative,Synthetic,Portfolio,Auto,2021-01,36,60.9990341425907
Loss Incurred,month,cumulative,Synthetic,Portfolio,Auto,2021-01,36,309170.3134147451
Exposure,month,cumulative,Synthetic,Portfolio,Auto,2021-01,36,9900.837744886545
Earned Premium,month,cumulative,Synthetic,Portfolio,Auto,2021-01,36,732253.6469307995
Claims Reported,month,cumulative,Synthetic,Portfolio,Auto,2021-01,37,60.999319368604745
Loss Incurred,month,cumulative,Synthetic,Portfolio,Auto,2021-01,37,307412.63681381114
Exposure,month,cumulative,Synthetic,Portfolio,Auto,2021-01,37,9892.557734536711
Earned Premium,month,cumulative,Synthetic,Portfolio,Auto,2021-01,37,731830.4097460011
Claims Reported,month,cumulative,Synthetic,Portfolio,Auto,2021-01,38,60.99952036558185
Loss Incurred,month,cumulative,Synthetic,Portfolio,Auto,2021-01,38,305657.4670060933
Exposure,month,cumulative,Synthetic,Portfolio,Auto,2021-01,38,9884.824390292102
Earned Premium,month,cumulative,Synthetic,Portfolio,Auto,2021-01,38,731437.7562792238
Claims Reported,month,cumulative,Synthetic,Portfolio,Auto,2021-01,39,60.99966200655329
Loss Incurred,month,cumulative,Synthetic,Portfolio,Auto,2021-01,39,303904.8861999674
Exposure,month,cumulative,Synthetic,Portfolio,Auto,2021-01,39,9877.601619947758
Earned Premium,month,cumulative,Synthetic,Portfolio,Auto,2021-01,39,731073.4765077155
Claims Reported,month,cumulative,Synthetic,Portfolio,Auto,2021-01,40,60.99976181965397
Loss Incurred,month,cumulative,Synthetic,Portfolio,Auto,2021-01,40,302154.9761029604
Exposure,month,cumulative,Synthetic,Portfolio,Auto,2021-01,40,9870.855714192498
Earned Premium,month,cumulative,Synthetic,Portfolio,Auto,2021-01,40,730735.520108096
Claims Reported,month,cumulative,Synthetic,Portfolio,Auto,2021-01,41,60.99983215695341
Loss Incurred,month,cumulative,Synthetic,Portfolio,Auto,2021-01,41,300407.81790711783
Exposure,month,cumulative,Synthetic,Portfolio,Auto,2021-01,41,9864.555189284558
Earned Premium,month,cumulative,Synthetic,Portfolio,Auto,2021-01,41,730421.9849162544
Claims Reported,month,cumulative,Synthetic,Portfolio,Auto,2021-01,42,60.99988172290802
Loss Incurred,month,cumulative,Synthetic,Portfolio,Auto,2021-01,42,298663.4922745816
Exposure,month,cumulative,Synthetic,Portfolio,Auto,2021-01,42,9858.67064011418
Earned Premium,month,cumulative,Synthetic,Portfolio,Auto,2021-01,42,730131.1062211514
Claims Reported,month,cumulative,Synthetic,Portfolio,Auto,2021-01,43,60.99991665149427
Loss Incurred,month,cumulative,Synthetic,Portfolio,Auto,2021-01,43,296922.0793233808
Exposure,month,cumulative,Synthetic,Portfolio,Auto,2021-01,43,9853.174602967345
Earned Premium,month,cumulative,Synthetic,Portfolio,Auto,2021-01,43,729861.2468322646
Claims Reported,month,cumulative,Synthetic,Portfolio,Auto,2021-01,44,60.99994126527702
Loss Incurred,month,cumulative,Synthetic,Portfolio,Auto,2021-01,44,295183.6586134416
Exposure,month,cumulative,Synthetic,Portfolio,Auto,2021-01,44,9848.041427350181
Earned Premium,month,cumulative,Synthetic,Portfolio,Auto,2021-01,44,729610.8878647762
Claims Reported,month,cumulative,Synthetic,Portfolio,Auto,2021-01,45,60.9999586103285
Loss Incurred,month,cumulative,Synthetic,Portfolio,Auto,2021-01,45,293448.30913282075
Exposure,month,cumulative,Synthetic,Portfolio,Auto,2021-01,45,9843.247156275826
Earned Premium,month,cumulative,Synthetic,Portfolio,Auto,2021-01,45,729378.6201906352
Claims Reported,month,cumulative,Synthetic,Portfolio,Auto,2021-01,46,60.9999708331856
Loss Incurred,month,cumulative,Synthetic,Portfolio,Auto,2021-01,46,291716.1092841671
Exposure,month,cumulative,Synthetic,Portfolio,Auto,2021-01,46,9838.769414455042
Earned Premium,month,cumulative,Synthetic,Portfolio,Auto,2021-01,46,729163.1365073781
Claims Reported,month,cumulative,Synthetic,Portfolio,Auto,2021-01,47,60.99997944649038
Loss Incurred,month,cumulative,Synthetic,Portfolio,Auto,2021-01,47,289987.1368714167
Exposure,month,cumulative,Synthetic,Portfolio,Auto,2021-01,47,9834.587303868757
Earned Premium,month,cumulative,Synthetic,Portfolio,Auto,2021-01,47,728963.2239800675
Claims Reported,month,cumulative,Synthetic,Portfolio,Auto,2021-01,48,60.999985516185134
Loss Incurred,month,cumulative,Synthetic,Portfolio,Auto,2021-01,48,288261.46908672445
Exposure,month,cumulative,Synthetic,Portfolio,Auto,2021-01,48,9830.68130623514
Earned Premium,month,cumulative,Synthetic,Portfolio,Auto,2021-01,48,728777.7574149354
Claims Reported,month,cumulative,Synthetic,Portfolio,Auto,2021-01,49,60.99998979342745
Loss Incurred,month,cumulative,Synthetic,Portfolio,Auto,2021-01,49,286539.18249763787
Exposure,month,cumulative,Synthetic,Portfolio,Auto,2021-01,49,9827.033191916056
Earned Premium,month,cumulative,Synthetic,Portfolio,Auto,2021-01,49,728605.6929263081
Claims Reported,month,cumulative,Synthetic,Portfolio,Auto,2021-01,50,60.99999280754954
Loss Incurred,month,cumulative,Synthetic,Portfolio,Auto,2021-01,50,284820.3530345158
Exposure,month,cumulative,Synthetic,Portfolio,Auto,2021-01,50,9823.62593483772
Earned Premium,month,cumulative,Synthetic,Portfolio,Auto,2021-01,50,728446.0620611683
Claims Reported,month,cumulative,Synthetic,Portfolio,Auto,2021-01,51,60.999994931565645
Loss Incurred,month,cumulative,Synthetic,Portfolio,Auto,2021-01,51,283105.055978197
Exposure,month,cumulative,Synthetic,Portfolio,Auto,2021-01,51,9820.443633028497
Earned Premium,month,cumulative,Synthetic,Portfolio,Auto,2021-01,51,728297.9663482839
Claims Reported,month,cumulative,Synthetic,Portfolio,Auto,2021-01,52,60.9999964283346
Loss Incurred,month,cumulative,Synthetic,Portfolio,Auto,2021-01,52,281393.36594792217
Exposure,month,cumulative,Synthetic,Portfolio,Auto,2021-01,52,9817.47143440299
Earned Premium,month,cumulative,Synthetic,Portfolio,Auto,2021-01,52,728160.5722412266
Claims Reported,month,cumulative,Synthetic,Portfolio,Auto,2021-01,53,60.99999748308987
Loss Incurred,month,cumulative,Synthetic,Portfolio,Auto,2021-01,53,279685.356889512
Exposure,month,cumulative,Synthetic,Portfolio,Auto,2021-01,53,9814.695467446034
Earned Premium,month,cumulative,Synthetic,Portfolio,Auto,2021-01,53,728033.1064268119
Claims Reported,month,cumulative,Synthetic,Portfolio,Auto,2021-01,54,60.9999982263634
Loss Incurred,month,cumulative,Synthetic,Portfolio,Auto,2021-01,54,277981.10206380615
Exposure,month,cumulative,Synthetic,Portfolio,Auto,2021-01,54,9812.1027764731
Earned Premium,month,cumulative,Synthetic,Portfolio,Auto,2021-01,54,727914.8514725614
Claims Reported,month,cumulative,Synthetic,Portfolio,Auto,2021-01,55,60.9999987501394
Loss Incurred,month,cumulative,Synthetic,Portfolio,Auto,2021-01,55,276280.6740353652
Exposure,month,cumulative,Synthetic,Portfolio,Auto,2021-01,55,9809.681261164971
Earned Premium,month,cumulative,Synthetic,Portfolio,Auto,2021-01,55,727805.1417886823
Claims Reported,month,cumulative,Synthetic,Portfolio,Auto,2021-01,56,60.99999911923812
Loss Incurred,month,cumulative,Synthetic,Portfolio,Auto,2021-01,56,274584.1446614398
Exposure,month,cumulative,Synthetic,Portfolio,Auto,2021-01,56,9807.419620094472
Earned Premium,month,cumulative,Synthetic,Portfolio,Auto,2021-01,56,727703.3598818429
Claims Reported,month,cumulative,Synthetic,Portfolio,Auto,2021-01,57,60.999999379337595
Loss Incurred,month,cumulative,Synthetic,Portfolio,Auto,2021-01,57,272891.58508120815
Exposure,month,cumulative,Synthetic,Portfolio,Auto,2021-01,57,9805.3072979817
Earned Premium,month,cumulative,Synthetic,Portfolio,Auto,2021-01,57,727608.9328796532
Claims Reported,month,cumulative,Synthetic,Portfolio,Auto,2021-01,58,60.99999956262659
Loss Incurred,month,cumulative,Synthetic,Portfolio,Auto,2021-01,58,271203.06570528646
Exposure,month,cumulative,Synthetic,Portfolio,Auto,2021-01,58,9803.334436431607
Earned Premium,month,cumulative,Synthetic,Portfolio,Auto,2021-01,58,727521.3293062932
Claims Reported,month,cumulative,Synthetic,Portfolio,Auto,2021-01,59,60.99999969178817
Loss Incurred,month,cumulative,Synthetic,Portfolio,Auto,2021-01,59,269518.65620551415
Exposure,month,cumulative,Synthetic,Portfolio,Auto,2021-01,59,9801.491827923983
Earned Premium,month,cumulative,Synthetic,Portfolio,Auto,2021-01,59,727440.0560911377
Claims Reported,month,cumulative,Synthetic,Portfolio,Auto,2021-02,0,12.188506613966053
Loss Incurred,month,cumulative,Synthetic,Portfolio,Auto,2021-02,0,355222.5057204997
Exposure,month,cumulative,Synthetic,Portfolio,Auto,2021-02,0,11623.550968830852
Earned Premium,month,cumulative,Synthetic,Portfolio,Auto,2021-02,0,873139.5043888524
Claims Reported,month,cumulative,Synthetic,Portfolio,Auto,2021-02,1,16.05388741459094
Loss Incurred,month,cumulative,Synthetic,Portfolio,Auto,2021-02,1,353510.1272305202
Exposure,month,cumulative,Synthetic,Portfolio,Auto,2021-02,1,11481.340627524287
Earned Premium,month,cumulative,Synthetic,Portfolio,Auto,2021-02,1,868292.5361310521
Claims Reported,month,cumulative,Synthetic,Portfolio,Auto,2021-02,2,20.674146210812488
Loss Incurred,month,cumulative,Synthetic,Portfolio,Auto,2021-02,2,351797.21687648026
Exposure,month,cumulative,Synthetic,Portfolio,Auto,2021-02,2,11352.469496362755
Earned Premium,month,cumulative,Synthetic,Portfolio,Auto,2021-02,2,863696.694920294
Claims Reported,month,cumulative,Synthetic,Portfolio,Auto,2021-02,3,25.93367877091711
Loss Incurred,month,cumulative,Synthetic,Portfolio,Auto,2021-02,3,350083.8600924059
Exposure,month,cumulative,Synthetic,Portfolio,Auto,2021-02,3,11235.68636867831
Earned Premium,month,cumulative,Synthetic,Portfolio,Auto,2021-02,3,859338.9695730091
Claims Reported,month,cumulative,Synthetic,Portfolio,Auto,2021-02,4,31.598448411679193
Loss Incurred,month,cumulative,Synthetic,Portfolio,Auto,2021-02,4,348370.1424015132
Exposure,month,cumulative,Synthetic,Portfolio,Auto,2021-02,4,11129.857399933819
Earned Premium,month,cumulative,Synthetic,Portfolio,Auto,2021-02,4,855207.0230301396
Claims Reported,month,cumulative,Synthetic,Portfolio,Auto,2021-02,5,37.347193161171354
Loss Incurred,month,cumulative,Synthetic,Portfolio,Auto,2021-02,5,346656.1493991477
Exposure,month,cumulative,Synthetic,Portfolio,Auto,2021-02,5,11033.955099254004
Earned Premium,month,cumulative,Synthetic,Portfolio,Auto,2021-02,5,851289.1574299659
Claims Reported,month,cumulative,Synthetic,Portfolio,Auto,2021-02,6,42.83941007283963
Loss Incurred,month,cumulative,Synthetic,Portfolio,Auto,2021-02,6,344941.96673569287
Exposure,month,cumulative,Synthetic,Portfolio,Auto,2021-02,6,10947.048353541619
Earned Premium,month,cumulative,Synthetic,Portfolio,Auto,2021-02,6,847574.2809905523
Claims Reported,month,cumulative,Synthetic,Portfolio,Auto,2021-02,7,47.79212060489986
Loss Incurred,month,cumulative,Synthetic,Portfolio,Auto,2021-02,7,343227.6800994554
Exposure,month,cumulative,Synthetic,Portfolio,Auto,2021-02,7,10868.2933873231
Earned Premium,month,cumulative,Synthetic,Portfolio,Auto,2021-02,7,844051.8766080486
Claims Reported,month,cumulative,Synthetic,Portfolio,Auto,2021-02,8,52.031079782364934
Loss Incurred,month,cumulative,Synthetic,Portfolio,Auto,2021-02,8,341513.3751995344
Exposure,month,cumulative,Synthetic,Portfolio,Auto,2021-02,8,10796.92557055308
Earned Premium,month,cumulative,Synthetic,Portfolio,Auto,2021-02,8,840711.9720819538
Claims Reported,month,cumulative,Synthetic,Portfolio,Auto,2021-02,9,55.49998752586296
Loss Incurred,month,cumulative,Synthetic,Portfolio,Auto,2021-02,9,339799.13774868124
Exposure,month,cumulative,Synthetic,Portfolio,Auto,2021-02,9,10732.25199483994
Earned Premium,month,cumulative,Synthetic,Portfolio,Auto,2021-02,9,837545.1118830406
Claims Reported,month,cumulative,Synthetic,Portfolio,Auto,2021-02,10,58.236002027202446
Loss Incurred,month,cumulative,Synthetic,Portfolio,Auto,2021-02,10,338085.0534461587
Exposure,month,cumulative,Synthetic,Portfolio,Auto,2021-02,10,10673.644746015141
Earned Premium,month,cumulative,Synthetic,Portfolio,Auto,2021-02,10,834542.3303840177
Claims Reported,month,cumulative,Synthetic,Portfolio,Auto,2021-02,11,60.33189652845239
Loss Incurred,month,cumulative,Synthetic,Portfolio,Auto,2021-02,11,336371.20796060545
Exposure,month,cumulative,Synthetic,Portfolio,Auto,2021-02,11,10620.534807729884
Earned Premium,month,cumulative,Synthetic,Portfolio,Auto,2021-02,11,831695.126477142
Claims Reported,month,cumulative,Synthetic,Portfolio,Auto,2021-02,12,61.90181900837934
Loss Incurred,month,cumulative,Synthetic,Portfolio,Auto,2021-02,12,334657.68691291264
Exposure,month,cumulative,Synthetic,Portfolio,Auto,2021-02,12,10572.406536889257
Earned Premium,month,cumulative,Synthetic,Portfolio,Auto,2021-02,12,828995.4395069225
Claims Reported,month,cumulative,Synthetic,Portfolio,Auto,2021-02,13,63.05811534199433
Loss Incurred,month,cumulative,Synthetic,Portfolio,Auto,2021-02,13,332944.57585912273
Exposure,month,cumulative,Synthetic,Portfolio,Auto,2021-02,13,10528.792657286018
Earned Premium,month,cumulative,Synthetic,Portfolio,Auto,2021-02,13,826435.6264497782
Claims Reported,month,cumulative,Synthetic,Portfolio,Auto,2021-02,14,63.89923606869972
Loss Incurred,month,cumulative,Synthetic,Portfolio,Auto,2021-02,14,331231.9602733543
Exposure,month,cumulative,Synthetic,Portfolio,Auto,2021-02,14,10489.26972282729
Earned Premium,month,cumulative,Synthetic,Portfolio,Auto,2021-02,14,824008.4402760444
Claims Reported,month,cumulative,Synthetic,Portfolio,Auto,2021-02,15,64.50556947037818
Loss Incurred,month,cumulative,Synthetic,Portfolio,Auto,2021-02,15,329519.9255307619
Exposure,month,cumulative,Synthetic,Portfolio,Auto,2021-02,15,10453.454006306793
Earned Premium,month,cumulative,Synthetic,Portfolio,Auto,2021-02,15,821707.0094330682
Claims Reported,month,cumulative,Synthetic,Portfolio,Auto,2021-02,16,64.93980337306697
Loss Incurred,month,cumulative,Synthetic,Portfolio,Auto,2021-02,16,327808.556890538
Exposure,month,cumulative,Synthetic,Portfolio,Auto,2021-02,16,10420.997773806743
Earned Premium,month,cumulative,Synthetic,Portfolio,Auto,2021-02,16,819524.8183913098
Claims Reported,month,cumulative,Synthetic,Portfolio,Auto,2021-02,17,65.24933106493148
Loss Incurred,month,cumulative,Synthetic,Portfolio,Auto,2021-02,17,326097.9394789648
Exposure,month,cumulative,Synthetic,Portfolio,Auto,2021-02,17,10391.585908557741
Earned Premium,month,cumulative,Synthetic,Portfolio,Auto,2021-02,17,817455.6891983714
Claims Reported,month,cumulative,Synthetic,Portfolio,Auto,2021-02,18,65.46922978569351
Loss Incurred,month,cumulative,Synthetic,Portfolio,Auto,2021-02,18,324388.15827252093
Exposure,month,cumulative,Synthetic,Portfolio,Auto,2021-02,18,10364.932851477746
Earned Premium,month,cumulative,Synthetic,Portfolio,Auto,2021-02,18,815493.7639887345
Claims Reported,month,cumulative,Synthetic,Portfolio,Auto,2021-02,19,65.62508216283128
Loss Incurred,month,cumulative,Synthetic,Portfolio,Auto,2021-02,19,322679.29808105313
Exposure,month,cumulative,Synthetic,Portfolio,Auto,2021-02,19,10340.779828685914
Earned Premium,month,cumulative,Synthetic,Portfolio,Auto,2021-02,19,813633.4883996866
Claims Reported,month,cumulative,Synthetic,Portfolio,Auto,2021-02,20,65.73535591423308
Loss Incurred,month,cumulative,Synthetic,Portfolio,Auto,2021-02,20,320971.4435310169
Exposure,month,cumulative,Synthetic,Portfolio,Auto,2021-02,20,10318.8923390733
Earned Premium,month,cumulative,Synthetic,Portfolio,Auto,2021-02,20,811869.5958464905
Claims Reported,month,cumulative,Synthetic,Portfolio,Auto,2021-02,21,65.81328737280573
Loss Incurred,month,cumulative,Synthetic,Portfolio,Auto,2021-02,21,319264.67904879566
Exposure,month,cumulative,Synthetic,Portfolio,Auto,2021-02,21,10299.057877537318
Earned Premium,month,cumulative,Synthetic,Portfolio,Auto,2021-02,21,810197.0926122714
Claims Reported,month,cumulative,Synthetic,Portfolio,Auto,2021-02,22,65.86831582233874
Loss Incurred,month,cumulative,Synthetic,Portfolio,Auto,2021-02,22,317559.08884410426
Exposure,month,cumulative,Synthetic,Portfolio,Auto,2021-02,22,10281.083871774883
Earned Premium,month,cumulative,Synthetic,Portfolio,Auto,2021-02,22,808611.2437104182
Claims Reported,month,cumulative,Synthetic,Portfolio,Auto,2021-02,23,65.90714901960675
Loss Incurred,month,cumulative,Synthetic,Portfolio,Auto,2021-02,23,315854.756893483
Exposure,month,cumulative,Synthetic,Portfolio,Auto,2021-02,23,10264.795812602622
Earned Premium,month,cumulative,Synthetic,Portfolio,Auto,2021-02,23,807107.5594794676
Claims Reported,month,cumulative,Synthetic,Portfolio,Auto,2021-02,24,65.93454182510149
Loss Incurred,month,cumulative,Synthetic,Portfolio,Auto,2021-02,24,314151.76692389086
Exposure,month,cumulative,Synthetic,Portfolio,Auto,2021-02,24,10250.035559651467
Earned Premium,month,cumulative,Synthetic,Portfolio,Auto,2021-02,24,805681.782872524
Claims Reported,month,cumulative,Synthetic,Portfolio,Auto,2021-02,25,65.95385888961725
Loss Incurred,month,cumulative,Synthetic,Portfolio,Auto,2021-02,25,312450.2023964028
Exposure,month,cumulative,Synthetic,Portfolio,Auto,2021-02,25,10236.659805985668
Earned Premium,month,cumulative,Synthetic,Portfolio,Auto,2021-02,25,804329.8774052289
Claims Reported,month,cumulative,Synthetic,Portfolio,Auto,2021-02,26,65.96747819478279
Loss Incurred,month,cumulative,Synthetic,Portfolio,Auto,2021-02,26,310750.14649001876
Exposure,month,cumulative,Synthetic,Portfolio,Auto,2021-02,26,10224.538686739255
Earned Premium,month,cumulative,Synthetic,Portfolio,Auto,2021-02,26,803048.0157281599
Claims Reported,month,cumulative,Synthetic,Portfolio,Auto,2021-02,27,65.97707893581861
Loss Incurred,month,cumulative,Synthetic,Portfolio,Auto,2021-02,27,309051.68208559166
Exposure,month,cumulative,Synthetic,Portfolio,Auto,2021-02,27,10213.554518261231
Earned Premium,month,cumulative,Synthetic,Portfolio,Auto,2021-02,27,801832.5687913074
Claims Reported,month,cumulative,Synthetic,Portfolio,Auto,2021-02,28,65.98384614235174
Loss Incurred,month,cumulative,Synthetic,Portfolio,Auto,2021-02,28,307354.89174987853
Exposure,month,cumulative,Synthetic,Portfolio,Auto,2021-02,28,10203.600655527856
Earned Premium,month,cumulative,Synthetic,Portfolio,Auto,2021-02,28,800680.0955699517
Claims Reported,month,cumulative,Synthetic,Portfolio,Auto,2021-02,29,65.9886157460676
Loss Incurred,month,cumulative,Synthetic,Portfolio,Auto,2021-02,29,305659.8577197243
Exposure,month,cumulative,Synthetic,Portfolio,Auto,2021-02,29,10194.58045672873
Earned Premium,month,cumulative,Synthetic,Portfolio,Auto,2021-02,29,799587.3333228546
Claims Reported,month,cumulative,Synthetic,Portfolio,Auto,2021-02,30,65.99197724318057
Loss Incurred,month,cumulative,Synthetic,Portfolio,Auto,2021-02,30,303966.6618863819
Exposure,month,cumulative,Synthetic,Portfolio,Auto,2021-02,30,10186.406344973811
Earned Premium,month,cumulative,Synthetic,Portfolio,Auto,2021-02,30,798551.1883551859
Claims Reported,month,cumulative,Synthetic,Portfolio,Auto,2021-02,31,65.99434625586903
Loss Incurred,month,cumulative,Synthetic,Portfolio,Auto,2021-02,31,302275.38577997644
Exposure,month,cumulative,Synthetic,Portfolio,Auto,2021-02,31,10178.998958011518
Earned Premium,month,cumulative,Synthetic,Portfolio,Auto,2021-02,31,797568.7272600328
Claims Reported,month,cumulative,Synthetic,Portfolio,Auto,2021-02,32,65.99601577305863
Loss Incurred,month,cumulative,Synthetic,Portfolio,Auto,2021-02,32,300586.1105541195
Exposure,month,cumulative,Synthetic,Portfolio,Auto,2021-02,32,10172.286377702581
Earned Premium,month,cumulative,Synthetic,Portfolio,Auto,2021-02,32,796637.1686136967
Claims Reported,month,cumulative,Synthetic,Portfolio,Auto,2021-02,33,65.99719231267473
Loss Incurred,month,cumulative,Synthetic,Portfolio,Auto,2021-02,33,298898.9169706785
Exposure,month,cumulative,Synthetic,Portfolio,Auto,2021-02,33,10166.203431768568
Earned Premium,month,cumulative,Synthetic,Portfolio,Auto,2021-02,33,795753.8751012664
Claims Reported,month,cumulative,Synthetic,Portfolio,Auto,2021-02,34,65.9980214313259
Loss Incurred,month,cumulative,Synthetic,Portfolio,Auto,2021-02,34,297213.8853847086
Exposure,month,cumulative,Synthetic,Portfolio,Auto,2021-02,34,10160.691061035832
Earned Premium,month,cumulative,Synthetic,Portfolio,Auto,2021-02,34,794916.3460501758
Claims Reported,month,cumulative,Synthetic,Portfolio,Auto,2021-02,35,65.99860571387713
Loss Incurred,month,cumulative,Synthetic,Portfolio,Auto,2021-02,35,295531.0957295512
Exposure,month,cumulative,Synthetic,Portfolio,Auto,2021-02,35,10155.695746031432
Earned Premium,month,cumulative,Synthetic,Portfolio,Auto,2021-02,35,794122.2103506044
Claims Reported,month,cumulative,Synthetic,Portfolio,Auto,2021-02,36,65.99901745704582
Loss Incurred,month,cumulative,Synthetic,Portfolio,Auto,2021-02,36,293850.62750210677
Exposure,month,cumulative,Synthetic,Portfolio,Auto,2021-02,36,10151.168987363879
Earned Premium,month,cumulative,Synthetic,Portfolio,Auto,2021-02,36,793369.2197426812
Claims Reported,month,cumulative,Synthetic,Portfolio,Auto,2021-02,37,65.9993076106386
Loss Incurred,month,cumulative,Synthetic,Portfolio,Auto,2021-02,37,292172.55974828533
Exposure,month,cumulative,Synthetic,Portfolio,Auto,2021-02,37,10147.066834843725
Earned Premium,month,cumulative,Synthetic,Portfolio,Auto,2021-02,37,792655.2424514875
Claims Reported,month,cumulative,Synthetic,Portfolio,Auto,2021-02,38,65.99951207995198
Loss Incurred,month,cumulative,Synthetic,Portfolio,Auto,2021-02,38,290496.971048642
Exposure,month,cumulative,Synthetic,Portfolio,Auto,2021-02,38,10143.349460772244
Earned Premium,month,cumulative,Synthetic,Portfolio,Auto,2021-02,38,791978.2571518348
Claims Reported,month,cumulative,Synthetic,Portfolio,Auto,2021-02,39,65.99965616780278
Loss Incurred,month,cumulative,Synthetic,Portfolio,Auto,2021-02,39,288823.9395042016
Exposure,month,cumulative,Synthetic,Portfolio,Auto,2021-02,39,10139.980773255282
Earned Premium,month,cumulative,Synthetic,Portfolio,Auto,2021-02,39,791336.3472457376
Claims Reported,month,cumulative,Synthetic,Portfolio,Auto,2021-02,40,65.999757705173
Loss Incurred,month,cumulative,Synthetic,Portfolio,Auto,2021-02,40,287153.5427224782
Exposure,month,cumulative,Synthetic,Portfolio,Auto,2021-02,40,10136.928065787935
Earned Premium,month,cumulative,Synthetic,Portfolio,Auto,2021-02,40,790727.6954363745
Claims Reported,month,cumulative,Synthetic,Portfolio,Auto,2021-02,41,65.9998292575361
Loss Incurred,month,cumulative,Synthetic,Portfolio,Auto,2021-02,41,285485.85780369403
Exposure,month,cumulative,Synthetic,Portfolio,Auto,2021-02,41,10134.161699707887
Earned Premium,month,cumulative,Synthetic,Portfolio,Auto,2021-02,41,790150.5785831803
Claims Reported,month,cumulative,Synthetic,Portfolio,Auto,2021-02,42,65.99987967972736
Loss Incurred,month,cumulative,Synthetic,Portfolio,Auto,2021-02,42,283820.9613272037
Exposure,month,cumulative,Synthetic,Portfolio,Auto,2021-02,42,10131.654816434371
Earned Premium,month,cumulative,Synthetic,Portfolio,Auto,2021-02,42,789603.3628235013
Claims Reported,month,cumulative,Synthetic,Portfolio,Auto,2021-02,43,65.99991521169127
Loss Incurred,month,cumulative,Synthetic,Portfolio,Auto,2021-02,43,282158.9293381271
Exposure,month,cumulative,Synthetic,Portfolio,Auto,2021-02,43,10129.38307669885
Earned Premium,month,cumulative,Synthetic,Portfolio,Auto,2021-02,43,789084.4989470025
Claims Reported,month,cumulative,Synthetic,Portfolio,Auto,2021-02,44,65.99994025066603
Loss Incurred,month,cumulative,Synthetic,Portfolio,Auto,2021-02,44,280499.83733419696
Exposure,month,cumulative,Synthetic,Portfolio,Auto,2021-02,44,10127.324424235667
Earned Premium,month,cumulative,Synthetic,Portfolio,Auto,2021-02,44,788592.5180097333
Claims Reported,month,cumulative,Synthetic,Portfolio,Auto,2021-02,45,65.99995789534474
Loss Incurred,month,cumulative,Synthetic,Portfolio,Auto,2021-02,45,278843.7602528244
Exposure,month,cumulative,Synthetic,Portfolio,Auto,2021-02,45,10125.458871638284
Earned Premium,month,cumulative,Synthetic,Portfolio,Auto,2021-02,45,788126.0271754327
Claims Reported,month,cumulative,Synthetic,Portfolio,Auto,2021-02,46,65.99997032934532
Loss Incurred,month,cumulative,Synthetic,Portfolio,Auto,2021-02,46,277190.77245838824
Exposure,month,cumulative,Synthetic,Portfolio,Auto,2021-02,46,10123.768306302058
Earned Premium,month,cumulative,Synthetic,Portfolio,Auto,2021-02,46,787683.7057723021
Claims Reported,month,cumulative,Synthetic,Portfolio,Auto,2021-02,47,65.99997909144025
Loss Incurred,month,cumulative,Synthetic,Portfolio,Auto,2021-02,47,275540.9477297498
Exposure,month,cumulative,Synthetic,Portfolio,Auto,2021-02,47,10122.236314569385
Earned Premium,month,cumulative,Synthetic,Portfolio,Auto,2021-02,47,787264.3015540806
Claims Reported,month,cumulative,Synthetic,Portfolio,Auto,2021-02,48,65.9999852659856
Loss Incurred,month,cumulative,Synthetic,Portfolio,Auto,2021-02,48,273894.35924800084
Exposure,month,cumulative,Synthetic,Portfolio,Auto,2021-02,48,10120.848022369917
Earned Premium,month,cumulative,Synthetic,Portfolio,Auto,2021-02,48,786866.627154838
Claims Reported,month,cumulative,Synthetic,Portfolio,Auto,2021-02,49,65.99998961711486
Loss Incurred,month,cumulative,Synthetic,Portfolio,Auto,2021-02,49,272251.0795844445
Exposure,month,cumulative,Synthetic,Portfolio,Auto,2021-02,49,10119.589950808564
Earned Premium,month,cumulative,Synthetic,Portfolio,Auto,2021-02,49,786489.5567274506
Claims Reported,month,cumulative,Synthetic,Portfolio,Auto,2021-02,50,65.99999268330416
Loss Incurred,month,cumulative,Synthetic,Portfolio,Auto,2021-02,50,270611.18068881624
Exposure,month,cumulative,Synthetic,Portfolio,Auto,2021-02,50,10118.449885299233
Earned Premium,month,cumulative,Synthetic,Portfolio,Auto,2021-02,50,786132.0227562394
Claims Reported,month,cumulative,Synthetic,Portfolio,Auto,2021-02,51,65.99999484401143
Loss Incurred,month,cumulative,Synthetic,Portfolio,Auto,2021-02,51,268974.7338777466
Exposure,month,cumulative,Synthetic,Portfolio,Auto,2021-02,51,10117.416756973713
Earned Premium,month,cumulative,Synthetic,Portfolio,Auto,2021-02,51,785793.0130347514
Claims Reported,month,cumulative,Synthetic,Portfolio,Auto,2021-02,52,65.99999636663617
Loss Incurred,month,cumulative,Synthetic,Portfolio,Auto,2021-02,52,267341.8098234695
Exposure,month,cumulative,Synthetic,Portfolio,Auto,2021-02,52,10116.4805352143
Earned Premium,month,cumulative,Synthetic,Portfolio,Auto,2021-02,52,785471.5678001236
Claims Reported,month,cumulative,Synthetic,Portfolio,Auto,2021-02,53,65.99999743961173
Loss Incurred,month,cumulative,Synthetic,Portfolio,Auto,2021-02,53,265712.4785427799
Exposure,month,cumulative,Synthetic,Portfolio,Auto,2021-02,53,10115.632130266775
Earned Premium,month,cumulative,Synthetic,Portfolio,Auto,2021-02,53,785166.7770159203
Claims Reported,month,cumulative,Synthetic,Portfolio,Auto,2021-02,54,65.99999819572487
Loss Incurred,month,cumulative,Synthetic,Portfolio,Auto,2021-02,54,264086.8093862429
Exposure,month,cumulative,Synthetic,Portfolio,Auto,2021-02,54,10114.863304988205
Earned Premium,month,cumulative,Synthetic,Portfolio,Auto,2021-02,54,784877.7777957484
Claims Reported,month,cumulative,Synthetic,Portfolio,Auto,2021-02,55,65.9999987285488
Loss Incurred,month,cumulative,Synthetic,Portfolio,Auto,2021-02,55,262464.8710276584
Exposure,month,cumulative,Synthetic,Portfolio,Auto,2021-02,55,10114.16659487272
Earned Premium,month,cumulative,Synthetic,Portfolio,Auto,2021-02,55,784603.7519603606
Claims Reported,month,cumulative,Synthetic,Portfolio,Auto,2021-02,56,65.99999910402347
Loss Incurred,month,cumulative,Synthetic,Portfolio,Auto,2021-02,56,260846.73145378317
Exposure,month,cumulative,Synthetic,Portfolio,Auto,2021-02,56,10113.535235578809
Earned Premium,month,cumulative,Synthetic,Portfolio,Auto,2021-02,56,784343.9237213245
Claims Reported,month,cumulative,Synthetic,Portfolio,Auto,2021-02,57,65.99999936861602
Loss Incurred,month,cumulative,Synthetic,Portfolio,Auto,2021-02,57,259232.45795431308
Exposure,month,cumulative,Synthetic,Portfolio,Auto,2021-02,57,10112.963097254491
Earned Premium,month,cumulative,Synthetic,Portfolio,Auto,2021-02,57,784097.5574847066
Claims Reported,month,cumulative,Synthetic,Portfolio,Auto,2021-02,58,65.99999955507121
Loss Incurred,month,cumulative,Synthetic,Portfolio,Auto,2021-02,58,257622.1171121286
Exposure,month,cumulative,Synthetic,Portfolio,Auto,2021-02,58,10112.444625022737
Earned Premium,month,cumulative,Synthetic,Portfolio,Auto,2021-02,58,783863.9557685482
Claims Reported,month,cumulative,Synthetic,Portfolio,Auto,2021-03,0,8.05313366015311
Loss Incurred,month,cumulative,Synthetic,Portfolio,Auto,2021-03,0,216334.32637159375
Exposure,month,cumulative,Synthetic,Portfolio,Auto,2021-03,0,12545.036748420429
Earned Premium,month,cumulative,Synthetic,Portfolio,Auto,2021-03,0,970024.1164521194
Claims Reported,month,cumulative,Synthetic,Portfolio,Auto,2021-03,1,10.662337829964997
Loss Incurred,month,cumulative,Synthetic,Portfolio,Auto,2021-03,1,215291.76238962015
Exposure,month,cumulative,Synthetic,Portfolio,Auto,2021-03,1,12411.911305540405
Earned Premium,month,cumulative,Synthetic,Portfolio,Auto,2021-03,1,963222.8009140001
Claims Reported,month,cumulative,Synthetic,Portfolio,Auto,2021-03,2,13.817009297341736
Loss Incurred,month,cumulative,Synthetic,Portfolio,Auto,2021-03,2,214248.87174925787
Exposure,month,cumulative,Synthetic,Portfolio,Auto,2021-03,2,12289.616568849622
Earned Premium,month,cumulative,Synthetic,Portfolio,Auto,2021-03,2,956866.5674391018
Claims Reported,month,cumulative,Synthetic,Portfolio,Auto,2021-03,3,17.456660818314568
Loss Incurred,month,cumulative,Synthetic,Portfolio,Auto,2021-03,3,213205.70646383023
Exposure,month,cumulative,Synthetic,Portfolio,Auto,2021-03,3,12177.271382995503
Earned Premium,month,cumulative,Synthetic,Portfolio,Auto,2021-03,3,950926.2895971198
Claims Reported,month,cumulative,Synthetic,Portfolio,Auto,2021-03,4,21.43572407823992
Loss Incurred,month,cumulative,Synthetic,Portfolio,Auto,2021-03,4,212162.31860152967
Exposure,month,cumulative,Synthetic,Portfolio,Auto,2021-03,4,12074.066280910782
Earned Premium,month,cumulative,Synthetic,Portfolio,Auto,2021-03,4,945374.7470083688
Claims Reported,month,cumulative,Synthetic,Portfolio,Auto,2021-03,5,25.537759362818974
Loss Incurred,month,cumulative,Synthetic,Portfolio,Auto,2021-03,5,211118.76027503097
Exposure,month,cumulative,Synthetic,Portfolio,Auto,2021-03,5,11979.257651459147
Earned Premium,month,cumulative,Synthetic,Portfolio,Auto,2021-03,5,940186.5006107166
Claims Reported,month,cumulative,Synthetic,Portfolio,Auto,2021-03,6,29.51837887640154
Loss Incurred,month,cumulative,Synthetic,Portfolio,Auto,2021-03,6,210075.08363108654
Exposure,month,cumulative,Synthetic,Portfolio,Auto,2021-03,6,11892.162381584621
Earned Premium,month,cumulative,Synthetic,Portfolio,Auto,2021-03,6,935337.7760891228
Claims Reported,month,cumulative,Synthetic,Portfolio,Auto,2021-03,7,33.160796721011124
Loss Incurred,month,cumulative,Synthetic,Portfolio,Auto,2021-03,7,209031.34084010628
Exposure,month,cumulative,Synthetic,Portfolio,Auto,2021-03,7,11812.152934360342
Earned Premium,month,cumulative,Synthetic,Portfolio,Auto,2021-03,7,930806.3549336152
Claims Reported,month,cumulative,Synthetic,Portfolio,Auto,2021-03,8,36.31890439192719
Loss Incurred,month,cumulative,Synthetic,Portfolio,Auto,2021-03,8,207987.5840857279
Exposure,month,cumulative,Synthetic,Portfolio,Auto,2021-03,8,11738.652827473285
Earned Premium,month,cumulative,Synthetic,Portfolio,Auto,2021-03,8,926571.4726264984
Claims Reported,month,cumulative,Synthetic,Portfolio,Auto,2021-03,9,38.9316796101096
Loss Incurred,month,cumulative,Synthetic,Portfolio,Auto,2021-03,9,206943.86555438177
Exposure,month,cumulative,Synthetic,Portfolio,Auto,2021-03,9,11671.132479566553
Earned Premium,month,cumulative,Synthetic,Portfolio,Auto,2021-03,9,922613.7234922487
Claims Reported,month,cumulative,Synthetic,Portfolio,Auto,2021-03,10,41.01072357037328
Loss Incurred,month,cumulative,Synthetic,Portfolio,Auto,2021-03,10,205900.23742485416
Exposure,month,cumulative,Synthetic,Portfolio,Auto,2021-03,10,11609.1053945114
Earned Premium,month,cumulative,Synthetic,Portfolio,Auto,2021-03,10,918914.9717740886
Claims Reported,month,cumulative,Synthetic,Portfolio,Auto,2021-03,11,42.614388853416365
Loss Incurred,month,cumulative,Synthetic,Portfolio,Auto,2021-03,11,204856.75185785405
Exposure,month,cumulative,Synthetic,Portfolio,Auto,2021-03,11,11552.124656116013
Earned Premium,month,cumulative,Synthetic,Portfolio,Auto,2021-03,11,915458.2685297619
Claims Reported,month,cumulative,Synthetic,Portfolio,Auto,2021-03,12,43.82193797641598
Loss Incurred,month,cumulative,Synthetic,Portfolio,Auto,2021-03,12,203813.46098558733
Exposure,month,cumulative,Synthetic,Portfolio,Auto,2021-03,12,11499.779708014767
Earned Premium,month,cumulative,Synthetic,Portfolio,Auto,2021-03,12,912227.7739656977
Claims Reported,month,cumulative,Synthetic,Portfolio,Auto,2021-03,13,44.714826044190204
Loss Incurred,month,cumulative,Synthetic,Portfolio,Auto,2021-03,13,202770.4169013435
Exposure,month,cumulative,Synthetic,Portfolio,Auto,2021-03,13,11451.693395536513
Earned Premium,month,cumulative,Synthetic,Portfolio,Auto,2021-03,13,909208.6848536727
Claims Reported,month,cumulative,Synthetic,Portfolio,Auto,2021-03,14,45.3662066708888
Loss Incurred,month,cumulative,Synthetic,Portfolio,Auto,2021-03,14,201727.6716490985
Exposure,month,cumulative,Synthetic,Portfolio,Auto,2021-03,14,11407.519248238023
Earned Premium,month,cumulative,Synthetic,Portfolio,Auto,2021-03,14,906387.1666973692
Claims Reported,month,cumulative,Synthetic,Portfolio,Auto,2021-03,15,45.836743891134525
Loss Incurred,month,cumulative,Synthetic,Portfolio,Auto,2021-03,15,200685.27721313873
Exposure,month,cumulative,Synthetic,Portfolio,Auto,2021-03,15,11366.938983522754
Earned Premium,month,cumulative,Synthetic,Portfolio,Auto,2021-03,15,903750.2903379921
Claims Reported,month,cumulative,Synthetic,Portfolio,Auto,2021-03,16,46.17423172774742
Loss Incurred,month,cumulative,Synthetic,Portfolio,Auto,2021-03,16,199643.28550771027
Exposure,month,cumulative,Synthetic,Portfolio,Auto,2021-03,16,11329.66021335807
Earned Premium,month,cumulative,Synthetic,Portfolio,Auto,2021-03,16,901285.9727084538
Claims Reported,month,cumulative,Synthetic,Portfolio,Auto,2021-03,17,46.41505595515925
Loss Incurred,month,cumulative,Synthetic,Portfolio,Auto,2021-03,17,198601.74836669787
Exposure,month,cumulative,Synthetic,Portfolio,Auto,2021-03,17,11295.414337567407
Earned Premium,month,cumulative,Synthetic,Portfolio,Auto,2021-03,17,898982.9214646373
Claims Reported,month,cumulative,Synthetic,Portfolio,Auto,2021-03,18,46.58627632359514
Loss Incurred,month,cumulative,Synthetic,Portfolio,Auto,2021-03,18,197560.71753333788
Exposure,month,cumulative,Synthetic,Portfolio,Auto,2021-03,18,11263.954608518176
Earned Premium,month,cumulative,Synthetic,Portfolio,Auto,2021-03,18,896830.5832400237
Claims Reported,month,cumulative,Synthetic,Portfolio,Auto,2021-03,19,46.70769399694699
Loss Incurred,month,cumulative,Synthetic,Portfolio,Auto,2021-03,19,196520.24464996968
Exposure,month,cumulative,Synthetic,Portfolio,Auto,2021-03,19,11235.054353261137
Earned Premium,month,cumulative,Synthetic,Portfolio,Auto,2021-03,19,894819.0952865658
Claims Reported,month,cumulative,Synthetic,Portfolio,Auto,2021-03,20,46.79363642829678
Loss Incurred,month,cumulative,Synthetic,Portfolio,Auto,2021-03,20,195480.38124782976
Exposure,month,cumulative,Synthetic,Portfolio,Auto,2021-03,20,11208.505340311438
Earned Premium,month,cumulative,Synthetic,Portfolio,Auto,2021-03,20,892939.2402802124
Claims Reported,month,cumulative,Synthetic,Portfolio,Auto,2021-03,21,46.854389245563645
Loss Incurred,month,cumulative,Synthetic,Portfolio,Auto,2021-03,21,194441.1787368927
Exposure,month,cumulative,Synthetic,Portfolio,Auto,2021-03,21,11184.116279303697
Earned Premium,month,cumulative,Synthetic,Portfolio,Auto,2021-03,21,891182.404083984
Claims Reported,month,cumulative,Synthetic,Portfolio,Auto,2021-03,22,46.89729587097228
Loss Incurred,month,cumulative,Synthetic,Portfolio,Auto,2021-03,22,193402.68839576314
Exposure,month,cumulative,Synthetic,Portfolio,Auto,2021-03,22,11161.71144271085
Earned Premium,month,cumulative,Synthetic,Portfolio,Auto,2021-03,22,889540.5362750588
Claims Reported,month,cumulative,Synthetic,Portfolio,Auto,2021-03,23,46.927578889160934
Loss Incurred,month,cumulative,Synthetic,Portfolio,Auto,2021-03,23,192364.96136162354
Exposure,month,cumulative,Synthetic,Portfolio,Auto,2021-03,23,11141.12939969604
Earned Premium,month,cumulative,Synthetic,Portfolio,Auto,2021-03,23,888006.113254989
Claims Reported,month,cumulative,Synthetic,Portfolio,Auto,2021-03,24,46.94894247259913
Loss Incurred,month,cumulative,Synthetic,Portfolio,Auto,2021-03,24,191328.04862024108
Exposure,month,cumulative,Synthetic,Portfolio,Auto,2021-03,24,11122.221852974688
Earned Premium,month,cumulative,Synthetic,Portfolio,Auto,2021-03,24,886572.1037740058
Claims Reported,month,cumulative,Synthetic,Portfolio,Auto,2021-03,25,46.9640088223537
Loss Incurred,month,cumulative,Synthetic,Portfolio,Auto,2021-03,25,190292.00099603843
Exposure,month,cumulative,Synthetic,Portfolio,Auto,2021-03,25,11104.852570306159
Earned Premium,month,cumulative,Synthetic,Portfolio,Auto,2021-03,25,885231.9367114337
Claims Reported,month,cumulative,Synthetic,Portfolio,Auto,2021-03,26,46.97463170896893
Loss Incurred,month,cumulative,Synthetic,Portfolio,Auto,2021-03,26,189256.86914223197
Exposure,month,cumulative,Synthetic,Portfolio,Auto,2021-03,26,11088.896402916203
Earned Premium,month,cumulative,Synthetic,Portfolio,Auto,2021-03,26,883979.4709645743
Claims Reported,month,cumulative,Synthetic,Portfolio,Auto,2021-03,27,46.98212041754032
Loss Incurred,month,cumulative,Synthetic,Portfolio,Auto,2021-03,27,188222.70353104224
Exposure,month,cumulative,Synthetic,Portfolio,Auto,2021-03,27,11074.238383777763
Earned Premium,month,cumulative,Synthetic,Portfolio,Auto,2021-03,27,882808.9673080783
Claims Reported,month,cumulative,Synthetic,Portfolio,Auto,2021-03,28,46.987399055581676
Loss Incurred,month,cumulative,Synthetic,Portfolio,Auto,2021-03,28,187189.5544439793
Exposure,month,cumulative,Synthetic,Portfolio,Auto,2021-03,28,11060.77289925307
Earned Premium,month,cumulative,Synthetic,Portfolio,Auto,2021-03,28,881715.0620948572
Claims Reported,month,cumulative,Synthetic,Portfolio,Auto,2021-03,29,46.991119561443504
Loss Incurred,month,cumulative,Synthetic,Portfolio,Auto,2021-03,29,186157.47196220857
Exposure,month,cumulative,Synthetic,Portfolio,Auto,2021-03,29,11048.402928128575
Earned Premium,month,cumulative,Synthetic,Portfolio,Auto,2021-03,29,880692.7426780222
Claims Reported,month,cumulative,Synthetic,Portfolio,Auto,2021-03,30,46.993741711518666
Loss Incurred,month,cumulative,Synthetic,Portfolio,Auto,2021-03,30,185126.50595699935
Exposure,month,cumulative,Synthetic,Portfolio,Auto,2021-03,30,11037.039342559843
Earned Premium,month,cumulative,Synthetic,Portfolio,Auto,2021-03,30,879737.3244412257
Claims Reported,month,cumulative,Synthetic,Portfolio,Auto,2021-03,31,46.99558968522155
Loss Incurred,month,cumulative,Synthetic,Portfolio,Auto,2021-03,31,184096.70608026118
Exposure,month,cumulative,Synthetic,Portfolio,Auto,2021-03,31,11026.60026588955
Earned Premium,month,cumulative,Synthetic,Portfolio,Auto,2021-03,31,878844.429332152
Claims Reported,month,cumulative,Synthetic,Portfolio,Auto,2021-03,32,46.99689201757832
Loss Incurred,month,cumulative,Synthetic,Portfolio,Auto,2021-03,32,183068.12175517093
Exposure,month,cumulative,Synthetic,Portfolio,Auto,2021-03,32,11017.010482711597
Earned Premium,month,cumulative,Synthetic,Portfolio,Auto,2021-03,32,878009.965800787
Claims Reported,month,cumulative,Synthetic,Portfolio,Auto,2021-03,33,46.99780979903376
Loss Incurred,month,cumulative,Synthetic,Portfolio,Auto,2021-03,33,182040.80216689446
Exposure,month,cumulative,Synthetic,Portfolio,Auto,2021-03,33,11008.200896930713
Earned Premium,month,cumulative,Synthetic,Portfolio,Auto,2021-03,33,877230.1100505403
Claims Reported,month,cumulative,Synthetic,Portfolio,Auto,2021-03,34,46.998456570225024
Loss Incurred,month,cumulative,Synthetic,Portfolio,Auto,2021-03,34,181014.79625340688
Exposure,month,cumulative,Synthetic,Portfolio,Auto,2021-03,34,11000.108033912795
Earned Premium,month,cumulative,Synthetic,Portfolio,Auto,2021-03,34,876501.288516305
Claims Reported,month,cumulative,Synthetic,Portfolio,Auto,2021-03,35,46.99891235287256
Loss Incurred,month,cumulative,Synthetic,Portfolio,Auto,2021-03,35,179990.15269641438
Exposure,month,cumulative,Synthetic,Portfolio,Auto,2021-03,35,10992.67358313885
Earned Premium,month,cumulative,Synthetic,Portfolio,Auto,2021-03,35,875820.1614891632
Claims Reported,month,cumulative,Synthetic,Portfolio,Auto,2021-03,36,46.99923354278555
Loss Incurred,month,cumulative,Synthetic,Portfolio,Auto,2021-03,36,178966.9199123813
Exposure,month,cumulative,Synthetic,Portfolio,Auto,2021-03,36,10985.843978067343
Earned Premium,month,cumulative,Synthetic,Portfolio,Auto,2021-03,36,875183.6078126999
Claims Reported,month,cumulative,Synthetic,Portfolio,Auto,2021-03,37,46.9994598841286
Loss Incurred,month,cumulative,Synthetic,Portfolio,Auto,2021-03,37,177945.14604366594
Exposure,month,cumulative,Synthetic,Portfolio,Auto,2021-03,37,10979.570010177715
Earned Premium,month,cumulative,Synthetic,Portfolio,Auto,2021-03,37,874588.7105807997
Claims Reported,month,cumulative,Synthetic,Portfolio,Auto,2021-03,38,46.999619385486675
Loss Incurred,month,cumulative,Synthetic,Portfolio,Auto,2021-03,38,176924.87894976855
Exposure,month,cumulative,Synthetic,Portfolio,Auto,2021-03,38,10973.80647441423
Earned Premium,month,cumulative,Synthetic,Portfolio,Auto,2021-03,38,874032.7437713885
Claims Reported,month,cumulative,Synthetic,Portfolio,Auto,2021-03,39,46.99973178484425
Loss Incurred,month,cumulative,Synthetic,Portfolio,Auto,2021-03,39,175906.16619869403
Exposure,month,cumulative,Synthetic,Portfolio,Auto,2021-03,39,10968.51184347551
Earned Premium,month,cumulative,Synthetic,Portfolio,Auto,2021-03,39,873513.1597548691
Claims Reported,month,cumulative,Synthetic,Portfolio,Auto,2021-03,40,46.999810991655735
Loss Incurred,month,cumulative,Synthetic,Portfolio,Auto,2021-03,40,174889.05505843362
Exposure,month,cumulative,Synthetic,Portfolio,Auto,2021-03,40,10963.647968602927
Earned Premium,month,cumulative,Synthetic,Portfolio,Auto,2021-03,40,873027.577620014
Claims Reported,month,cumulative,Synthetic,Portfolio,Auto,2021-03,41,46.99986680791276
Loss Incurred,month,cumulative,Synthetic,Portfolio,Auto,2021-03,41,173873.59248856752
Exposure,month,cumulative,Synthetic,Portfolio,Auto,2021-03,41,10959.179804712006
Earned Premium,month,cumulative,Synthetic,Portfolio,Auto,2021-03,41,872573.7722638178
Claims Reported,month,cumulative,Synthetic,Portfolio,Auto,2021-03,42,46.99990614104393
Loss Incurred,month,cumulative,Synthetic,Portfolio,Auto,2021-03,42,172859.8251319923
Exposure,month,cumulative,Synthetic,Portfolio,Auto,2021-03,42,10955.075157886351
Earned Premium,month,cumulative,Synthetic,Portfolio,Auto,2021-03,42,872149.6641953161
Claims Reported,month,cumulative,Synthetic,Portfolio,Auto,2021-03,43,46.999933858672534
Loss Incurred,month,cumulative,Synthetic,Portfolio,Auto,2021-03,43,171847.7993067753
Exposure,month,cumulative,Synthetic,Portfolio,Auto,2021-03,43,10951.304453414747
Earned Premium,month,cumulative,Synthetic,Portfolio,Auto,2021-03,43,871753.3100066484
Claims Reported,month,cumulative,Synthetic,Portfolio,Auto,2021-03,44,46.99995339097492
Loss Incurred,month,cumulative,Synthetic,Portfolio,Auto,2021-03,44,170837.56099813984
Exposure,month,cumulative,Synthetic,Portfolio,Auto,2021-03,44,10947.840522700093
Earned Premium,month,cumulative,Synthetic,Portfolio,Auto,2021-03,44,871382.8934677001
Claims Reported,month,cumulative,Synthetic,Portfolio,Auto,2021-03,45,46.99996715516555
Loss Incurred,month,cumulative,Synthetic,Portfolio,Auto,2021-03,45,169829.15585058244
Exposure,month,cumulative,Synthetic,Portfolio,Auto,2021-03,45,10944.65840750484
Earned Premium,month,cumulative,Synthetic,Portfolio,Auto,2021-03,45,871036.7172035165
Claims Reported,month,cumulative,Synthetic,Portfolio,Auto,2021-03,46,46.99997685463157
Loss Incurred,month,cumulative,Synthetic,Portfolio,Auto,2021-03,46,168822.6291601265
Exposure,month,cumulative,Synthetic,Portfolio,Auto,2021-03,46,10941.735180122421
Earned Premium,month,cumulative,Synthetic,Portfolio,Auto,2021-03,46,870713.194916352
Claims Reported,month,cumulative,Synthetic,Portfolio,Auto,2021-03,47,46.99998368973216
Loss Incurred,month,cumulative,Synthetic,Portfolio,Auto,2021-03,47,167818.02586671332
Exposure,month,cumulative,Synthetic,Portfolio,Auto,2021-03,47,10939.049778179067
Earned Premium,month,cumulative,Synthetic,Portfolio,Auto,2021-03,47,870410.8441167127
Claims Reported,month,cumulative,Synthetic,Portfolio,Auto,2021-03,48,46.99998850634734
Loss Incurred,month,cumulative,Synthetic,Portfolio,Auto,2021-03,48,166815.39054673433
Exposure,month,cumulative,Synthetic,Portfolio,Auto,2021-03,48,10936.582852875632
Earned Premium,month,cumulative,Synthetic,Portfolio,Auto,2021-03,48,870128.279330083
Claims Reported,month,cumulative,Synthetic,Portfolio,Auto,2021-03,49,46.99999190055928
Loss Incurred,month,cumulative,Synthetic,Portfolio,Auto,2021-03,49,165814.7674057058
Exposure,month,cumulative,Synthetic,Portfolio,Auto,2021-03,49,10934.316629576071
Earned Premium,month,cumulative,Synthetic,Portfolio,Auto,2021-03,49,869864.2057482095
Claims Reported,month,cumulative,Synthetic,Portfolio,Auto,2021-03,50,46.999994292420304
Loss Incurred,month,cumulative,Synthetic,Portfolio,Auto,2021-03,50,164816.2002710888
Exposure,month,cumulative,Synthetic,Portfolio,Auto,2021-03,50,10932.234779738003
Earned Premium,month,cumulative,Synthetic,Portfolio,Auto,2021-03,50,869617.4132958475
Claims Reported,month,cumulative,Synthetic,Portfolio,Auto,2021-03,51,46.99999597793642
Loss Incurred,month,cumulative,Synthetic,Portfolio,Auto,2021-03,51,163819.73258525698
Exposure,month,cumulative,Synthetic,Portfolio,Auto,2021-03,51,10930.322303262668
Earned Premium,month,cumulative,Synthetic,Portfolio,Auto,2021-03,51,869386.7710857833
Claims Reported,month,cumulative,Synthetic,Portfolio,Auto,2021-03,52,46.999997165699625
Loss Incurred,month,cumulative,Synthetic,Portfolio,Auto,2021-03,52,162825.40739861326
Exposure,month,cumulative,Synthetic,Portfolio,Auto,2021-03,52,10928.56542041655
Earned Premium,month,cumulative,Synthetic,Portfolio,Auto,2021-03,52,869171.2222367233
Claims Reported,month,cumulative,Synthetic,Portfolio,Auto,2021-03,53,46.99999800270224
Loss Incurred,month,cumulative,Synthetic,Portfolio,Auto,2021-03,53,161833.26736285817
Exposure,month,cumulative,Synthetic,Portfolio,Auto,2021-03,53,10926.95147254592
Earned Premium,month,cumulative,Synthetic,Portfolio,Auto,2021-03,53,868969.7790303037
Claims Reported,month,cumulative,Synthetic,Portfolio,Auto,2021-03,54,46.99999859252805
Loss Incurred,month,cumulative,Synthetic,Portfolio,Auto,2021-03,54,160843.35472441194
Exposure,month,cumulative,Synthetic,Portfolio,Auto,2021-03,54,10925.468830869007
Earned Premium,month,cumulative,Synthetic,Portfolio,Auto,2021-03,54,868781.5183850273
Claims Reported,month,cumulative,Synthetic,Portfolio,Auto,2021-03,55,46.99999900817127
Loss Incurred,month,cumulative,Synthetic,Portfolio,Auto,2021-03,55,159855.711317991
Exposure,month,cumulative,Synthetic,Portfolio,Auto,2021-03,55,10924.106812688544
Earned Premium,month,cumulative,Synthetic,Portfolio,Auto,2021-03,55,868605.5776263893
Claims Reported,month,cumulative,Synthetic,Portfolio,Auto,2021-03,56,46.9999993010701
Loss Incurred,month,cumulative,Synthetic,Portfolio,Auto,2021-03,56,158870.37856034184
Exposure,month,cumulative,Synthetic,Portfolio,Auto,2021-03,56,10922.85560442103
Earned Premium,month,cumulative,Synthetic,Portfolio,Auto,2021-03,56,868441.1505338092
Claims Reported,month,cumulative,Synthetic,Portfolio,Auto,2021-03,57,46.999999507472424
Loss Incurred,month,cumulative,Synthetic,Portfolio,Auto,2021-03,57,157887.3974441332
Exposure,month,cumulative,Synthetic,Portfolio,Auto,2021-03,57,10921.706190888122
Earned Premium,month,cumulative,Synthetic,Portfolio,Auto,2021-03,57,868287.4836462518
Claims Reported,month,cumulative,Synthetic,Portfolio,Auto,2021-04,0,25.368100679915393
Loss Incurred,month,cumulative,Synthetic,Portfolio,Auto,2021-04,0,721961.9129546564
Exposure,month,cumulative,Synthetic,Portfolio,Auto,2021-04,0,13132.260218589148
Earned Premium,month,cumulative,Synthetic,Portfolio,Auto,2021-04,0,1027084.850278964
Claims Reported,month,cumulative,Synthetic,Portfolio,Auto,2021-04,1,32.800009978671994
Loss Incurred,month,cumulative,Synthetic,Portfolio,Auto,2021-04,1,718489.4753478823
Exposure,month,cumulative,Synthetic,Portfolio,Auto,2021-04,1,12977.579208666912
Earned Premium,month,cumulative,Synthetic,Portfolio,Auto,2021-04,1,1018877.6805144359
Claims Reported,month,cumulative,Synthetic,Portfolio,Auto,2021-04,2,41.33312552509544
Loss Incurred,month,cumulative,Synthetic,Portfolio,Auto,2021-04,2,715015.8834094859
Exposure,month,cumulative,Synthetic,Portfolio,Auto,2021-04,2,12836.866419800892
Earned Premium,month,cumulative,Synthetic,Portfolio,Auto,2021-04,2,1011282.6035725257
Claims Reported,month,cumulative,Synthetic,Portfolio,Auto,2021-04,3,50.611706515243974
Loss Incurred,month,cumulative,Synthetic,Portfolio,Auto,2021-04,3,711541.3103227584
Exposure,month,cumulative,Synthetic,Portfolio,Auto,2021-04,3,12708.86047414274
Earned Premium,month,cumulative,Synthetic,Portfolio,Auto,2021-04,3,1004253.969413786
Claims Reported,month,cumulative,Synthetic,Portfolio,Auto,2021-04,4,60.12251370245114
Loss Incurred,month,cumulative,Synthetic,Portfolio,Auto,2021-04,4,708065.929466975
Exposure,month,cumulative,Synthetic,Portfolio,Auto,2021-04,4,12592.413900552057
Earned Premium,month,cumulative,Synthetic,Portfolio,Auto,2021-04,4,997749.5325904014
Claims Reported,month,cumulative,Synthetic,Portfolio,Auto,2021-04,5,69.2993379246662
Loss Incurred,month,cumulative,Synthetic,Portfolio,Auto,2021-04,5,704589.9143828256
Exposure,month,cumulative,Synthetic,Portfolio,Auto,2021-04,5,12486.48284843341
Earned Premium,month,cumulative,Synthetic,Portfolio,Auto,2021-04,5,991730.1983308718
Claims Reported,month,cumulative,Synthetic,Portfolio,Auto,2021-04,6,77.65156789264209
Loss Incurred,month,cumulative,Synthetic,Portfolio,Auto,2021-04,6,701113.4387377751
Exposure,month,cumulative,Synthetic,Portfolio,Auto,2021-04,6,12390.117730448852
Earned Premium,month,cumulative,Synthetic,Portfolio,Auto,2021-04,6,986159.7875617663
Claims Reported,month,cumulative,Synthetic,Portfolio,Auto,2021-04,7,84.8587758228606
Loss Incurred,month,cumulative,Synthetic,Portfolio,Auto,2021-04,7,697636.6762913715
Exposure,month,cumulative,Synthetic,Portfolio,Auto,2021-04,7,12302.454710225313
Earned Premium,month,cumulative,Synthetic,Portfolio,Auto,2021-04,7,981004.819454215
Claims Reported,month,cumulative,Synthetic,Portfolio,Auto,2021-04,8,90.79741937908375
Loss Incurred,month,cumulative,Synthetic,Portfolio,Auto,2021-04,8,694159.800860514
Exposure,month,cumulative,Synthetic,Portfolio,Auto,2021-04,8,12222.707958750947
Earned Premium,month,cumulative,Synthetic,Portfolio,Auto,2021-04,8,976234.3101881384
Claims Reported,month,cumulative,Synthetic,Portfolio,Auto,2021-04,9,95.50746080836748
Loss Incurred,month,cumulative,Synthetic,Portfolio,Auto,2021-04,9,690682.9862846977
Exposure,month,cumulative,Synthetic,Portfolio,Auto,2021-04,9,12150.162610045214
Earned Premium,month,cumulative,Synthetic,Portfolio,Auto,2021-04,9,971819.5867246924
Claims Reported,month,cumulative,Synthetic,Portfolio,Auto,2021-04,10,99.13121371510483
Loss Incurred,month,cumulative,Synthetic,Portfolio,Auto,2021-04,10,687206.4063912464
Exposure,month,cumulative,Synthetic,Portfolio,Auto,2021-04,10,12084.168352955907
Earned Premium,month,cumulative,Synthetic,Portfolio,Auto,2021-04,10,967734.114467612
Claims Reported,month,cumulative,Synthetic,Portfolio,Auto,2021-04,11,101.85453306147534
Loss Incurred,month,cumulative,Synthetic,Portfolio,Auto,2021-04,11,683730.234960554
Exposure,month,cumulative,Synthetic,Portfolio,Auto,2021-04,11,12024.133601638689
Earned Premium,month,cumulative,Synthetic,Portfolio,Auto,2021-04,11,963953.3377776162
Claims Reported,month,cumulative,Synthetic,Portfolio,Auto,2021-04,12,103.86527083684538
Loss Incurred,month,cumulative,Synthetic,Portfolio,Auto,2021-04,12,680254.6456913427
Exposure,month,cumulative,Synthetic,Portfolio,Auto,2021-04,12,11969.520192462145
Earned Premium,month,cumulative,Synthetic,Portfolio,Auto,2021-04,12,960454.5323812898
Claims Reported,month,cumulative,Synthetic,Portfolio,Auto,2021-04,13,105.33057047562619
Loss Incurred,month,cumulative,Synthetic,Portfolio,Auto,2021-04,13,676779.8121659578
Exposure,month,cumulative,Synthetic,Portfolio,Auto,2021-04,13,11919.838559800346
Earned Premium,month,cumulative,Synthetic,Portfolio,Auto,2021-04,13,957216.6687873474
Claims Reported,month,cumulative,Synthetic,Portfolio,Auto,2021-04,14,106.38823175842478
Loss Incurred,month,cumulative,Synthetic,Portfolio,Auto,2021-04,14,673305.9078157113
Exposure,month,cumulative,Synthetic,Portfolio,Auto,2021-04,14,11874.64334746773
Earned Premium,month,cumulative,Synthetic,Portfolio,Auto,2021-04,14,954220.2858893488
Claims Reported,month,cumulative,Synthetic,Portfolio,Auto,2021-04,15,107.1464019285234
Loss Incurred,month,cumulative,Synthetic,Portfolio,Auto,2021-04,15,669833.1058862901
Exposure,month,cumulative,Synthetic,Portfolio,Auto,2021-04,15,11833.529416456346
Earned Premium,month,cumulative,Synthetic,Portfolio,Auto,2021-04,15,951447.3739951558
Claims Reported,month,cumulative,Synthetic,Portfolio,Auto,2021-04,16,107.68719872924511
Loss Incurred,month,cumulative,Synthetic,Portfolio,Auto,2021-04,16,666361.5794032409
Exposure,month,cumulative,Synthetic,Portfolio,Auto,2021-04,16,11796.128213187982
Earned Premium,month,cumulative,Synthetic,Portfolio,Auto,2021-04,16,948881.2665800808
Claims Reported,month,cumulative,Synthetic,Portfolio,Auto,2021-04,17,108.07158243027932
Loss Incurred,month,cumulative,Synthetic,Portfolio,Auto,2021-04,17,662891.5011375522
Exposure,month,cumulative,Synthetic,Portfolio,Auto,2021-04,17,11762.104465725495
Earned Premium,month,cumulative,Synthetic,Portfolio,Auto,2021-04,17,946506.5401131157
Claims Reported,month,cumulative,Synthetic,Portfolio,Auto,2021-04,18,108.34410539414577
Loss Incurred,month,cumulative,Synthetic,Portfolio,Auto,2021-04,18,659423.0435713404
Exposure,month,cumulative,Synthetic,Portfolio,Auto,2021-04,18,11731.153178327471
Earned Premium,month,cumulative,Synthetic,Portfolio,Auto,2021-04,18,944308.9213541441
Claims Reported,month,cumulative,Synthetic,Portfolio,Auto,2021-04,19,108.53697608757416
Loss Incurred,month,cumulative,Synthetic,Portfolio,Auto,2021-04,19,655956.378863661
Exposure,month,cumulative,Synthetic,Portfolio,Auto,2021-04,19,11702.996897404822
Earned Premium,month,cumulative,Synthetic,Portfolio,Auto,2021-04,19,942275.2015649527
Claims Reported,month,cumulative,Synthetic,Portfolio,Auto,2021-04,20,108.67330273399892
Loss Incurred,month,cumulative,Synthetic,Portfolio,Auto,2021-04,20,652491.6788164543
Exposure,month,cumulative,Synthetic,Portfolio,Auto,2021-04,20,11677.383224370795
Earned Premium,month,cumulative,Synthetic,Portfolio,Auto,2021-04,20,940393.1571184063
Claims Reported,month,cumulative,Synthetic,Portfolio,Auto,2021-04,21,108.76957637617548
Loss Incurred,month,cumulative,Synthetic,Portfolio,Auto,2021-04,21,649029.1148406444
Exposure,month,cumulative,Synthetic,Portfolio,Auto,2021-04,21,11654.082553089089
Earned Premium,month,cumulative,Synthetic,Portfolio,Auto,2021-04,21,938651.4760286114
Claims Reported,month,cumulative,Synthetic,Portfolio,Auto,2021-04,22,108.83752178432276
Loss Incurred,month,cumulative,Synthetic,Portfolio,Auto,2021-04,22,645568.8579224007
Exposure,month,cumulative,Synthetic,Portfolio,Auto,2021-04,22,11632.88601163809
Earned Premium,month,cumulative,Synthetic,Portfolio,Auto,2021-04,22,937039.6899604793
Claims Reported,month,cumulative,Synthetic,Portfolio,Auto,2021-04,23,108.88545311308405
Loss Incurred,month,cumulative,Synthetic,Portfolio,Auto,2021-04,23,642111.0785895807
Exposure,month,cumulative,Synthetic,Portfolio,Auto,2021-04,23,11613.60358994079
Earned Premium,month,cumulative,Synthetic,Portfolio,Auto,2021-04,23,935548.1113100323
Claims Reported,month,cumulative,Synthetic,Portfolio,Auto,2021-04,24,108.91925511470828
Loss Incurred,month,cumulative,Synthetic,Portfolio,Auto,2021-04,24,638655.9468783641
Exposure,month,cumulative,Synthetic,Portfolio,Auto,2021-04,24,11596.062436476112
Earned Premium,month,cumulative,Synthetic,Portfolio,Auto,2021-04,24,934167.7749772789
Claims Reported,month,cumulative,Synthetic,Portfolio,Auto,2021-04,25,108.94308759082551
Loss Incurred,month,cumulative,Synthetic,Portfolio,Auto,2021-04,25,635203.6323000954
Exposure,month,cumulative,Synthetic,Portfolio,Auto,2021-04,25,11580.105308802955
Earned Premium,month,cumulative,Synthetic,Portfolio,Auto,2021-04,25,932890.3844816796
Claims Reported,month,cumulative,Synthetic,Portfolio,Auto,2021-04,26,108.95988831820289
Loss Incurred,month,cumulative,Synthetic,Portfolio,Auto,2021-04,26,631754.3038083448
Exposure,month,cumulative,Synthetic,Portfolio,Auto,2021-04,26,11565.589164007226
Earned Premium,month,cumulative,Synthetic,Portfolio,Auto,2021-04,26,931708.2620963389
Claims Reported,month,cumulative,Synthetic,Portfolio,Auto,2021-04,27,108.97173070344368
Loss Incurred,month,cumulative,Synthetic,Portfolio,Auto,2021-04,27,628308.129766205
Exposure,month,cumulative,Synthetic,Portfolio,Auto,2021-04,27,11552.38387643626
Earned Premium,month,cumulative,Synthetic,Portfolio,Auto,2021-04,27,930614.3027011985
Claims Reported,month,cumulative,Synthetic,Portfolio,Auto,2021-04,28,108.98007743755213
Loss Incurred,month,cumulative,Synthetic,Portfolio,Auto,2021-04,28,624865.2779138339
Exposure,month,cumulative,Synthetic,Portfolio,Auto,2021-04,28,11540.371071226222
Earned Premium,month,cumulative,Synthetic,Portfolio,Auto,2021-04,28,929601.9310778738
Claims Reported,month,cumulative,Synthetic,Portfolio,Auto,2021-04,29,108.98596004970777
Loss Incurred,month,cumulative,Synthetic,Portfolio,Auto,2021-04,29,621425.9153362571
Exposure,month,cumulative,Synthetic,Portfolio,Auto,2021-04,29,11529.4430631659
Earned Premium,month,cumulative,Synthetic,Portfolio,Auto,2021-04,29,928665.0623894508
Claims Reported,month,cumulative,Synthetic,Portfolio,Auto,2021-04,30,108.99010583789261
Loss Incurred,month,cumulative,Synthetic,Portfolio,Auto,2021-04,30,617990.2084314451
Exposure,month,cumulative,Synthetic,Portfolio,Auto,2021-04,30,11519.50189138475
Earned Premium,month,cumulative,Synthetic,Portfolio,Auto,2021-04,30,927798.065607711
Claims Reported,month,cumulative,Synthetic,Portfolio,Auto,2021-04,31,108.99302751490013
Loss Incurred,month,cumulative,Synthetic,Portfolio,Auto,2021-04,31,614558.3228786751
Exposure,month,cumulative,Synthetic,Portfolio,Auto,2021-04,31,11510.458441211878
Earned Premium,month,cumulative,Synthetic,Portfolio,Auto,2021-04,31,926995.7296679618
Claims Reported,month,cumulative,Synthetic,Portfolio,Auto,2021-04,32,108.99508647997581
Loss Incurred,month,cumulative,Synthetic,Portfolio,Auto,2021-04,32,611130.4236071912
Exposure,month,cumulative,Synthetic,Portfolio,Auto,2021-04,32,11502.231645334117
Earned Premium,month,cumulative,Synthetic,Portfolio,Auto,2021-04,32,926253.2321480504
Claims Reported,month,cumulative,Synthetic,Portfolio,Auto,2021-04,33,108.99653745486656
Loss Incurred,month,cumulative,Synthetic,Portfolio,Auto,2021-04,33,607706.6747651765
Exposure,month,cumulative,Synthetic,Portfolio,Auto,2021-04,33,11494.747757092291
Earned Premium,month,cumulative,Synthetic,Portfolio,Auto,2021-04,33,925566.1102833027
Claims Reported,month,cumulative,Synthetic,Portfolio,Auto,2021-04,34,108.99755996279431
Loss Incurred,month,cumulative,Synthetic,Portfolio,Auto,2021-04,34,604287.2396890458
Exposure,month,cumulative,Synthetic,Portfolio,Auto,2021-04,34,11487.93968940125
Earned Premium,month,cumulative,Synthetic,Portfolio,Auto,2021-04,34,924930.2341431765
Claims Reported,month,cumulative,Synthetic,Portfolio,Auto,2021-04,35,108.99828052347564
Loss Incurred,month,cumulative,Synthetic,Portfolio,Auto,2021-04,35,600872.2808730762
Exposure,month,cumulative,Synthetic,Portfolio,Auto,2021-04,35,11481.746413367711
Earned Premium,month,cumulative,Synthetic,Portfolio,Auto,2021-04,35,924341.7818084073
Claims Reported,month,cumulative,Synthetic,Portfolio,Auto,2021-04,36,108.99878829972798
Loss Incurred,month,cumulative,Synthetic,Portfolio,Auto,2021-04,36,597461.9599393798
Exposure,month,cumulative,Synthetic,Portfolio,Auto,2021-04,36,11476.112411214928
Earned Premium,month,cumulative,Synthetic,Portfolio,Auto,2021-04,36,923797.216399448
Claims Reported,month,cumulative,Synthetic,Portfolio,Auto,2021-04,37,108.99914612644686
Loss Incurred,month,cumulative,Synthetic,Portfolio,Auto,2021-04,37,594056.4376082387
Exposure,month,cumulative,Synthetic,Portfolio,Auto,2021-04,37,11470.98717861014
Earned Premium,month,cumulative,Synthetic,Portfolio,Auto,2021-04,37,923293.2648181337
Claims Reported,month,cumulative,Synthetic,Portfolio,Auto,2021-04,38,108.99939828408498
Loss Incurred,month,cumulative,Synthetic,Portfolio,Auto,2021-04,38,590655.8736688042
Exposure,month,cumulative,Synthetic,Portfolio,Auto,2021-04,38,11466.324771933525
Earned Premium,month,cumulative,Synthetic,Portfolio,Auto,2021-04,38,922826.8980747989
Claims Reported,month,cumulative,Synthetic,Portfolio,Auto,2021-04,39,108.99957597727004
Loss Incurred,month,cumulative,Synthetic,Portfolio,Auto,2021-04,39,587260.4269501801
Exposure,month,cumulative,Synthetic,Portfolio,Auto,2021-04,39,11462.083396430326
Earned Premium,month,cumulative,Synthetic,Portfolio,Auto,2021-04,39,922395.3130826028
Claims Reported,month,cumulative,Synthetic,Portfolio,Auto,2021-04,40,108.99970119588916
Loss Incurred,month,cumulative,Synthetic,Portfolio,Auto,2021-04,40,583870.2552928923
Exposure,month,cumulative,Synthetic,Portfolio,Auto,2021-04,40,11458.225031554231
Earned Premium,month,cumulative,Synthetic,Portfolio,Auto,2021-04,40,921995.9158096389
Claims Reported,month,cumulative,Synthetic,Portfolio,Auto,2021-04,41,108.99978943613148
Loss Incurred,month,cumulative,Synthetic,Portfolio,Auto,2021-04,41,580485.515520763
Exposure,month,cumulative,Synthetic,Portfolio,Auto,2021-04,41,11454.71509014351
Earned Premium,month,cumulative,Synthetic,Portfolio,Auto,2021-04,41,921626.305687565
Claims Reported,month,cumulative,Synthetic,Portfolio,Auto,2021-04,42,108.99985161806508
Loss Incurred,month,cumulative,Synthetic,Portfolio,Auto,2021-04,42,577106.3634131915
Exposure,month,cumulative,Synthetic,Portfolio,Auto,2021-04,42,11451.522108374727
Earned Premium,month,cumulative,Synthetic,Portfolio,Auto,2021-04,42,921284.2611830399
Claims Reported,month,cumulative,Synthetic,Portfolio,Auto,2021-04,43,108.99989543697569
Loss Incurred,month,cumulative,Synthetic,Portfolio,Auto,2021-04,43,573732.9536778595
Exposure,month,cumulative,Synthetic,Portfolio,Auto,2021-04,43,11448.617463714661
Earned Premium,month,cumulative,Synthetic,Portfolio,Auto,2021-04,43,920967.7264452485
Claims Reported,month,cumulative,Synthetic,Portfolio,Auto,2021-04,44,108.99992631566126
Loss Incurred,month,cumulative,Synthetic,Portfolio,Auto,2021-04,44,570365.4399238634
Exposure,month,cumulative,Synthetic,Portfolio,Auto,2021-04,44,11445.975118342158
Earned Premium,month,cumulative,Synthetic,Portfolio,Auto,2021-04,44,920674.7989492554
Claims Reported,month,cumulative,Synthetic,Portfolio,Auto,2021-04,45,108.99994807551373
Loss Incurred,month,cumulative,Synthetic,Portfolio,Auto,2021-04,45,567003.974635288
Exposure,month,cumulative,Synthetic,Portfolio,Auto,2021-04,45,11443.57138573982
Earned Premium,month,cumulative,Synthetic,Portfolio,Auto,2021-04,45,920403.7180609222
Claims Reported,month,cumulative,Synthetic,Portfolio,Auto,2021-04,46,108.99996340942782
Loss Incurred,month,cumulative,Synthetic,Portfolio,Auto,2021-04,46,563648.7091452272
Exposure,month,cumulative,Synthetic,Portfolio,Auto,2021-04,46,11441.384718363308
Earned Premium,month,cumulative,Synthetic,Portfolio,Auto,2021-04,46,920152.8544546557
Claims Reported,month,cumulative,Synthetic,Portfolio,Auto,2021-04,47,108.99997421505702
Loss Incurred,month,cumulative,Synthetic,Portfolio,Auto,2021-04,47,560299.7936102618
Exposure,month,cumulative,Synthetic,Portfolio,Auto,2021-04,47,11439.395514484784
Earned Premium,month,cumulative,Synthetic,Portfolio,Auto,2021-04,47,919920.7003203823
Claims Reported,month,cumulative,Synthetic,Portfolio,Auto,2021-04,48,108.99998182965653
Loss Incurred,month,cumulative,Synthetic,Portfolio,Auto,2021-04,48,556957.3769854023
Exposure,month,cumulative,Synthetic,Portfolio,Auto,2021-04,48,11437.585942479072
Earned Premium,month,cumulative,Synthetic,Portfolio,Auto,2021-04,48,919705.8603008897
Claims Reported,month,cumulative,Synthetic,Portfolio,Auto,2021-04,49,108.99998719557473
Loss Incurred,month,cumulative,Synthetic,Portfolio,Auto,2021-04,49,553621.6069995058
Exposure,month,cumulative,Synthetic,Portfolio,Auto,2021-04,49,11435.939780977376
Earned Premium,month,cumulative,Synthetic,Portfolio,Auto,2021-04,49,919507.0431050643
Claims Reported,month,cumulative,Synthetic,Portfolio,Auto,2021-04,50,108.9999909768737
Loss Incurred,month,cumulative,Synthetic,Portfolio,Auto,2021-04,50,550292.6301311722
Exposure,month,cumulative,Synthetic,Portfolio,Auto,2021-04,50,11434.442273455647
Earned Premium,month,cumulative,Synthetic,Portfolio,Auto,2021-04,50,919323.0537466138
Claims Reported,month,cumulative,Synthetic,Portfolio,Auto,2021-04,51,108.99999364151022
Loss Incurred,month,cumulative,Synthetic,Portfolio,Auto,2021-04,51,546970.5915851304
Exposure,month,cumulative,Synthetic,Portfolio,Auto,2021-04,51,11433.079995954118
Earned Premium,month,cumulative,Synthetic,Portfolio,Auto,2021-04,51,919152.7863616301
Claims Reported,month,cumulative,Synthetic,Portfolio,Auto,2021-04,52,108.99999551924789
Loss Incurred,month,cumulative,Synthetic,Portfolio,Auto,2021-04,52,543655.6352691177
Exposure,month,cumulative,Synthetic,Portfolio,Auto,2021-04,52,11431.840736742237
Earned Premium,month,cumulative,Synthetic,Portfolio,Auto,2021-04,52,918995.2175618182
Claims Reported,month,cumulative,Synthetic,Portfolio,Auto,2021-04,53,108.99999684246733
Loss Incurred,month,cumulative,Synthetic,Portfolio,Auto,2021-04,53,540347.9037712631
Exposure,month,cumulative,Synthetic,Portfolio,Auto,2021-04,53,11430.713386850226
Earned Premium,month,cumulative,Synthetic,Portfolio,Auto,2021-04,53,918849.4002834443
Claims Reported,month,cumulative,Synthetic,Portfolio,Auto,2021-04,54,108.99999777492431
Loss Incurred,month,cumulative,Synthetic,Portfolio,Auto,2021-04,54,537047.5383379787
Exposure,month,cumulative,Synthetic,Portfolio,Auto,2021-04,54,11429.68784048605
Earned Premium,month,cumulative,Synthetic,Portfolio,Auto,2021-04,54,918714.4580950304
Claims Reported,month,cumulative,Synthetic,Portfolio,Auto,2021-04,55,108.99999843201566
Loss Incurred,month,cumulative,Synthetic,Portfolio,Auto,2021-04,55,533754.6788523637
Exposure,month,cumulative,Synthetic,Portfolio,Auto,2021-04,55,11428.754904445053
Earned Premium,month,cumulative,Synthetic,Portfolio,Auto,2021-04,55,918589.5799295825
Claims Reported,month,cumulative,Synthetic,Portfolio,Auto,2021-04,56,108.9999988950601
Loss Incurred,month,cumulative,Synthetic,Portfolio,Auto,2021-04,56,530469.4638131327
Exposure,month,cumulative,Synthetic,Portfolio,Auto,2021-04,56,11427.906215700208
Earned Premium,month,cumulative,Synthetic,Portfolio,Auto,2021-04,56,918474.0152096909
Claims Reported,month,cumulative,Synthetic,Portfolio,Auto,2021-05,0,17.261160502281182
Loss Incurred,month,cumulative,Synthetic,Portfolio,Auto,2021-05,0,386934.4821051292
Exposure,month,cumulative,Synthetic,Portfolio,Auto,2021-05,0,11799.176179743641
Earned Premium,month,cumulative,Synthetic,Portfolio,Auto,2021-05,0,881770.6561908502
Claims Reported,month,cumulative,Synthetic,Portfolio,Auto,2021-05,1,22.365984179107567
Loss Incurred,month,cumulative,Synthetic,Portfolio,Auto,2021-05,1,385072.84477166366
Exposure,month,cumulative,Synthetic,Portfolio,Auto,2021-05,1,11705.845065336525
Earned Premium,month,cumulative,Synthetic,Portfolio,Auto,2021-05,1,877596.512484507
Claims Reported,month,cumulative,Synthetic,Portfolio,Auto,2021-05,2,28.25431957939259
Loss Incurred,month,cumulative,Synthetic,Portfolio,Auto,2021-05,2,383210.5942800172
Exposure,month,cumulative,Synthetic,Portfolio,Auto,2021-05,2,11618.173838422877
Earned Premium,month,cumulative,Synthetic,Portfolio,Auto,2021-05,2,873606.7921372497
Claims Reported,month,cumulative,Synthetic,Portfolio,Auto,2021-05,3,34.69020536578582
Loss Incurred,month,cumulative,Synthetic,Portfolio,Auto,2021-05,3,381347.8234818676
Exposure,month,cumulative,Synthetic,Portfolio,Auto,2021-05,3,11535.819265916476
Earned Premium,month,cumulative,Synthetic,Portfolio,Auto,2021-05,3,869793.3468969407
Claims Reported,month,cumulative,Synthetic,Portfolio,Auto,2021-05,4,41.32328561520357
Loss Incurred,month,cumulative,Synthetic,Portfolio,Auto,2021-05,4,379484.62533282663
Exposure,month,cumulative,Synthetic,Portfolio,Auto,2021-05,4,11458.458929447219
Earned Premium,month,cumulative,Synthetic,Portfolio,Auto,2021-05,4,866148.3885201383
Claims Reported,month,cumulative,Synthetic,Portfolio,Auto,2021-05,5,47.75837961732864
Loss Incurred,month,cumulative,Synthetic,Portfolio,Auto,2021-05,5,377621.09287390404
Exposure,month,cumulative,Synthetic,Portfolio,Auto,2021-05,5,11385.789963092358
Earned Premium,month,cumulative,Synthetic,Portfolio,Auto,2021-05,5,862664.4728660758
Claims Reported,month,cumulative,Synthetic,Portfolio,Auto,2021-05,6,53.64530757903647
Loss Incurred,month,cumulative,Synthetic,Portfolio,Auto,2021-05,6,375757.3192129358
Exposure,month,cumulative,Synthetic,Portfolio,Auto,2021-05,6,11317.527867655604
Earned Premium,month,cumulative,Synthetic,Portfolio,Auto,2021-05,6,859334.4846934071
Claims Reported,month,cumulative,Synthetic,Portfolio,Auto,2021-05,7,58.74838299870699
Loss Incurred,month,cumulative,Synthetic,Portfolio,Auto,2021-05,7,373893.3975059833
Exposure,month,cumulative,Synthetic,Portfolio,Auto,2021-05,7,11253.405396852018
Earned Premium,month,cumulative,Synthetic,Portfolio,Auto,2021-05,7,856151.6231286667
Claims Reported,month,cumulative,Synthetic,Portfolio,Auto,2021-05,8,62.969500346947356
Loss Incurred,month,cumulative,Synthetic,Portfolio,Auto,2021-05,8,372029.4209387131
Exposure,month,cumulative,Synthetic,Portfolio,Auto,2021-05,8,11193.171511038086
Earned Premium,month,cumulative,Synthetic,Portfolio,Auto,2021-05,8,853109.3877767666
Claims Reported,month,cumulative,Synthetic,Portfolio,Auto,2021-05,9,66.32783736756673
Loss Incurred,month,cumulative,Synthetic,Portfolio,Auto,2021-05,9,370165.48270776274
Exposure,month,cumulative,Synthetic,Portfolio,Auto,2021-05,9,11136.59039439087
Earned Premium,month,cumulative,Synthetic,Portfolio,Auto,2021-05,9,850201.5654451641
Claims Reported,month,cumulative,Synthetic,Portfolio,Auto,2021-05,10,68.91797888763304
Loss Incurred,month,cumulative,Synthetic,Portfolio,Auto,2021-05,10,368301.676002103
Exposure,month,cumulative,Synthetic,Portfolio,Auto,2021-05,10,11083.440531688413
Earned Premium,month,cumulative,Synthetic,Portfolio,Auto,2021-05,10,847422.2174545873
Claims Reported,month,cumulative,Synthetic,Portfolio,Auto,2021-05,11,70.8681636885868
Loss Incurred,month,cumulative,Synthetic,Portfolio,Auto,2021-05,11,366438.0939844033
Exposure,month,cumulative,Synthetic,Portfolio,Auto,2021-05,11,11033.513841077063
Earned Premium,month,cumulative,Synthetic,Portfolio,Auto,2021-05,11,844765.6675104006
Claims Reported,month,cumulative,Synthetic,Portfolio,Auto,2021-05,12,72.31007645410953
Loss Incurred,month,cumulative,Synthetic,Portfolio,Auto,2021-05,12,364574.82977240736
Exposure,month,cumulative,Synthetic,Portfolio,Auto,2021-05,12,10986.614859430474
Earned Premium,month,cumulative,Synthetic,Portfolio,Auto,2021-05,12,842226.4901098426
Claims Reported,month,cumulative,Synthetic,Portfolio,Auto,2021-05,13,73.36193051925541
Loss Incurred,month,cumulative,Synthetic,Portfolio,Auto,2021-05,13,362711.97642032907
Exposure,month,cumulative,Synthetic,Portfolio,Auto,2021-05,13,10942.559977110936
Earned Premium,month,cumulative,Synthetic,Portfolio,Auto,2021-05,13,839799.4994614595
Claims Reported,month,cumulative,Synthetic,Portfolio,Auto,2021-05,14,74.12173027418451
Loss Incurred,month,cumulative,Synthetic,Portfolio,Auto,2021-05,14,360849.62690027466
Exposure,month,cumulative,Synthetic,Portfolio,Auto,2021-05,14,10901.176719137153
Earned Premium,month,cumulative,Synthetic,Portfolio,Auto,2021-05,14,837479.7388941022
Claims Reported,month,cumulative,Synthetic,Portfolio,Auto,2021-05,15,74.66667460514394
Loss Incurred,month,cumulative,Synthetic,Portfolio,Auto,2021-05,15,358987.87408370007
Exposure,month,cumulative,Synthetic,Portfolio,Auto,2021-05,15,10862.30306994424
Earned Premium,month,cumulative,Synthetic,Portfolio,Auto,2021-05,15,835262.4707338596
Claims Reported,month,cumulative,Synthetic,Portfolio,Auto,2021-05,16,75.05552828001275
Loss Incurred,month,cumulative,Synthetic,Portfolio,Auto,2021-05,16,357126.810722911
Exposure,month,cumulative,Synthetic,Portfolio,Auto,2021-05,16,10825.786839092365
Earned Premium,month,cumulative,Synthetic,Portfolio,Auto,2021-05,16,833143.1666282527
Claims Reported,month,cumulative,Synthetic,Portfolio,Auto,2021-05,17,75.3319904878934
Loss Incurred,month,cumulative,Synthetic,Portfolio,Auto,2021-05,17,355266.52943261265
Exposure,month,cumulative,Synthetic,Portfolio,Auto,2021-05,17,10791.48506544075
Earned Premium,month,cumulative,Synthetic,Portfolio,Auto,2021-05,17,831117.4982979276
Claims Reported,month,cumulative,Synthetic,Portfolio,Auto,2021-05,18,75.52803659021367
Loss Incurred,month,cumulative,Synthetic,Portfolio,Auto,2021-05,18,353407.12267151946
Exposure,month,cumulative,Synthetic,Portfolio,Auto,2021-05,18,10759.26345745444
Earned Premium,month,cumulative,Synthetic,Portfolio,Auto,2021-05,18,829181.3286969595
Claims Reported,month,cumulative,Synthetic,Portfolio,Auto,2021-05,19,75.66680195437397
Loss Incurred,month,cumulative,Synthetic,Portfolio,Auto,2021-05,19,351548.68272402964
Exposure,month,cumulative,Synthetic,Portfolio,Auto,2021-05,19,10728.995867452593
Earned Premium,month,cumulative,Synthetic,Portfolio,Auto,2021-05,19,827330.7035637173
Claims Reported,month,cumulative,Synthetic,Portfolio,Auto,2021-05,20,75.76489491470764
Loss Incurred,month,cumulative,Synthetic,Portfolio,Auto,2021-05,20,349691.3016819733
Exposure,month,cumulative,Synthetic,Portfolio,Auto,2021-05,20,10700.563797739955
Earned Premium,month,cumulative,Synthetic,Portfolio,Auto,2021-05,20,825561.8433450281
Claims Reported,month,cumulative,Synthetic,Portfolio,Auto,2021-05,21,75.83417275610498
Loss Incurred,month,cumulative,Synthetic,Portfolio,Auto,2021-05,21,347835.07142644265
Exposure,month,cumulative,Synthetic,Portfolio,Auto,2021-05,21,10673.855936688087
Earned Premium,month,cumulative,Synthetic,Portfolio,Auto,2021-05,21,823871.1354771522
Claims Reported,month,cumulative,Synthetic,Portfolio,Auto,2021-05,22,75.88306817100585
Loss Incurred,month,cumulative,Synthetic,Portfolio,Auto,2021-05,22,345980.08360971144
Exposure,month,cumulative,Synthetic,Portfolio,Auto,2021-05,22,10648.767722950033
Earned Premium,month,cumulative,Synthetic,Portfolio,Auto,2021-05,22,822255.1270078026
Claims Reported,month,cumulative,Synthetic,Portfolio,Auto,2021-05,23,75.91756207630185
Loss Incurred,month,cumulative,Synthetic,Portfolio,Auto,2021-05,23,344126.42963724956
Exposure,month,cumulative,Synthetic,Portfolio,Auto,2021-05,23,10625.200936102374
Earned Premium,month,cumulative,Synthetic,Portfolio,Auto,2021-05,23,820710.5175441403
Claims Reported,month,cumulative,Synthetic,Portfolio,Auto,2021-05,24,75.94188836226493
Loss Incurred,month,cumulative,Synthetic,Portfolio,Auto,2021-05,24,342274.2006498428
Exposure,month,cumulative,Synthetic,Portfolio,Auto,2021-05,24,10603.063312112006
Earned Premium,month,cumulative,Synthetic,Portfolio,Auto,2021-05,24,819234.1525123435
Claims Reported,month,cumulative,Synthetic,Portfolio,Auto,2021-05,25,75.95904017214546
Loss Incurred,month,cumulative,Synthetic,Portfolio,Auto,2021-05,25,340423.4875058234
Exposure,month,cumulative,Synthetic,Portfolio,Auto,2021-05,25,10582.26818212221
Earned Premium,month,cumulative,Synthetic,Portfolio,Auto,2021-05,25,817823.0167149849
Claims Reported,month,cumulative,Synthetic,Portfolio,Auto,2021-05,26,75.97113150253318
Loss Incurred,month,cumulative,Synthetic,Portfolio,Auto,2021-05,26,338574.38076341926
Exposure,month,cumulative,Synthetic,Portfolio,Auto,2021-05,26,10562.734133143842
Earned Premium,month,cumulative,Synthetic,Portfolio,Auto,2021-05,26,816474.2281730598
Claims Reported,month,cumulative,Synthetic,Portfolio,Auto,2021-05,27,75.9796544314267
Loss Incurred,month,cumulative,Synthetic,Portfolio,Auto,2021-05,27,336726.97066322895
Exposure,month,cumulative,Synthetic,Portfolio,Auto,2021-05,27,10544.384689323271
Earned Premium,month,cumulative,Synthetic,Portfolio,Auto,2021-05,27,815185.0322400858
Claims Reported,month,cumulative,Synthetic,Portfolio,Auto,2021-05,28,75.98566158660405
Loss Incurred,month,cumulative,Synthetic,Portfolio,Auto,2021-05,28,334881.34711082943
Exposure,month,cumulative,Synthetic,Portfolio,Auto,2021-05,28,10527.148012539199
Earned Premium,month,cumulative,Synthetic,Portfolio,Auto,2021-05,28,813952.7959762573
Claims Reported,month,cumulative,Synthetic,Portfolio,Auto,2021-05,29,75.98989532787736
Loss Incurred,month,cumulative,Synthetic,Portfolio,Auto,2021-05,29,333037.5996595241
Exposure,month,cumulative,Synthetic,Portfolio,Auto,2021-05,29,10510.95662115624
Earned Premium,month,cumulative,Synthetic,Portfolio,Auto,2021-05,29,812775.0027711613
Claims Reported,month,cumulative,Synthetic,Portfolio,Auto,2021-05,30,75.99287907831197
Loss Incurred,month,cumulative,Synthetic,Portfolio,Auto,2021-05,30,331195.81749323773
Exposure,month,cumulative,Synthetic,Portfolio,Auto,2021-05,30,10495.747125834123
Earned Premium,month,cumulative,Synthetic,Portfolio,Auto,2021-05,30,811649.2472040751
Claims Reported,month,cumulative,Synthetic,Portfolio,Auto,2021-05,31,75.99498183244772
Loss Incurred,month,cumulative,Synthetic,Portfolio,Auto,2021-05,31,329356.089409564
Exposure,month,cumulative,Synthetic,Portfolio,Auto,2021-05,31,10481.45998135826
Earned Premium,month,cumulative,Synthetic,Portfolio,Auto,2021-05,31,810573.2301313479
Claims Reported,month,cumulative,Synthetic,Portfolio,Auto,2021-05,32,75.99646368813912
Loss Incurred,month,cumulative,Synthetic,Portfolio,Auto,2021-05,32,327518.50380297506
Exposure,month,cumulative,Synthetic,Portfolio,Auto,2021-05,32,10468.039253520088
Earned Premium,month,cumulative,Synthetic,Portfolio,Auto,2021-05,32,809544.7539908326
Claims Reported,month,cumulative,Synthetic,Portfolio,Auto,2021-05,33,75.99750796890714
Loss Incurred,month,cumulative,Synthetic,Portfolio,Auto,2021-05,33,325683.14864819683
Exposure,month,cumulative,Synthetic,Portfolio,Auto,2021-05,33,10455.432400134474
Earned Premium,month,cumulative,Synthetic,Portfolio,Auto,2021-05,33,808561.7183137793
Claims Reported,month,cumulative,Synthetic,Portfolio,Auto,2021-05,34,75.9982438783647
Loss Incurred,month,cumulative,Synthetic,Portfolio,Auto,2021-05,34,323850.1114837584
Exposure,month,cumulative,Synthetic,Portfolio,Auto,2021-05,34,10443.590065336923
Earned Premium,month,cumulative,Synthetic,Portfolio,Auto,2021-05,34,807622.1154350238
Claims Reported,month,cumulative,Synthetic,Portfolio,Auto,2021-05,35,75.99876247355495
Loss Incurred,month,cumulative,Synthetic,Portfolio,Auto,2021-05,35,322019.4793957206
Exposure,month,cumulative,Synthetic,Portfolio,Auto,2021-05,35,10432.465886355256
Earned Premium,month,cumulative,Synthetic,Portfolio,Auto,2021-05,35,806724.0263927093
Claims Reported,month,cumulative,Synthetic,Portfolio,Auto,2021-05,36,75.99912792565998
Loss Incurred,month,cumulative,Synthetic,Portfolio,Auto,2021-05,36,320191.33900159114
Exposure,month,cumulative,Synthetic,Portfolio,Auto,2021-05,36,10422.016311999208
Earned Premium,month,cumulative,Synthetic,Portfolio,Auto,2021-05,36,805865.617009169
Claims Reported,month,cumulative,Synthetic,Portfolio,Auto,2021-05,37,75.9993854575168
Loss Incurred,month,cumulative,Synthetic,Portfolio,Auto,2021-05,37,318365.77643443184
Exposure,month,cumulative,Synthetic,Portfolio,Auto,2021-05,37,10412.200432157426
Earned Premium,month,cumulative,Synthetic,Portfolio,Auto,2021-05,37,805045.134144963
Claims Reported,month,cumulative,Synthetic,Portfolio,Auto,2021-05,38,75.99956693819735
Loss Incurred,month,cumulative,Synthetic,Portfolio,Auto,2021-05,38,316542.8773271638
Exposure,month,cumulative,Synthetic,Portfolio,Auto,2021-05,38,10402.979817634254
Earned Premium,month,cumulative,Synthetic,Portfolio,Auto,2021-05,38,804260.902118422
Claims Reported,month,cumulative,Synthetic,Portfolio,Auto,2021-05,39,75.99969482599202
Loss Incurred,month,cumulative,Synthetic,Portfolio,Auto,2021-05,39,314722.7267970763
Exposure,month,cumulative,Synthetic,Portfolio,Auto,2021-05,39,10394.318369699344
Earned Premium,month,cumulative,Synthetic,Portfolio,Auto,2021-05,39,803511.3192833829
Claims Reported,month,cumulative,Synthetic,Portfolio,Auto,2021-05,40,75.99978494725627
Loss Incurred,month,cumulative,Synthetic,Portfolio,Auto,2021-05,40,312905.4094305453
Exposure,month,cumulative,Synthetic,Portfolio,Auto,2021-05,40,10386.182178761028
Earned Premium,month,cumulative,Synthetic,Portfolio,Auto,2021-05,40,802794.8547581279
Claims Reported,month,cumulative,Synthetic,Portfolio,Auto,2021-05,41,75.99984845476621
Loss Incurred,month,cumulative,Synthetic,Portfolio,Auto,2021-05,41,311091.0092679681
Exposure,month,cumulative,Synthetic,Portfolio,Auto,2021-05,41,10378.53939161017
Earned Premium,month,cumulative,Synthetic,Portfolio,Auto,2021-05,41,802110.0452988481
Claims Reported,month,cumulative,Synthetic,Portfolio,Auto,2021-05,42,75.99989320781582
Loss Incurred,month,cumulative,Synthetic,Portfolio,Auto,2021-05,42,309279.60978891683
Exposure,month,cumulative,Synthetic,Portfolio,Auto,2021-05,42,10371.360086714776
Earned Premium,month,cumulative,Synthetic,Portfolio,Auto,2021-05,42,801455.4923112423
Claims Reported,month,cumulative,Synthetic,Portfolio,Auto,2021-05,43,75.99992474478849
Loss Incurred,month,cumulative,Synthetic,Portfolio,Auto,2021-05,43,307471.29389751906
Exposure,month,cumulative,Synthetic,Portfolio,Auto,2021-05,43,10364.616157077113
Earned Premium,month,cumulative,Synthetic,Portfolio,Auto,2021-05,43,800829.8589941523
Claims Reported,month,cumulative,Synthetic,Portfolio,Auto,2021-05,44,75.99994696853325
Loss Incurred,month,cumulative,Synthetic,Portfolio,Auto,2021-05,44,305666.1439080686
Exposure,month,cumulative,Synthetic,Portfolio,Auto,2021-05,44,10358.281200194737
Earned Premium,month,cumulative,Synthetic,Portfolio,Auto,2021-05,44,800231.8676093988
Claims Reported,month,cumulative,Synthetic,Portfolio,Auto,2021-05,45,75.9999626293493
Loss Incurred,month,cumulative,Synthetic,Portfolio,Auto,2021-05,45,303864.24153087265
Exposure,month,cumulative,Synthetic,Portfolio,Auto,2021-05,45,10352.330414694627
Earned Premium,month,cumulative,Synthetic,Portfolio,Auto,2021-05,45,799660.2968722415
Claims Reported,month,cumulative,Synthetic,Portfolio,Auto,2021-05,46,75.99997366534372
Loss Incurred,month,cumulative,Synthetic,Portfolio,Auto,2021-05,46,302065.6678583387
Exposure,month,cumulative,Synthetic,Portfolio,Auto,2021-05,46,10346.740503235742
Earned Premium,month,cumulative,Synthetic,Portfolio,Auto,2021-05,46,799113.9794571347
Claims Reported,month,cumulative,Synthetic,Portfolio,Auto,2021-05,47,75.99998144227948
Loss Incurred,month,cumulative,Synthetic,Portfolio,Auto,2021-05,47,300270.5033513074
Exposure,month,cumulative,Synthetic,Portfolio,Auto,2021-05,47,10341.48958129988
Earned Premium,month,cumulative,Synthetic,Portfolio,Auto,2021-05,47,798591.7996136855
Claims Reported,month,cumulative,Synthetic,Portfolio,Auto,2021-05,48,75.99998692259443
Loss Incurred,month,cumulative,Synthetic,Portfolio,Auto,2021-05,48,298478.8278256349
Exposure,month,cumulative,Synthetic,Portfolio,Auto,2021-05,48,10336.55709151371
Earned Premium,month,cumulative,Synthetic,Portfolio,Auto,2021-05,48,798092.6908879435
Claims Reported,month,cumulative,Synthetic,Portfolio,Auto,2021-05,49,75.99999078450757
Loss Incurred,month,cumulative,Synthetic,Portfolio,Auto,2021-05,49,296690.7204390288
Exposure,month,cumulative,Synthetic,Portfolio,Auto,2021-05,49,10331.923723166621
Earned Premium,month,cumulative,Synthetic,Portfolio,Auto,2021-05,49,797615.6339443695
Claims Reported,month,cumulative,Synthetic,Portfolio,Auto,2021-05,50,75.99999350595202
Loss Incurred,month,cumulative,Synthetic,Portfolio,Auto,2021-05,50,294906.259678142
Exposure,month,cumulative,Synthetic,Portfolio,Auto,2021-05,50,10327.571336609226
Earned Premium,month,cumulative,Synthetic,Portfolio,Auto,2021-05,50,797159.6544840349
Claims Reported,month,cumulative,Synthetic,Portfolio,Auto,2021-05,51,75.99999542372163
Loss Incurred,month,cumulative,Synthetic,Portfolio,Auto,2021-05,51,293125.52334592957
Exposure,month,cumulative,Synthetic,Portfolio,Auto,2021-05,51,10323.482892236596
Earned Premium,month,cumulative,Synthetic,Portfolio,Auto,2021-05,51,796723.8212547994
Claims Reported,month,cumulative,Synthetic,Portfolio,Auto,2021-05,52,75.99999677515106
Loss Incurred,month,cumulative,Synthetic,Portfolio,Auto,2021-05,52,291348.58854927
Exposure,month,cumulative,Synthetic,Portfolio,Auto,2021-05,52,10319.642383778148
Earned Premium,month,cumulative,Synthetic,Portfolio,Auto,2021-05,52,796307.2441494042
Claims Reported,month,cumulative,Synthetic,Portfolio,Auto,2021-05,53,75.99999772748734
Loss Incurred,month,cumulative,Synthetic,Portfolio,Auto,2021-05,53,289575.5316868568
Exposure,month,cumulative,Synthetic,Portfolio,Auto,2021-05,53,10316.034775633068
Earned Premium,month,cumulative,Synthetic,Portfolio,Auto,2021-05,53,795909.0723875957
Claims Reported,month,cumulative,Synthetic,Portfolio,Auto,2021-05,54,75.99999839858738
Loss Incurred,month,cumulative,Synthetic,Portfolio,Auto,2021-05,54,287806.42843736254
Exposure,month,cumulative,Synthetic,Portfolio,Auto,2021-05,54,10312.64594400589
Earned Premium,month,cumulative,Synthetic,Portfolio,Auto,2021-05,54,795528.4927785668
Claims Reported,month,cumulative,Synthetic,Portfolio,Auto,2021-05,55,75.99999887150359
Loss Incurred,month,cumulative,Synthetic,Portfolio,Auto,2021-05,55,286041.3537478787
Exposure,month,cumulative,Synthetic,Portfolio,Auto,2021-05,55,10309.46262161179
Earned Premium,month,cumulative,Synthetic,Portfolio,Auto,2021-05,55,795164.7280601679
Claims Reported,month,cumulative,Synthetic,Portfolio,Auto,2021-06,0,14.93076104610092
Loss Incurred,month,cumulative,Synthetic,Portfolio,Auto,2021-06,0,366338.53903870605
Exposure,month,cumulative,Synthetic,Portfolio,Auto,2021-06,0,11945.748340799064
Earned Premium,month,cumulative,Synthetic,Portfolio,Auto,2021-06,0,901596.3986670563
Claims Reported,month,cumulative,Synthetic,Portfolio,Auto,2021-06,1,19.449272110401356
Loss Incurred,month,cumulative,Synthetic,Portfolio,Auto,2021-06,1,364578.7334210482
Exposure,month,cumulative,Synthetic,Portfolio,Auto,2021-06,1,11831.72794447399
Earned Premium,month,cumulative,Synthetic,Portfolio,Auto,2021-06,1,895270.1536571088
Claims Reported,month,cumulative,Synthetic,Portfolio,Auto,2021-06,2,24.721360828699392
Loss Incurred,month,cumulative,Synthetic,Portfolio,Auto,2021-06,2,362818.32172418764
Exposure,month,cumulative,Synthetic,Portfolio,Auto,2021-06,2,11726.051241078163
Earned Premium,month,cumulative,Synthetic,Portfolio,Auto,2021-06,2,889358.2102598641
Claims Reported,month,cumulative,Synthetic,Portfolio,Auto,2021-06,3,30.55863745482768
Loss Incurred,month,cumulative,Synthetic,Portfolio,Auto,2021-06,3,361057.3916973682
Exposure,month,cumulative,Synthetic,Portfolio,Auto,2021-06,3,11628.107662555847
Earned Premium,month,cumulative,Synthetic,Portfolio,Auto,2021-06,3,883833.4361359936
Claims Reported,month,cumulative,Synthetic,Portfolio,Auto,2021-06,4,36.65832265578467
Loss Incurred,month,cumulative,Synthetic,Portfolio,Auto,2021-06,4,359296.03119335935
Exposure,month,cumulative,Synthetic,Portfolio,Auto,2021-06,4,11537.331320509817
Earned Premium,month,cumulative,Synthetic,Portfolio,Auto,2021-06,4,878670.4758251732
Claims Reported,month,cumulative,Synthetic,Portfolio,Auto,2021-06,5,42.658690693391605
Loss Incurred,month,cumulative,Synthetic,Portfolio,Auto,2021-06,5,357534.32815094444
Exposure,month,cumulative,Synthetic,Portfolio,Auto,2021-06,5,11453.19773666919
Earned Premium,month,cumulative,Synthetic,Portfolio,Auto,2021-06,5,873845.6343794506
Claims Reported,month,cumulative,Synthetic,Portfolio,Auto,2021-06,6,48.22075834586708
Loss Incurred,month,cumulative,Synthetic,Portfolio,Auto,2021-06,6,355772.37057737156
Exposure,month,cumulative,Synthetic,Portfolio,Auto,2021-06,6,11375.220812612499
Earned Premium,month,cumulative,Synthetic,Portfolio,Auto,2021-06,6,869336.7686173848
Claims Reported,month,cumulative,Synthetic,Portfolio,Auto,2021-06,7,53.09960251270899
Loss Incurred,month,cumulative,Synthetic,Portfolio,Auto,2021-06,7,354010.2465307766
Exposure,month,cumulative,Synthetic,Portfolio,Auto,2021-06,7,11302.950021237903
Earned Premium,month,cumulative,Synthetic,Portfolio,Auto,2021-06,7,865123.1854998812
Claims Reported,month,cumulative,Synthetic,Portfolio,Auto,2021-06,8,57.17617268786396
Loss Incurred,month,cumulative,Synthetic,Portfolio,Auto,2021-06,8,352248.0441025838
Exposure,month,cumulative,Synthetic,Portfolio,Auto,2021-06,8,11235.967803753752
Earned Premium,month,cumulative,Synthetic,Portfolio,Auto,2021-06,8,861185.5471613253
Claims Reported,month,cumulative,Synthetic,Portfolio,Auto,2021-06,9,60.446344939933994
Loss Incurred,month,cumulative,Synthetic,Portfolio,Auto,2021-06,9,350485.8513998922
Exposure,month,cumulative,Synthetic,Portfolio,Auto,2021-06,9,11173.887157150079
Earned Premium,month,cumulative,Synthetic,Portfolio,Auto,2021-06,9,857505.7821601662
Claims Reported,month,cumulative,Synthetic,Portfolio,Auto,2021-06,10,62.98491423037447
Loss Incurred,month,cumulative,Synthetic,Portfolio,Auto,2021-06,10,348723.756527856
Exposure,month,cumulative,Synthetic,Portfolio,Auto,2021-06,10,11116.349398212164
Earned Premium,month,cumulative,Synthetic,Portfolio,Auto,2021-06,10,854067.0025416395
Claims Reported,month,cumulative,Synthetic,Portfolio,Auto,2021-06,11,64.90579031999117
Loss Incurred,month,cumulative,Synthetic,Portfolio,Auto,2021-06,11,346961.84757206537
Exposure,month,cumulative,Synthetic,Portfolio,Auto,2021-06,11,11063.022091157312
Earned Premium,month,cumulative,Synthetic,Portfolio,Auto,2021-06,11,850853.4263319984
Claims Reported,month,cumulative,Synthetic,Portfolio,Auto,2021-06,12,66.33132709700642
Loss Incurred,month,cumulative,Synthetic,Portfolio,Auto,2021-06,12,345200.21258093504
Exposure,month,cumulative,Synthetic,Portfolio,Auto,2021-06,12,11013.597126921377
Earned Premium,month,cumulative,Synthetic,Portfolio,Auto,2021-06,12,847850.3051085465
Claims Reported,month,cumulative,Synthetic,Portfolio,Auto,2021-06,13,67.37408818270434
Loss Incurred,month,cumulative,Synthetic,Portfolio,Auto,2021-06,13,343438.93954811
Exposure,month,cumulative,Synthetic,Portfolio,Auto,2021-06,13,10967.788942997691
Earned Premium,month,cumulative,Synthetic,Portfolio,Auto,2021-06,13,845043.8563130612
Claims Reported,month,cumulative,Synthetic,Portfolio,Auto,2021-06,14,68.12882222922669
Loss Incurred,month,cumulative,Synthetic,Portfolio,Auto,2021-06,14,341678.1163948934
Exposure,month,cumulative,Synthetic,Portfolio,Auto,2021-06,14,10925.33287354321
Earned Premium,month,cumulative,Synthetic,Portfolio,Auto,2021-06,14,842421.1999979668
Claims Reported,month,cumulative,Synthetic,Portfolio,Auto,2021-06,15,68.6709114657571
Loss Incurred,month,cumulative,Synthetic,Portfolio,Auto,2021-06,15,339917.8309527051
Exposure,month,cumulative,Synthetic,Portfolio,Auto,2021-06,15,10885.983620219245
Earned Premium,month,cumulative,Synthetic,Portfolio,Auto,2021-06,15,839970.2997149577
Claims Reported,month,cumulative,Synthetic,Portfolio,Auto,2021-06,16,69.05812597573795
Loss Incurred,month,cumulative,Synthetic,Portfolio,Auto,2021-06,16,338158.1709455792
Exposure,month,cumulative,Synthetic,Portfolio,Auto,2021-06,16,10849.513834931808
Earned Premium,month,cumulative,Synthetic,Portfolio,Auto,2021-06,16,837679.907274789
Claims Reported,month,cumulative,Synthetic,Portfolio,Auto,2021-06,17,69.33362473557732
Loss Incurred,month,cumulative,Synthetic,Portfolio,Auto,2021-06,17,336399.22397270653
Exposure,month,cumulative,Synthetic,Portfolio,Auto,2021-06,17,10815.712806283018
Earned Premium,month,cumulative,Synthetic,Portfolio,Auto,2021-06,17,835539.5111247087
Claims Reported,month,cumulative,Synthetic,Portfolio,Auto,2021-06,18,69.52908943346887
Loss Incurred,month,cumulative,Synthetic,Portfolio,Auto,2021-06,18,334641.07749103
Exposure,month,cumulative,Synthetic,Portfolio,Auto,2021-06,18,10784.385242144332
Earned Premium,month,cumulative,Synthetic,Portfolio,Auto,2021-06,18,833539.2881066219
Claims Reported,month,cumulative,Synthetic,Portfolio,Auto,2021-06,19,69.66749436011824
Loss Incurred,month,cumulative,Synthetic,Portfolio,Auto,2021-06,19,332883.8187979006
Exposure,month,cumulative,Synthetic,Portfolio,Auto,2021-06,19,10755.35014131764
Earned Premium,month,cumulative,Synthetic,Portfolio,Auto,2021-06,19,831670.058374577
Claims Reported,month,cumulative,Synthetic,Portfolio,Auto,2021-06,20,69.76535809061329
Loss Incurred,month,cumulative,Synthetic,Portfolio,Auto,2021-06,20,331127.53501380055
Exposure,month,cumulative,Synthetic,Portfolio,Auto,2021-06,20,10728.43974776505
Earned Premium,month,cumulative,Synthetic,Portfolio,Auto,2021-06,20,829923.2432646785
Claims Reported,month,cumulative,Synthetic,Portfolio,Auto,2021-06,21,69.83448680065314
Loss Incurred,month,cumulative,Synthetic,Portfolio,Auto,2021-06,21,329372.3130651416
Exposure,month,cumulative,Synthetic,Portfolio,Auto,2021-06,21,10703.498581365182
Earned Premium,month,cumulative,Synthetic,Portfolio,Auto,2021-06,21,828290.8259240708
Claims Reported,month,cumulative,Synthetic,Portfolio,Auto,2021-06,22,69.88328332144273
Loss Incurred,month,cumulative,Synthetic,Portfolio,Auto,2021-06,22,327618.2396671446
Exposure,month,cumulative,Synthetic,Portfolio,Auto,2021-06,22,10680.382539596038
Earned Premium,month,cumulative,Synthetic,Portfolio,Auto,2021-06,22,826765.3145183034
Claims Reported,month,cumulative,Synthetic,Portfolio,Auto,2021-06,23,69.91771062766759
Loss Incurred,month,cumulative,Synthetic,Portfolio,Auto,2021-06,23,325865.40130680904
Exposure,month,cumulative,Synthetic,Portfolio,Auto,2021-06,23,10658.95806495416
Earned Premium,month,cumulative,Synthetic,Portfolio,Auto,2021-06,23,825339.7078482226
Claims Reported,month,cumulative,Synthetic,Portfolio,Auto,2021-06,24,69.94199152132289
Loss Incurred,month,cumulative,Synthetic,Portfolio,Auto,2021-06,24,324113.8842259783
Exposure,month,cumulative,Synthetic,Portfolio,Auto,2021-06,24,10639.101373299742
Earned Premium,month,cumulative,Synthetic,Portfolio,Auto,2021-06,24,824007.4632185883
Claims Reported,month,cumulative,Synthetic,Portfolio,Auto,2021-06,25,69.95911210977535
Loss Incurred,month,cumulative,Synthetic,Portfolio,Auto,2021-06,25,322363.77440450754
Exposure,month,cumulative,Synthetic,Portfolio,Auto,2021-06,25,10620.697738669289
Earned Premium,month,cumulative,Synthetic,Portfolio,Auto,2021-06,25,822762.4664109567
Claims Reported,month,cumulative,Synthetic,Portfolio,Auto,2021-06,26,69.97118181974021
Loss Incurred,month,cumulative,Synthetic,Portfolio,Auto,2021-06,26,320615.1575435427
Exposure,month,cumulative,Synthetic,Portfolio,Auto,2021-06,26,10603.640830423656
Earned Premium,month,cumulative,Synthetic,Portfolio,Auto,2021-06,26,821599.0036230161
Claims Reported,month,cumulative,Synthetic,Portfolio,Auto,2021-06,27,69.97968970234956
Loss Incurred,month,cumulative,Synthetic,Portfolio,Auto,2021-06,27,318868.1190489157
Exposure,month,cumulative,Synthetic,Portfolio,Auto,2021-06,27,10587.832098901754
Earned Premium,month,cumulative,Synthetic,Portfolio,Auto,2021-06,27,820511.7352455996
Claims Reported,month,cumulative,Synthetic,Portfolio,Auto,2021-06,28,69.98568634869767
Loss Incurred,month,cumulative,Synthetic,Portfolio,Auto,2021-06,28,317122.7440146629
Exposure,month,cumulative,Synthetic,Portfolio,Auto,2021-06,28,10573.1802060304
Earned Premium,month,cumulative,Synthetic,Portfolio,Auto,2021-06,28,819495.6713570222
Claims Reported,month,cumulative,Synthetic,Portfolio,Auto,2021-06,29,69.98991273128112
Loss Incurred,month,cumulative,Synthetic,Portfolio,Auto,2021-06,29,315379.11720667506
Exposure,month,cumulative,Synthetic,Portfolio,Auto,2021-06,29,10559.600497600522
Earned Premium,month,cumulative,Synthetic,Portfolio,Auto,2021-06,29,818546.1488222787
Claims Reported,month,cumulative,Synthetic,Portfolio,Auto,2021-06,30,69.992891319362
Loss Incurred,month,cumulative,Synthetic,Portfolio,Auto,2021-06,30,313637.323046483
Exposure,month,cumulative,Synthetic,Portfolio,Auto,2021-06,30,10547.01451416073
Earned Premium,month,cumulative,Synthetic,Portfolio,Auto,2021-06,30,817658.8098919995
Claims Reported,month,cumulative,Synthetic,Portfolio,Auto,2021-06,31,69.99499044718587
Loss Incurred,month,cumulative,Synthetic,Portfolio,Auto,2021-06,31,311897.4455951872
Exposure,month,cumulative,Synthetic,Portfolio,Auto,2021-06,31,10535.349537702308
Earned Premium,month,cumulative,Synthetic,Portfolio,Auto,2021-06,31,816829.5822029464
Claims Reported,month,cumulative,Synthetic,Portfolio,Auto,2021-06,32,69.99646975318879
Loss Incurred,month,cumulative,Synthetic,Portfolio,Auto,2021-06,32,310159.56853753683
Exposure,month,cumulative,Synthetic,Portfolio,Auto,2021-06,32,10524.538171516548
Earned Premium,month,cumulative,Synthetic,Portfolio,Auto,2021-06,32,816054.6600882636
Claims Reported,month,cumulative,Synthetic,Portfolio,Auto,2021-06,33,69.99751224006768
Loss Incurred,month,cumulative,Synthetic,Portfolio,Auto,2021-06,33,308423.7751661653
Exposure,month,cumulative,Synthetic,Portfolio,Auto,2021-06,33,10514.517950796924
Earned Premium,month,cumulative,Synthetic,Portfolio,Auto,2021-06,33,815330.4871117073
Claims Reported,month,cumulative,Synthetic,Portfolio,Auto,2021-06,34,69.99824688680631
Loss Incurred,month,cumulative,Synthetic,Portfolio,Auto,2021-06,34,306690.1483659873
Exposure,month,cumulative,Synthetic,Portfolio,Auto,2021-06,34,10505.230981736322
Earned Premium,month,cumulative,Synthetic,Portfolio,Auto,2021-06,34,814653.7397456975
Claims Reported,month,cumulative,Synthetic,Portfolio,Auto,2021-06,35,69.9987645928755
Loss Incurred,month,cumulative,Synthetic,Portfolio,Auto,2021-06,35,304958.7705987643
Exposure,month,cumulative,Synthetic,Portfolio,Auto,2021-06,35,10496.62360703412
Earned Premium,month,cumulative,Synthetic,Portfolio,Auto,2021-06,35,814021.312118283
Claims Reported,month,cumulative,Synthetic,Portfolio,Auto,2021-06,36,69.99912941877606
Loss Incurred,month,cumulative,Synthetic,Portfolio,Auto,2021-06,36,303229.72388784436
Exposure,month,cumulative,Synthetic,Portfolio,Auto,2021-06,36,10488.646095880518
Earned Premium,month,cumulative,Synthetic,Portfolio,Auto,2021-06,36,813430.3017590177
Claims Reported,month,cumulative,Synthetic,Portfolio,Auto,2021-06,37,69.99938650952716
Loss Incurred,month,cumulative,Synthetic,Portfolio,Auto,2021-06,37,301503.08980308153
Exposure,month,cumulative,Synthetic,Portfolio,Auto,2021-06,37,10481.25235662695
Earned Premium,month,cumulative,Synthetic,Portfolio,Auto,2021-06,37,812877.9962783311
Claims Reported,month,cumulative,Synthetic,Portfolio,Auto,2021-06,38,69.99956767945172
Loss Incurred,month,cumulative,Synthetic,Portfolio,Auto,2021-06,38,299778.94944594096
Exposure,month,cumulative,Synthetic,Portfolio,Auto,2021-06,38,10474.399670482464
Earned Premium,month,cumulative,Synthetic,Portfolio,Auto,2021-06,38,812361.8609192558
Claims Reported,month,cumulative,Synthetic,Portfolio,Auto,2021-06,39,69.99969534830304
Loss Incurred,month,cumulative,Synthetic,Portfolio,Auto,2021-06,39,298057.38343479525
Exposure,month,cumulative,Synthetic,Portfolio,Auto,2021-06,39,10468.048444697468
Earned Premium,month,cumulative,Synthetic,Portfolio,Auto,2021-06,39,811879.5269243865
Claims Reported,month,cumulative,Synthetic,Portfolio,Auto,2021-06,40,69.99978531530172
Loss Incurred,month,cumulative,Synthetic,Portfolio,Auto,2021-06,40,296338.4718904171
Exposure,month,cumulative,Synthetic,Portfolio,Auto,2021-06,40,10462.161983808772
Earned Premium,month,cumulative,Synthetic,Portfolio,Auto,2021-06,40,811428.780664678
Claims Reported,month,cumulative,Synthetic,Portfolio,Auto,2021-06,41,69.99984871411306
Loss Incurred,month,cumulative,Synthetic,Portfolio,Auto,2021-06,41,294622.2944216742
Exposure,month,cumulative,Synthetic,Portfolio,Auto,2021-06,41,10456.706277624307
Earned Premium,month,cumulative,Synthetic,Portfolio,Auto,2021-06,41,811007.5534801906
Claims Reported,month,cumulative,Synthetic,Portfolio,Auto,2021-06,42,69.99989339056928
Loss Incurred,month,cumulative,Synthetic,Portfolio,Auto,2021-06,42,292908.9301114307
Exposure,month,cumulative,Synthetic,Portfolio,Auto,2021-06,42,10451.649804722505
Earned Premium,month,cumulative,Synthetic,Portfolio,Auto,2021-06,42,810613.9121861602
Claims Reported,month,cumulative,Synthetic,Portfolio,Auto,2021-06,43,69.99992487357014
Loss Incurred,month,cumulative,Synthetic,Portfolio,Auto,2021-06,43,291198.45750266087
Exposure,month,cumulative,Synthetic,Portfolio,Auto,2021-06,43,10446.963350331052
Earned Premium,month,cumulative,Synthetic,Portfolio,Auto,2021-06,43,810246.0502008171
Claims Reported,month,cumulative,Synthetic,Portfolio,Auto,2021-06,44,69.99994705928287
Loss Incurred,month,cumulative,Synthetic,Portfolio,Auto,2021-06,44,289490.95458477933
Exposure,month,cumulative,Synthetic,Portfolio,Auto,2021-06,44,10442.619837532766
Earned Premium,month,cumulative,Synthetic,Portfolio,Auto,2021-06,44,809902.2792542403
Claims Reported,month,cumulative,Synthetic,Portfolio,Auto,2021-06,45,69.99996269329884
Loss Incurred,month,cumulative,Synthetic,Portfolio,Auto,2021-06,45,287786.4987801934
Exposure,month,cumulative,Synthetic,Portfolio,Auto,2021-06,45,10438.594170823348
Earned Premium,month,cumulative,Synthetic,Portfolio,Auto,2021-06,45,809581.0216401923
Claims Reported,month,cumulative,Synthetic,Portfolio,Auto,2021-06,46,69.9999737104079
Loss Incurred,month,cumulative,Synthetic,Portfolio,Auto,2021-06,46,286085.16693108075
Exposure,month,cumulative,Synthetic,Portfolio,Auto,2021-06,46,10434.863091117146
Earned Premium,month,cumulative,Synthetic,Portfolio,Auto,2021-06,46,809280.8029753761
Claims Reported,month,cumulative,Synthetic,Portfolio,Auto,2021-06,47,69.99998147403551
Loss Incurred,month,cumulative,Synthetic,Portfolio,Auto,2021-06,47,284387.03528639826
Exposure,month,cumulative,Synthetic,Portfolio,Auto,2021-06,47,10431.405041363183
Earned Premium,month,cumulative,Synthetic,Portfolio,Auto,2021-06,47,809000.2454328848
Claims Reported,month,cumulative,Synthetic,Portfolio,Auto,2021-06,48,69.99998694497245
Loss Incurred,month,cumulative,Synthetic,Portfolio,Auto,2021-06,48,282692.1794891252
Exposure,month,cumulative,Synthetic,Portfolio,Auto,2021-06,48,10428.200041995038
Earned Premium,month,cumulative,Synthetic,Portfolio,Auto,2021-06,48,808738.0614187863
Claims Reported,month,cumulative,Synthetic,Portfolio,Auto,2021-06,49,69.99999080027708
Loss Incurred,month,cumulative,Synthetic,Portfolio,Auto,2021-06,49,281000.67456374527
Exposure,month,cumulative,Synthetic,Portfolio,Auto,2021-06,49,10425.229575494943
Earned Premium,month,cumulative,Synthetic,Portfolio,Auto,2021-06,49,808493.0476628258
Claims Reported,month,cumulative,Synthetic,Portfolio,Auto,2021-06,50,69.99999351706457
Loss Incurred,month,cumulative,Synthetic,Portfolio,Auto,2021-06,50,279312.59490397194
Exposure,month,cumulative,Synthetic,Portfolio,Auto,2021-06,50,10422.476479405163
Earned Premium,month,cumulative,Synthetic,Portfolio,Auto,2021-06,50,808264.0796961242
Claims Reported,month,cumulative,Synthetic,Portfolio,Auto,2021-06,51,69.99999543155249
Loss Incurred,month,cumulative,Synthetic,Portfolio,Auto,2021-06,51,277628.01426071976
Exposure,month,cumulative,Synthetic,Portfolio,Auto,2021-06,51,10419.9248471685
Earned Premium,month,cumulative,Synthetic,Portfolio,Auto,2021-06,51,808050.106690527
Claims Reported,month,cumulative,Synthetic,Portfolio,Auto,2021-06,52,69.99999678066939
Loss Incurred,month,cumulative,Synthetic,Portfolio,Auto,2021-06,52,275947.00573032594
Exposure,month,cumulative,Synthetic,Portfolio,Auto,2021-06,52,10417.559936225021
Earned Premium,month,cumulative,Synthetic,Portfolio,Auto,2021-06,52,807850.1466359228
Claims Reported,month,cumulative,Synthetic,Portfolio,Auto,2021-06,53,69.99999773137603
Loss Incurred,month,cumulative,Synthetic,Portfolio,Auto,2021-06,53,274269.641743026
Exposure,month,cumulative,Synthetic,Portfolio,Auto,2021-06,53,10415.368082833993
Earned Premium,month,cumulative,Synthetic,Portfolio,Auto,2021-06,53,807663.2818333944
Claims Reported,month,cumulative,Synthetic,Portfolio,Auto,2021-06,54,69.9999984013277
Loss Incurred,month,cumulative,Synthetic,Portfolio,Auto,2021-06,54,272595.99405168596
Exposure,month,cumulative,Synthetic,Portfolio,Auto,2021-06,54,10413.33662312892
Earned Premium,month,cumulative,Synthetic,Portfolio,Auto,2021-06,54,807488.6546835215
Claims Reported,month,cumulative,Synthetic,Portfolio,Auto,2021-07,0,26.06659336489992
Loss Incurred,month,cumulative,Synthetic,Portfolio,Auto,2021-07,0,597642.0442978471
Exposure,month,cumulative,Synthetic,Portfolio,Auto,2021-07,0,12447.974464356956
Earned Premium,month,cumulative,Synthetic,Portfolio,Auto,2021-07,0,894820.685311258
Claims Reported,month,cumulative,Synthetic,Portfolio,Auto,2021-07,1,33.92735580257745
Loss Incurred,month,cumulative,Synthetic,Portfolio,Auto,2021-07,1,594770.6303406891
Exposure,month,cumulative,Synthetic,Portfolio,Auto,2021-07,1,12337.713734224606
Earned Premium,month,cumulative,Synthetic,Portfolio,Auto,2021-07,1,886962.1296279634
Claims Reported,month,cumulative,Synthetic,Portfolio,Auto,2021-07,2,43.08284890091781
Loss Incurred,month,cumulative,Synthetic,Portfolio,Auto,2021-07,2,591898.2321001154
Exposure,month,cumulative,Synthetic,Portfolio,Auto,2021-07,2,12234.94072451925
Earned Premium,month,cumulative,Synthetic,Portfolio,Auto,2021-07,2,879747.7227878779
Claims Reported,month,cumulative,Synthetic,Portfolio,Auto,2021-07,3,53.19948376947017
Loss Incurred,month,cumulative,Synthetic,Portfolio,Auto,2021-07,3,589024.992757731
Exposure,month,cumulative,Synthetic,Portfolio,Auto,2021-07,3,12139.146949970333
Earned Premium,month,cumulative,Synthetic,Portfolio,Auto,2021-07,3,873124.6653010023
Claims Reported,month,cumulative,Synthetic,Portfolio,Auto,2021-07,4,63.748110067317036
Loss Incurred,month,cumulative,Synthetic,Portfolio,Auto,2021-07,4,586151.0556631366
Exposure,month,cumulative,Synthetic,Portfolio,Auto,2021-07,4,12049.858456146543
Earned Premium,month,cumulative,Synthetic,Portfolio,Auto,2021-07,4,867044.485537542
Claims Reported,month,cumulative,Synthetic,Portfolio,Auto,2021-07,5,74.10232718614114
Loss Incurred,month,cumulative,Synthetic,Portfolio,Auto,2021-07,5,583276.5643053518
Exposure,month,cumulative,Synthetic,Portfolio,Auto,2021-07,5,11966.633474493381
Earned Premium,month,cumulative,Synthetic,Portfolio,Auto,2021-07,5,861462.6849825488
Claims Reported,month,cumulative,Synthetic,Portfolio,Auto,2021-07,6,83.68021317098798
Loss Incurred,month,cumulative,Synthetic,Portfolio,Auto,2021-07,6,580401.6622841815
Exposure,month,cumulative,Synthetic,Portfolio,Auto,2021-07,6,11889.060236615293
Earned Premium,month,cumulative,Synthetic,Portfolio,Auto,2021-07,6,856338.4125682757
Claims Reported,month,cumulative,Synthetic,Portfolio,Auto,2021-07,7,92.06579188636294
Loss Incurred,month,cumulative,Synthetic,Portfolio,Auto,2021-07,7,577526.4932815329
Exposure,month,cumulative,Synthetic,Portfolio,Auto,2021-07,7,11816.754936988205
Earned Premium,month,cumulative,Synthetic,Portfolio,Auto,2021-07,7,851634.1657008035
Claims Reported,month,cumulative,Synthetic,Portfolio,Auto,2021-07,8,99.06116051364329
Loss Incurred,month,cumulative,Synthetic,Portfolio,Auto,2021-07,8,574651.2010327005
Exposure,month,cumulative,Synthetic,Portfolio,Auto,2021-07,8,11749.359834022684
Earned Premium,month,cumulative,Synthetic,Portfolio,Auto,2021-07,8,847315.5157928711
Claims Reported,month,cumulative,Synthetic,Portfolio,Auto,2021-07,9,104.66534130578526
Loss Incurred,month,cumulative,Synthetic,Portfolio,Auto,2021-07,9,571775.9292976258
Exposure,month,cumulative,Synthetic,Portfolio,Auto,2021-07,9,11686.54148008239
Earned Premium,month,cumulative,Synthetic,Portfolio,Auto,2021-07,9,843350.8562941857
Claims Reported,month,cumulative,Synthetic,Portfolio,Auto,2021-07,10,109.01121226085175
Loss Incurred,month,cumulative,Synthetic,Portfolio,Auto,2021-07,10,568900.8218321474
Exposure,month,cumulative,Synthetic,Portfolio,Auto,2021-07,10,11627.98907170063
Earned Premium,month,cumulative,Synthetic,Portfolio,Auto,2021-07,10,839711.1713751454
Claims Reported,month,cumulative,Synthetic,Portfolio,Auto,2021-07,11,112.29699620670601
Loss Incurred,month,cumulative,Synthetic,Portfolio,Auto,2021-07,11,566026.022359254
Exposure,month,cumulative,Synthetic,Portfolio,Auto,2021-07,11,11573.4129118324
Earned Premium,month,cumulative,Synthetic,Portfolio,Auto,2021-07,11,836369.8235710572
Claims Reported,month,cumulative,Synthetic,Portfolio,Auto,2021-07,12,114.73400398464253
Loss Incurred,month,cumulative,Synthetic,Portfolio,Auto,2021-07,12,563151.674540349
Exposure,month,cumulative,Synthetic,Portfolio,Auto,2021-07,12,11522.542976533714
Earned Premium,month,cumulative,Synthetic,Portfolio,Auto,2021-07,12,833302.3588327006
Claims Reported,month,cumulative,Synthetic,Portfolio,Auto,2021-07,13,116.51585226889298
Loss Incurred,month,cumulative,Synthetic,Portfolio,Auto,2021-07,13,560277.9219465443
Exposure,month,cumulative,Synthetic,Portfolio,Auto,2021-07,13,11475.127578976602
Earned Premium,month,cumulative,Synthetic,Portfolio,Auto,2021-07,13,830486.3275564746
Claims Reported,month,cumulative,Synthetic,Portfolio,Auto,2021-07,14,117.80510966822911
Loss Incurred,month,cumulative,Synthetic,Portfolio,Auto,2021-07,14,557404.9080299886
Exposure,month,cumulative,Synthetic,Portfolio,Auto,2021-07,14,11430.932124189832
Earned Premium,month,cumulative,Synthetic,Portfolio,Auto,2021-07,14,827901.1202843181
Claims Reported,month,cumulative,Synthetic,Portfolio,Auto,2021-07,15,118.73090572893211
Loss Incurred,month,cumulative,Synthetic,Portfolio,Auto,2021-07,15,554532.7760952506
Exposure,month,cumulative,Synthetic,Portfolio,Auto,2021-07,15,11389.73794836421
Earned Premium,month,cumulative,Synthetic,Portfolio,Auto,2021-07,15,825527.8168709527
Claims Reported,month,cumulative,Synthetic,Portfolio,Auto,2021-07,16,119.39209179591121
Loss Incurred,month,cumulative,Synthetic,Portfolio,Auto,2021-07,16,551661.6692707613
Exposure,month,cumulative,Synthetic,Portfolio,Auto,2021-07,16,11351.341236979759
Earned Premium,month,cumulative,Synthetic,Portfolio,Auto,2021-07,16,823349.0480145612
Claims Reported,month,cumulative,Synthetic,Portfolio,Auto,2021-07,17,119.86246225490413
Loss Incurred,month,cumulative,Synthetic,Portfolio,Auto,2021-07,17,548791.7304803322
Exposure,month,cumulative,Synthetic,Portfolio,Auto,2021-07,17,11315.55201640203
Earned Premium,month,cumulative,Synthetic,Portfolio,Auto,2021-07,17,821348.8681374968
Claims Reported,month,cumulative,Synthetic,Portfolio,Auto,2021-07,18,120.19615902132954
Loss Incurred,month,cumulative,Synthetic,Portfolio,Auto,2021-07,18,545923.1024147613
Exposure,month,cumulative,Synthetic,Portfolio,Auto,2021-07,18,11282.19321395834
Earned Premium,month,cumulative,Synthetic,Portfolio,Auto,2021-07,18,819512.6386866868
Claims Reported,month,cumulative,Synthetic,Portfolio,Auto,2021-07,19,120.43242934798374
Loss Incurred,month,cumulative,Synthetic,Portfolio,Auto,2021-07,19,543055.927503536
Exposure,month,cumulative,Synthetic,Portfolio,Auto,2021-07,19,11251.099781843488
Earned Premium,month,cumulative,Synthetic,Portfolio,Auto,2021-07,19,817826.9209996504
Claims Reported,month,cumulative,Synthetic,Portfolio,Auto,2021-07,20,120.59948492408286
Loss Incurred,month,cumulative,Synthetic,Portfolio,Auto,2021-07,20,540190.3478866478
Exposure,month,cumulative,Synthetic,Portfolio,Auto,2021-07,20,11222.11788052035
Earned Premium,month,cumulative,Synthetic,Portfolio,Auto,2021-07,20,816279.377952057
Claims Reported,month,cumulative,Synthetic,Portfolio,Auto,2021-07,21,120.71748563992733
Loss Incurred,month,cumulative,Synthetic,Portfolio,Auto,2021-07,21,537326.5053865289
Exposure,month,cumulative,Synthetic,Portfolio,Auto,2021-07,21,11195.104117575129
Earned Premium,month,cumulative,Synthetic,Portfolio,Auto,2021-07,21,814858.6836670222
Claims Reported,month,cumulative,Synthetic,Portfolio,Auto,2021-07,22,120.80077813121868
Loss Incurred,month,cumulative,Synthetic,Portfolio,Auto,2021-07,22,534464.5414801227
Exposure,month,cumulative,Synthetic,Portfolio,Auto,2021-07,22,11169.924838261313
Earned Premium,month,cumulative,Synthetic,Portfolio,Auto,2021-07,22,813554.4406253378
Claims Reported,month,cumulative,Synthetic,Portfolio,Auto,2021-07,23,120.85954242861202
Loss Incurred,month,cumulative,Synthetic,Portfolio,Auto,2021-07,23,531604.5972711012
Exposure,month,cumulative,Synthetic,Portfolio,Auto,2021-07,23,11146.455464222285
Earned Premium,month,cumulative,Synthetic,Portfolio,Auto,2021-07,23,812357.1035699978
Claims Reported,month,cumulative,Synthetic,Portfolio,Auto,2021-07,24,120.90098728077707
Loss Incurred,month,cumulative,Synthetic,Portfolio,Auto,2021-07,24,528746.8134622375
Exposure,month,cumulative,Synthetic,Portfolio,Auto,2021-07,24,11124.579877120723
Earned Premium,month,cumulative,Synthetic,Portfolio,Auto,2021-07,24,811257.909648105
Claims Reported,month,cumulative,Synthetic,Portfolio,Auto,2021-07,25,120.93021005130032
Loss Incurred,month,cumulative,Synthetic,Portfolio,Auto,2021-07,25,525891.3303279489
Exposure,month,cumulative,Synthetic,Portfolio,Auto,2021-07,25,11104.189844125292
Earned Premium,month,cumulative,Synthetic,Portfolio,Auto,2021-07,25,810248.8142788962
Claims Reported,month,cumulative,Synthetic,Portfolio,Auto,2021-07,26,120.9508114761396
Loss Incurred,month,cumulative,Synthetic,Portfolio,Auto,2021-07,26,523038.28768701945
Exposure,month,cumulative,Synthetic,Portfolio,Auto,2021-07,26,11085.184482412045
Earned Premium,month,cumulative,Synthetic,Portfolio,Auto,2021-07,26,809322.4322785249
Claims Reported,month,cumulative,Synthetic,Portfolio,Auto,2021-07,27,120.96533327137061
Loss Incurred,month,cumulative,Synthetic,Portfolio,Auto,2021-07,27,520187.8248755123
Exposure,month,cumulative,Synthetic,Portfolio,Auto,2021-07,27,11067.46976003115
Earned Premium,month,cumulative,Synthetic,Portfolio,Auto,2021-07,27,808471.9838107208
Claims Reported,month,cumulative,Synthetic,Portfolio,Auto,2021-07,28,120.9755687021563
Loss Incurred,month,cumulative,Synthetic,Portfolio,Auto,2021-07,28,517340.08071988664
Exposure,month,cumulative,Synthetic,Portfolio,Auto,2021-07,28,11050.958030669353
Earned Premium,month,cumulative,Synthetic,Portfolio,Auto,2021-07,28,807691.2447677554
Claims Reported,month,cumulative,Synthetic,Portfolio,Auto,2021-07,29,120.98278252876895
Loss Incurred,month,cumulative,Synthetic,Portfolio,Auto,2021-07,29,514495.1935103246
Exposure,month,cumulative,Synthetic,Portfolio,Auto,2021-07,29,11035.567600006365
Earned Premium,month,cumulative,Synthetic,Portfolio,Auto,2021-07,29,806974.501218573
Claims Reported,month,cumulative,Synthetic,Portfolio,Auto,2021-07,30,120.9878665432301
Loss Incurred,month,cumulative,Synthetic,Portfolio,Auto,2021-07,30,511653.3009742845
Exposure,month,cumulative,Synthetic,Portfolio,Auto,2021-07,30,11021.222321519654
Earned Premium,month,cumulative,Synthetic,Portfolio,Auto,2021-07,30,806316.5075907108
Claims Reported,month,cumulative,Synthetic,Portfolio,Auto,2021-07,31,120.99144944432085
Loss Incurred,month,cumulative,Synthetic,Portfolio,Auto,2021-07,31,508814.54025028634
Exposure,month,cumulative,Synthetic,Portfolio,Auto,2021-07,31,11007.851219737802
Earned Premium,month,cumulative,Synthetic,Portfolio,Auto,2021-07,31,805712.4482799557
Claims Reported,month,cumulative,Synthetic,Portfolio,Auto,2021-07,32,120.99397439950756
Loss Incurred,month,cumulative,Synthetic,Portfolio,Auto,2021-07,32,505979.04786194337
Exposure,month,cumulative,Synthetic,Portfolio,Auto,2021-07,32,10995.38813907846
Earned Premium,month,cumulative,Synthetic,Portfolio,Auto,2021-07,32,805157.9024067753
Claims Reported,month,cumulative,Synthetic,Portfolio,Auto,2021-07,33,120.9957537686543
Loss Incurred,month,cumulative,Synthetic,Portfolio,Auto,2021-07,33,503146.9596922474
Exposure,month,cumulative,Synthetic,Portfolio,Auto,2021-07,33,10983.771416533418
Earned Premium,month,cumulative,Synthetic,Portfolio,Auto,2021-07,33,804648.8114615881
Claims Reported,month,cumulative,Synthetic,Portfolio,Auto,2021-07,34,120.99700770033431
Loss Incurred,month,cumulative,Synthetic,Portfolio,Auto,2021-07,34,500318.4109581198
Exposure,month,cumulative,Synthetic,Portfolio,Auto,2021-07,34,10972.943576581396
Earned Premium,month,cumulative,Synthetic,Portfolio,Auto,2021-07,34,804181.4496020813
Claims Reported,month,cumulative,Synthetic,Portfolio,Auto,2021-07,35,120.99789134666524
Loss Incurred,month,cumulative,Synthetic,Portfolio,Auto,2021-07,35,497493.53618523665
Exposure,month,cumulative,Synthetic,Portfolio,Auto,2021-07,35,10962.851046819065
Earned Premium,month,cumulative,Synthetic,Portfolio,Auto,2021-07,35,803752.3963851919
Claims Reported,month,cumulative,Synthetic,Portfolio,Auto,2021-07,36,120.9985140494624
Loss Incurred,month,cumulative,Synthetic,Portfolio,Auto,2021-07,36,494672.46918313904
Exposure,month,cumulative,Synthetic,Portfolio,Auto,2021-07,36,10953.443892903335
Earned Premium,month,cumulative,Synthetic,Portfolio,Auto,2021-07,36,803358.5117341907
Claims Reported,month,cumulative,Synthetic,Portfolio,Auto,2021-07,37,120.99895286455668
Loss Incurred,month,cumulative,Synthetic,Portfolio,Auto,2021-07,37,491855.34302063583
Exposure,month,cumulative,Synthetic,Portfolio,Auto,2021-07,37,10944.675571493523
Earned Premium,month,cumulative,Synthetic,Portfolio,Auto,2021-07,37,802996.9129576589
Claims Reported,month,cumulative,Synthetic,Portfolio,Auto,2021-07,38,120.99926209423897
Loss Incurred,month,cumulative,Synthetic,Portfolio,Auto,2021-07,38,489042.2900015114
Exposure,month,cumulative,Synthetic,Portfolio,Auto,2021-07,38,10936.502699971008
Earned Premium,month,cumulative,Synthetic,Portfolio,Auto,2021-07,38,802664.9536521692
Claims Reported,month,cumulative,Synthetic,Portfolio,Auto,2021-07,39,120.99948000566239
Loss Incurred,month,cumulative,Synthetic,Portfolio,Auto,2021-07,39,486233.44164054387
Exposure,month,cumulative,Synthetic,Portfolio,Auto,2021-07,39,10928.88484179706
Earned Premium,month,cumulative,Synthetic,Portfolio,Auto,2021-07,39,802360.2043342703
Claims Reported,month,cumulative,Synthetic,Portfolio,Auto,2021-07,40,120.99963356571854
Loss Incurred,month,cumulative,Synthetic,Portfolio,Auto,2021-07,40,483428.9286398456
Exposure,month,cumulative,Synthetic,Portfolio,Auto,2021-07,40,10921.784306446849
Earned Premium,month,cumulative,Synthetic,Portfolio,Auto,2021-07,40,802080.434660024
Claims Reported,month,cumulative,Synthetic,Portfolio,Auto,2021-07,41,120.99974177789524
Loss Incurred,month,cumulative,Synthetic,Portfolio,Auto,2021-07,41,480628.88086553186
Exposure,month,cumulative,Synthetic,Portfolio,Auto,2021-07,41,10915.165962929763
Earned Premium,month,cumulative,Synthetic,Portfolio,Auto,2021-07,41,801823.5971019698
Claims Reported,month,cumulative,Synthetic,Portfolio,Auto,2021-07,42,120.9998180338436
Loss Incurred,month,cumulative,Synthetic,Portfolio,Auto,2021-07,42,477833.4273247295
Exposure,month,cumulative,Synthetic,Portfolio,Auto,2021-07,42,10908.997065973444
Earned Premium,month,cumulative,Synthetic,Portfolio,Auto,2021-07,42,801587.8119640523
Claims Reported,month,cumulative,Synthetic,Portfolio,Auto,2021-07,43,120.99987177055992
Loss Incurred,month,cumulative,Synthetic,Portfolio,Auto,2021-07,43,475042.6961429293
Exposure,month,cumulative,Synthetic,Portfolio,Auto,2021-07,43,10903.247094011513
Earned Premium,month,cumulative,Synthetic,Portfolio,Auto,2021-07,43,801371.353624844
Claims Reported,month,cumulative,Synthetic,Portfolio,Auto,2021-07,44,120.99990963821253
Loss Incurred,month,cumulative,Synthetic,Portfolio,Auto,2021-07,44,472256.8145416947
Exposure,month,cumulative,Synthetic,Portfolio,Auto,2021-07,44,10897.887598173422
Earned Premium,month,cumulative,Synthetic,Portfolio,Auto,2021-07,44,801172.63790838
Claims Reported,month,cumulative,Synthetic,Portfolio,Auto,2021-07,45,120.99993632311055
Loss Incurred,month,cumulative,Synthetic,Portfolio,Auto,2021-07,45,469475.9088167306
Exposure,month,cumulative,Synthetic,Portfolio,Auto,2021-07,45,10892.8920615293
Earned Premium,month,cumulative,Synthetic,Portfolio,Auto,2021-07,45,800990.2104901794
Claims Reported,month,cumulative,Synthetic,Portfolio,Auto,2021-07,46,120.99995512764745
Loss Incurred,month,cumulative,Synthetic,Portfolio,Auto,2021-07,46,466700.10431632167
Exposure,month,cumulative,Synthetic,Portfolio,Auto,2021-07,46,10888.235767893355
Earned Premium,month,cumulative,Synthetic,Portfolio,Auto,2021-07,46,800822.7362535987
Claims Reported,month,cumulative,Synthetic,Portfolio,Auto,2021-07,47,120.99996837898414
Loss Incurred,month,cumulative,Synthetic,Portfolio,Auto,2021-07,47,463929.52542014787
Exposure,month,cumulative,Synthetic,Portfolio,Auto,2021-07,47,10883.895679536752
Earned Premium,month,cumulative,Synthetic,Portfolio,Auto,2021-07,47,800668.9895186237
Claims Reported,month,cumulative,Synthetic,Portfolio,Auto,2021-07,48,120.99997771704503
Loss Incurred,month,cumulative,Synthetic,Portfolio,Auto,2021-07,48,461164.29551848216
Exposure,month,cumulative,Synthetic,Portfolio,Auto,2021-07,48,10879.850323204902
Earned Premium,month,cumulative,Synthetic,Portfolio,Auto,2021-07,48,800527.8450715845
Claims Reported,month,cumulative,Synthetic,Portfolio,Auto,2021-07,49,120.99998429746618
Loss Incurred,month,cumulative,Synthetic,Portfolio,Auto,2021-07,49,458404.53699177835
Exposure,month,cumulative,Synthetic,Portfolio,Auto,2021-07,49,10876.079683875236
Earned Premium,month,cumulative,Synthetic,Portfolio,Auto,2021-07,49,800398.2699301468
Claims Reported,month,cumulative,Synthetic,Portfolio,Auto,2021-07,50,120.999988934611
Loss Incurred,month,cumulative,Synthetic,Portfolio,Auto,2021-07,50,455650.37119065574
Exposure,month,cumulative,Synthetic,Portfolio,Auto,2021-07,50,10872.565105729796
Earned Premium,month,cumulative,Synthetic,Portfolio,Auto,2021-07,50,800279.3157833078
Claims Reported,month,cumulative,Synthetic,Portfolio,Auto,2021-07,51,120.99999220235195
Loss Incurred,month,cumulative,Synthetic,Portfolio,Auto,2021-07,51,452901.91841628624
Exposure,month,cumulative,Synthetic,Portfolio,Auto,2021-07,51,10869.28919985272
Earned Premium,month,cumulative,Synthetic,Portfolio,Auto,2021-07,51,800170.1120510703
Claims Reported,month,cumulative,Synthetic,Portfolio,Auto,2021-07,52,120.9999945050902
Loss Incurred,month,cumulative,Synthetic,Portfolio,Auto,2021-07,52,450159.29790118936
Exposure,month,cumulative,Synthetic,Portfolio,Auto,2021-07,52,10866.23575819589
Earned Premium,month,cumulative,Synthetic,Portfolio,Auto,2021-07,52,800069.859513
Claims Reported,month,cumulative,Synthetic,Portfolio,Auto,2021-07,53,120.99999612780246
Loss Incurred,month,cumulative,Synthetic,Portfolio,Auto,2021-07,53,447422.62779044156
Exposure,month,cumulative,Synthetic,Portfolio,Auto,2021-07,53,10863.389673387132
Earned Premium,month,cumulative,Synthetic,Portfolio,Auto,2021-07,53,799977.8244590361
Claims Reported,month,cumulative,Synthetic,Portfolio,Auto,2021-08,0,10.385591466314128
Loss Incurred,month,cumulative,Synthetic,Portfolio,Auto,2021-08,0,206935.18054716944
Exposure,month,cumulative,Synthetic,Portfolio,Auto,2021-08,0,11493.893924265249
Earned Premium,month,cumulative,Synthetic,Portfolio,Auto,2021-08,0,841398.8130039562
Claims Reported,month,cumulative,Synthetic,Portfolio,Auto,2021-08,1,13.512635760644661
Loss Incurred,month,cumulative,Synthetic,Portfolio,Auto,2021-08,1,205944.22453522444
Exposure,month,cumulative,Synthetic,Portfolio,Auto,2021-08,1,11405.550076417983
Earned Premium,month,cumulative,Synthetic,Portfolio,Auto,2021-08,1,835971.511123048
Claims Reported,month,cumulative,Synthetic,Portfolio,Auto,2021-08,2,17.151882720523997
Loss Incurred,month,cumulative,Synthetic,Portfolio,Auto,2021-08,2,204952.89726489355
Exposure,month,cumulative,Synthetic,Portfolio,Auto,2021-08,2,11322.412082988996
Earned Premium,month,cumulative,Synthetic,Portfolio,Auto,2021-08,2,830870.9496443667
Claims Reported,month,cumulative,Synthetic,Portfolio,Auto,2021-08,3,21.169619047064327
Loss Incurred,month,cumulative,Synthetic,Portfolio,Auto,2021-08,3,203961.2481196618
Exposure,month,cumulative,Synthetic,Portfolio,Auto,2021-08,3,11244.173177622908
Earned Premium,month,cumulative,Synthetic,Portfolio,Auto,2021-08,3,826077.4577825404
Claims Reported,month,cumulative,Synthetic,Portfolio,Auto,2021-08,4,25.354944434066507
Loss Incurred,month,cumulative,Synthetic,Portfolio,Auto,2021-08,4,202969.32654728394
Exposure,month,cumulative,Synthetic,Portfolio,Auto,2021-08,4,11170.544670842646
Earned Premium,month,cumulative,Synthetic,Portfolio,Auto,2021-08,4,821572.5489944719
Claims Reported,month,cumulative,Synthetic,Portfolio,Auto,2021-08,5,29.45919636881264
Loss Incurred,month,cumulative,Synthetic,Portfolio,Auto,2021-08,5,201977.18204993563
Exposure,month,cumulative,Synthetic,Portfolio,Auto,2021-08,5,11101.254884829856
Earned Premium,month,cumulative,Synthetic,Portfolio,Auto,2021-08,5,817338.8496842816
Claims Reported,month,cumulative,Synthetic,Portfolio,Auto,2021-08,6,33.25225328697714
Loss Incurred,month,cumulative,Synthetic,Portfolio,Auto,2021-08,6,200984.8641743412
Exposure,month,cumulative,Synthetic,Portfolio,Auto,2021-08,6,11036.048150975716
Earned Premium,month,cumulative,Synthetic,Portfolio,Auto,2021-08,6,813360.0322004341
Claims Reported,month,cumulative,Synthetic,Portfolio,Auto,2021-08,7,36.57039598105532
Loss Incurred,month,cumulative,Synthetic,Portfolio,Auto,2021-08,7,199992.4225018831
Exposure,month,cumulative,Synthetic,Portfolio,Auto,2021-08,7,10974.683866503257
Earned Premium,month,cumulative,Synthetic,Portfolio,Auto,2021-08,7,809620.751866645
Claims Reported,month,cumulative,Synthetic,Portfolio,Auto,2021-08,8,39.33648710581736
Loss Incurred,month,cumulative,Synthetic,Portfolio,Auto,2021-08,8,198999.9066386958
Exposure,month,cumulative,Synthetic,Portfolio,Auto,2021-08,8,10916.935606680277
Earned Premium,month,cumulative,Synthetic,Portfolio,Auto,2021-08,8,806106.5878037232
Claims Reported,month,cumulative,Synthetic,Portfolio,Auto,2021-08,9,41.55119939807322
Loss Incurred,month,cumulative,Synthetic,Portfolio,Auto,2021-08,9,198007.3662057499
Exposure,month,cumulative,Synthetic,Portfolio,Auto,2021-08,9,10862.590289347047
Earned Premium,month,cumulative,Synthetic,Portfolio,Auto,2021-08,9,802803.9873141211
Claims Reported,month,cumulative,Synthetic,Portfolio,Auto,2021-08,10,43.26785855950102
Loss Incurred,month,cumulative,Synthetic,Portfolio,Auto,2021-08,10,197014.85082892975
Exposure,month,cumulative,Synthetic,Portfolio,Auto,2021-08,10,10811.44738867605
Earned Premium,month,cumulative,Synthetic,Portfolio,Auto,2021-08,10,799700.2136147079
Claims Reported,month,cumulative,Synthetic,Portfolio,Auto,2021-08,11,44.565320036774665
Loss Incurred,month,cumulative,Synthetic,Portfolio,Auto,2021-08,11,196022.41012910882
Exposure,month,cumulative,Synthetic,Portfolio,Auto,2021-08,11,10763.318195262655
Earned Premium,month,cumulative,Synthetic,Portfolio,Auto,2021-08,11,796783.2967161915
Claims Reported,month,cumulative,Synthetic,Portfolio,Auto,2021-08,12,45.52737212214177
Loss Incurred,month,cumulative,Synthetic,Portfolio,Auto,2021-08,12,195030.09371222707
Exposure,month,cumulative,Synthetic,Portfolio,Auto,2021-08,12,10718.02511981655
Earned Premium,month,cumulative,Synthetic,Portfolio,Auto,2021-08,12,794041.9872597517
Claims Reported,month,cumulative,Synthetic,Portfolio,Auto,2021-08,13,46.230652515980935
Loss Incurred,month,cumulative,Synthetic,Portfolio,Auto,2021-08,13,194037.95115937522
Exposure,month,cumulative,Synthetic,Portfolio,Auto,2021-08,13,10675.401037884702
Earned Premium,month,cumulative,Synthetic,Portfolio,Auto,2021-08,13,791465.7131328511
Claims Reported,month,cumulative,Synthetic,Portfolio,Auto,2021-08,14,46.739439933401954
Loss Incurred,month,cumulative,Synthetic,Portfolio,Auto,2021-08,14,193046.03201688905
Exposure,month,cumulative,Synthetic,Portfolio,Auto,2021-08,14,10635.288673187917
Earned Premium,month,cumulative,Synthetic,Portfolio,Auto,2021-08,14,789044.5386969096
Claims Reported,month,cumulative,Synthetic,Portfolio,Auto,2021-08,15,47.10475536938169
Loss Incurred,month,cumulative,Synthetic,Portfolio,Auto,2021-08,15,192054.38578645868
Exposure,month,cumulative,Synthetic,Portfolio,Auto,2021-08,15,10597.540017295682
Earned Premium,month,cumulative,Synthetic,Portfolio,Auto,2021-08,15,786769.1264695977
Claims Reported,month,cumulative,Synthetic,Portfolio,Auto,2021-08,16,47.36563780486159
Loss Incurred,month,cumulative,Synthetic,Portfolio,Auto,2021-08,16,191063.06191525664
Exposure,month,cumulative,Synthetic,Portfolio,Auto,2021-08,16,10562.015783497904
Earned Premium,month,cumulative,Synthetic,Portfolio,Auto,2021-08,16,784630.701113976
Claims Reported,month,cumulative,Synthetic,Portfolio,Auto,2021-08,17,47.55122101899724
Loss Incurred,month,cumulative,Synthetic,Portfolio,Auto,2021-08,17,190072.10978608948
Exposure,month,cumulative,Synthetic,Portfolio,Auto,2021-08,17,10528.58489285846
Earned Premium,month,cumulative,Synthetic,Portfolio,Auto,2021-08,17,782621.0155955992
Claims Reported,month,cumulative,Synthetic,Portfolio,Auto,2021-08,18,47.68287520386113
Loss Incurred,month,cumulative,Synthetic,Portfolio,Auto,2021-08,18,189081.57870757626
Exposure,month,cumulative,Synthetic,Portfolio,Auto,2021-08,18,10497.123990554177
Earned Premium,month,cumulative,Synthetic,Portfolio,Auto,2021-08,18,780732.3193770685
Claims Reported,month,cumulative,Synthetic,Portfolio,Auto,2021-08,19,47.77608907025064
Loss Incurred,month,cumulative,Synthetic,Portfolio,Auto,2021-08,19,188091.51790435836
Exposure,month,cumulative,Synthetic,Portfolio,Auto,2021-08,19,10467.516990714581
Earned Premium,month,cumulative,Synthetic,Portfolio,Auto,2021-08,19,778957.3285273691
Claims Reported,month,cumulative,Synthetic,Portfolio,Auto,2021-08,20,47.84199497098714
Loss Incurred,month,cumulative,Synthetic,Portfolio,Auto,2021-08,20,187101.97650734562
Exposure,month,cumulative,Synthetic,Portfolio,Auto,2021-08,20,10439.654648082958
Earned Premium,month,cumulative,Synthetic,Portfolio,Auto,2021-08,20,777289.1976307192
Claims Reported,month,cumulative,Synthetic,Portfolio,Auto,2021-08,21,47.888547394938335
Loss Incurred,month,cumulative,Synthetic,Portfolio,Auto,2021-08,21,186113.00354400105
Exposure,month,cumulative,Synthetic,Portfolio,Auto,2021-08,21,10413.434154918243
Earned Premium,month,cumulative,Synthetic,Portfolio,Auto,2021-08,21,775721.4933865935
Claims Reported,month,cumulative,Synthetic,Portfolio,Auto,2021-08,22,47.92140678579911
Loss Incurred,month,cumulative,Synthetic,Portfolio,Auto,2021-08,22,185124.64792867022
Exposure,month,cumulative,Synthetic,Portfolio,Auto,2021-08,22,10388.758761650317
Earned Premium,month,cumulative,Synthetic,Portfolio,Auto,2021-08,22,774248.1697991069
Claims Reported,month,cumulative,Synthetic,Portfolio,Auto,2021-08,23,47.944589505300044
Loss Incurred,month,cumulative,Synthetic,Portfolio,Auto,2021-08,23,184136.95845295774
Exposure,month,cumulative,Synthetic,Portfolio,Auto,2021-08,23,10365.537419889053
Earned Premium,month,cumulative,Synthetic,Portfolio,Auto,2021-08,23,772863.5448600737
Claims Reported,month,cumulative,Synthetic,Portfolio,Auto,2021-08,24,47.96093956849272
Loss Incurred,month,cumulative,Synthetic,Portfolio,Auto,2021-08,24,183149.98377615583
Exposure,month,cumulative,Synthetic,Portfolio,Auto,2021-08,24,10343.684446469808
Earned Premium,month,cumulative,Synthetic,Portfolio,Auto,2021-08,24,771562.2786358203
Claims Reported,month,cumulative,Synthetic,Portfolio,Auto,2021-08,25,47.972467962838756
Loss Incurred,month,cumulative,Synthetic,Portfolio,Auto,2021-08,25,182163.77241572854
Exposure,month,cumulative,Synthetic,Portfolio,Auto,2021-08,25,10323.119207295778
Earned Premium,month,cumulative,Synthetic,Portfolio,Auto,2021-08,25,770339.3526732374
Claims Reported,month,cumulative,Synthetic,Portfolio,Auto,2021-08,26,47.98059521442353
Loss Incurred,month,cumulative,Synthetic,Portfolio,Auto,2021-08,26,181178.37273785548
Exposure,month,cumulative,Synthetic,Portfolio,Auto,2021-08,26,10303.765819810644
Earned Premium,month,cumulative,Synthetic,Portfolio,Auto,2021-08,26,769190.0506456551
Claims Reported,month,cumulative,Synthetic,Portfolio,Auto,2021-08,27,47.98632404602142
Loss Incurred,month,cumulative,Synthetic,Portfolio,Auto,2021-08,27,180193.83294803914
Exposure,month,cumulative,Synthetic,Portfolio,Auto,2021-08,27,10285.552873003644
Earned Premium,month,cumulative,Synthetic,Portfolio,Auto,2021-08,27,768109.9401638929
Claims Reported,month,cumulative,Synthetic,Portfolio,Auto,2021-08,28,47.99036190717624
Loss Incurred,month,cumulative,Synthetic,Portfolio,Auto,2021-08,28,179210.20108177964
Exposure,month,cumulative,Synthetic,Portfolio,Auto,2021-08,28,10268.41316391399
Earned Premium,month,cumulative,Synthetic,Portfolio,Auto,2021-08,28,767094.855682343
Claims Reported,month,cumulative,Synthetic,Portfolio,Auto,2021-08,29,47.99320774802108
Loss Incurred,month,cumulative,Synthetic,Portfolio,Auto,2021-08,29,178227.5249953203
Exposure,month,cumulative,Synthetic,Portfolio,Auto,2021-08,29,10252.28344966231
Earned Premium,month,cumulative,Synthetic,Portfolio,Auto,2021-08,29,766140.8824341599
Claims Reported,month,cumulative,Synthetic,Portfolio,Auto,2021-08,30,47.99521338090396
Loss Incurred,month,cumulative,Synthetic,Portfolio,Auto,2021-08,30,177245.85235646853
Exposure,month,cumulative,Synthetic,Portfolio,Auto,2021-08,30,10237.104214094194
Earned Premium,month,cumulative,Synthetic,Portfolio,Auto,2021-08,30,765244.3413336009
Claims Reported,month,cumulative,Synthetic,Portfolio,Auto,2021-08,31,47.996626827196884
Loss Incurred,month,cumulative,Synthetic,Portfolio,Auto,2021-08,31,176265.23063549484
Exposure,month,cumulative,Synthetic,Portfolio,Auto,2021-08,31,10222.81944817477
Earned Premium,month,cumulative,Synthetic,Portfolio,Auto,2021-08,31,764401.7747872932
Claims Reported,month,cumulative,Synthetic,Portfolio,Auto,2021-08,32,47.99762291596975
Loss Incurred,month,cumulative,Synthetic,Portfolio,Auto,2021-08,32,175285.7070961142
Exposure,month,cumulative,Synthetic,Portfolio,Auto,2021-08,32,10209.376443324034
Earned Premium,month,cumulative,Synthetic,Portfolio,Auto,2021-08,32,763609.9333597064
Claims Reported,month,cumulative,Synthetic,Portfolio,Auto,2021-08,33,47.99832487269754
Loss Incurred,month,cumulative,Synthetic,Portfolio,Auto,2021-08,33,174307.3287865532
Exposure,month,cumulative,Synthetic,Portfolio,Auto,2021-08,33,10196.725596930308
Earned Premium,month,cumulative,Synthetic,Portfolio,Auto,2021-08,33,762865.763241405
Claims Reported,month,cumulative,Synthetic,Portfolio,Auto,2021-08,34,47.9988195455755
Loss Incurred,month,cumulative,Synthetic,Portfolio,Auto,2021-08,34,173330.14253070622
Exposure,month,cumulative,Synthetic,Portfolio,Auto,2021-08,34,10184.82022932428
Earned Premium,month,cumulative,Synthetic,Portfolio,Auto,2021-08,34,762166.3944717506
Claims Reported,month,cumulative,Synthetic,Portfolio,Auto,2021-08,35,47.9991681417852
Loss Incurred,month,cumulative,Synthetic,Portfolio,Auto,2021-08,35,172354.19491938438
Exposure,month,cumulative,Synthetic,Portfolio,Auto,2021-08,35,10173.616411538227
Earned Premium,month,cumulative,Synthetic,Portfolio,Auto,2021-08,35,761509.1298706343
Claims Reported,month,cumulative,Synthetic,Portfolio,Auto,2021-08,36,47.999413796423575
Loss Incurred,month,cumulative,Synthetic,Portfolio,Auto,2021-08,36,171379.5323016608
Exposure,month,cumulative,Synthetic,Portfolio,Auto,2021-08,36,10163.072803214907
Earned Premium,month,cumulative,Synthetic,Portfolio,Auto,2021-08,36,760891.4346365537
Claims Reported,month,cumulative,Synthetic,Portfolio,Auto,2021-08,37,47.99958690783172
Loss Incurred,month,cumulative,Synthetic,Portfolio,Auto,2021-08,37,170406.20077631477
Exposure,month,cumulative,Synthetic,Portfolio,Auto,2021-08,37,10153.150500068034
Earned Premium,month,cumulative,Synthetic,Portfolio,Auto,2021-08,37,760310.9265709162
Claims Reported,month,cumulative,Synthetic,Portfolio,Auto,2021-08,38,47.99970889812923
Loss Incurred,month,cumulative,Synthetic,Portfolio,Auto,2021-08,38,169434.24618337874
Exposure,month,cumulative,Synthetic,Portfolio,Auto,2021-08,38,10143.812890331457
Earned Premium,month,cumulative,Synthetic,Portfolio,Auto,2021-08,38,759765.3668908714
Claims Reported,month,cumulative,Synthetic,Portfolio,Auto,2021-08,39,47.999794863611385
Loss Incurred,month,cumulative,Synthetic,Portfolio,Auto,2021-08,39,168463.71409579125
Exposure,month,cumulative,Synthetic,Portfolio,Auto,2021-08,39,10135.025519667412
Earned Premium,month,cumulative,Synthetic,Portfolio,Auto,2021-08,39,759252.6515952387
Claims Reported,month,cumulative,Synthetic,Portfolio,Auto,2021-08,40,47.999855442647736
Loss Incurred,month,cumulative,Synthetic,Portfolio,Auto,2021-08,40,167494.6498111584
Exposure,month,cumulative,Synthetic,Portfolio,Auto,2021-08,40,10126.755964035327
Earned Premium,month,cumulative,Synthetic,Portfolio,Auto,2021-08,40,758770.8033502323
Claims Reported,month,cumulative,Synthetic,Portfolio,Auto,2021-08,41,47.99989813206497
Loss Incurred,month,cumulative,Synthetic,Portfolio,Auto,2021-08,41,166527.0983436275
Exposure,month,cumulative,Synthetic,Portfolio,Auto,2021-08,41,10118.973710052123
Earned Premium,month,cumulative,Synthetic,Portfolio,Auto,2021-08,41,758317.9638636921
Claims Reported,month,cumulative,Synthetic,Portfolio,Auto,2021-08,42,47.99992821483447
Loss Incurred,month,cumulative,Synthetic,Portfolio,Auto,2021-08,42,165561.10441587528
Exposure,month,cumulative,Synthetic,Portfolio,Auto,2021-08,42,10111.650042402543
Earned Premium,month,cumulative,Synthetic,Portfolio,Auto,2021-08,42,757892.3867184077
Claims Reported,month,cumulative,Synthetic,Portfolio,Auto,2021-08,43,47.9999494138265
Loss Incurred,month,cumulative,Synthetic,Portfolio,Auto,2021-08,43,164596.71245121415
Exposure,month,cumulative,Synthetic,Portfolio,Auto,2021-08,43,10104.757937884078
Earned Premium,month,cumulative,Synthetic,Portfolio,Auto,2021-08,43,757492.4306369006
Claims Reported,month,cumulative,Synthetic,Portfolio,Auto,2021-08,44,47.99996435251493
Loss Incurred,month,cumulative,Synthetic,Portfolio,Auto,2021-08,44,163633.9665658185
Exposure,month,cumulative,Synthetic,Portfolio,Auto,2021-08,44,10098.271965695516
Earned Premium,month,cumulative,Synthetic,Portfolio,Auto,2021-08,44,757116.5531516853
Claims Reported,month,cumulative,Synthetic,Portfolio,Auto,2021-08,45,47.99997487963634
Loss Incurred,month,cumulative,Synthetic,Portfolio,Auto,2021-08,45,162672.9105610745
Exposure,month,cumulative,Synthetic,Portfolio,Auto,2021-08,45,10092.168193601214
Earned Premium,month,cumulative,Synthetic,Portfolio,Auto,2021-08,45,756763.3046566023
Claims Reported,month,cumulative,Synthetic,Portfolio,Auto,2021-08,46,47.99998229797618
Loss Incurred,month,cumulative,Synthetic,Portfolio,Auto,2021-08,46,161713.58791605578
Exposure,month,cumulative,Synthetic,Portfolio,Auto,2021-08,46,10086.424099624852
Earned Premium,month,cumulative,Synthetic,Portfolio,Auto,2021-08,46,756431.3228162773
Claims Reported,month,cumulative,Synthetic,Portfolio,Auto,2021-08,47,47.99998752559328
Loss Incurred,month,cumulative,Synthetic,Portfolio,Auto,2021-08,47,160756.04178012695
Exposure,month,cumulative,Synthetic,Portfolio,Auto,2021-08,47,10081.018488946813
Earned Premium,month,cumulative,Synthetic,Portfolio,Auto,2021-08,47,756119.3273121503
Claims Reported,month,cumulative,Synthetic,Portfolio,Auto,2021-08,48,47.999991209433496
Loss Incurred,month,cumulative,Synthetic,Portfolio,Auto,2021-08,48,159800.31496567855
Exposure,month,cumulative,Synthetic,Portfolio,Auto,2021-08,48,10075.931415698573
Earned Premium,month,cumulative,Synthetic,Portfolio,Auto,2021-08,48,755826.1149048086
Claims Reported,month,cumulative,Synthetic,Portfolio,Auto,2021-08,49,47.999993805392144
Loss Incurred,month,cumulative,Synthetic,Portfolio,Auto,2021-08,49,158846.4499409946
Exposure,month,cumulative,Synthetic,Portfolio,Auto,2021-08,49,10071.144109365525
Earned Premium,month,cumulative,Synthetic,Portfolio,Auto,2021-08,49,755550.5547935828
Claims Reported,month,cumulative,Synthetic,Portfolio,Auto,2021-08,50,47.99999563473345
Loss Incurred,month,cumulative,Synthetic,Portfolio,Auto,2021-08,50,157894.48882325593
Exposure,month,cumulative,Synthetic,Portfolio,Auto,2021-08,50,10066.638905526683
Earned Premium,month,cumulative,Synthetic,Portfolio,Auto,2021-08,50,755291.5842555105
Claims Reported,month,cumulative,Synthetic,Portfolio,Auto,2021-08,51,47.99999692384858
Loss Incurred,month,cumulative,Synthetic,Portfolio,Auto,2021-08,51,156944.47337168094
Exposure,month,cumulative,Synthetic,Portfolio,Auto,2021-08,51,10062.399180675697
Earned Premium,month,cumulative,Synthetic,Portfolio,Auto,2021-08,51,755048.2045468468
Claims Reported,month,cumulative,Synthetic,Portfolio,Auto,2021-08,52,47.99999783227269
Loss Incurred,month,cumulative,Synthetic,Portfolio,Auto,2021-08,52,155996.44498080597
Exposure,month,cumulative,Synthetic,Portfolio,Auto,2021-08,52,10058.409290882675
Earned Premium,month,cumulative,Synthetic,Portfolio,Auto,2021-08,52,754819.4770513175
Claims Reported,month,cumulative,Synthetic,Portfolio,Auto,2021-09,0,9.349858005977037
Loss Incurred,month,cumulative,Synthetic,Portfolio,Auto,2021-09,0,266557.5097112685
Exposure,month,cumulative,Synthetic,Portfolio,Auto,2021-09,0,10281.110971085558
Earned Premium,month,cumulative,Synthetic,Portfolio,Auto,2021-09,0,754122.6298179297
Claims Reported,month,cumulative,Synthetic,Portfolio,Auto,2021-09,1,12.226631044329833
Loss Incurred,month,cumulative,Synthetic,Portfolio,Auto,2021-09,1,265274.90699611267
Exposure,month,cumulative,Synthetic,Portfolio,Auto,2021-09,1,10165.020278578613
Earned Premium,month,cumulative,Synthetic,Portfolio,Auto,2021-09,1,747699.107574838
Claims Reported,month,cumulative,Synthetic,Portfolio,Auto,2021-09,2,15.611502879647873
Loss Incurred,month,cumulative,Synthetic,Portfolio,Auto,2021-09,2,263991.88308183633
Exposure,month,cumulative,Synthetic,Portfolio,Auto,2021-09,2,10058.979476764962
Earned Premium,month,cumulative,Synthetic,Portfolio,Auto,2021-09,2,741786.2564164958
Claims Reported,month,cumulative,Synthetic,Portfolio,Auto,2021-09,3,19.39531096222271
Loss Incurred,month,cumulative,Synthetic,Portfolio,Auto,2021-09,3,262708.5019410564
Exposure,month,cumulative,Synthetic,Portfolio,Auto,2021-09,3,9962.118553581051
Earned Premium,month,cumulative,Synthetic,Portfolio,Auto,2021-09,3,736343.4779068847
Claims Reported,month,cumulative,Synthetic,Portfolio,Auto,2021-09,4,23.390316845373054
Loss Incurred,month,cumulative,Synthetic,Portfolio,Auto,2021-09,4,261424.8276177483
Exposure,month,cumulative,Synthetic,Portfolio,Auto,2021-09,4,9873.642813303955
Earned Premium,month,cumulative,Synthetic,Portfolio,Auto,2021-09,4,731333.4011923897
Claims Reported,month,cumulative,Synthetic,Portfolio,Auto,2021-09,5,27.361902128057174
Loss Incurred,month,cumulative,Synthetic,Portfolio,Auto,2021-09,5,260140.92421447468
Exposure,month,cumulative,Synthetic,Portfolio,Auto,2021-09,5,9792.826356468036
Earned Premium,month,cumulative,Synthetic,Portfolio,Auto,2021-09,5,726721.6264084628
Claims Reported,month,cumulative,Synthetic,Portfolio,Auto,2021-09,6,31.08082583466267
Loss Incurred,month,cumulative,Synthetic,Portfolio,Auto,2021-09,6,258856.85587959006
Exposure,month,cumulative,Synthetic,Portfolio,Auto,2021-09,6,9719.006124220678
Earned Premium,month,cumulative,Synthetic,Portfolio,Auto,2021-09,6,722476.4884854979
Claims Reported,month,cumulative,Synthetic,Portfolio,Auto,2021-09,7,34.373021383423804
Loss Incurred,month,cumulative,Synthetic,Portfolio,Auto,2021-09,7,257572.6867944252
Exposure,month,cumulative,Synthetic,Portfolio,Auto,2021-09,7,9651.57645825403
Earned Premium,month,cumulative,Synthetic,Portfolio,Auto,2021-09,7,718568.8397321805
Claims Reported,month,cumulative,Synthetic,Portfolio,Auto,2021-09,8,37.145693230696246
Loss Incurred,month,cumulative,Synthetic,Portfolio,Auto,2021-09,8,256288.481160458
Exposure,month,cumulative,Synthetic,Portfolio,Auto,2021-09,8,9589.984131679683
Earned Premium,month,cumulative,Synthetic,Portfolio,Auto,2021-09,8,714971.8497034938
Claims Reported,month,cumulative,Synthetic,Portfolio,Auto,2021-09,9,39.38442578093814
Loss Incurred,month,cumulative,Synthetic,Portfolio,Auto,2021-09,9,255004.3031864757
Exposure,month,cumulative,Synthetic,Portfolio,Auto,2021-09,9,9533.72381007706
Earned Premium,month,cumulative,Synthetic,Portfolio,Auto,2021-09,9,711660.8209792547
Claims Reported,month,cumulative,Synthetic,Portfolio,Auto,2021-09,10,41.13130620868795
Loss Incurred,month,cumulative,Synthetic,Portfolio,Auto,2021-09,10,253720.21707573373
Exposure,month,cumulative,Synthetic,Portfolio,Auto,2021-09,10,9482.33390547571
Earned Premium,month,cumulative,Synthetic,Portfolio,Auto,2021-09,10,708613.0195882848
Claims Reported,month,cumulative,Synthetic,Portfolio,Auto,2021-09,11,42.458392427207
Loss Incurred,month,cumulative,Synthetic,Portfolio,Auto,2021-09,11,252436.28701311743
Exposure,month,cumulative,Synthetic,Portfolio,Auto,2021-09,11,9435.392789255495
Earned Premium,month,cumulative,Synthetic,Portfolio,Auto,2021-09,11,705807.5189138884
Claims Reported,month,cumulative,Synthetic,Portfolio,Auto,2021-09,12,43.44620701650035
Loss Incurred,month,cumulative,Synthetic,Portfolio,Auto,2021-09,12,251152.57715231093
Exposure,month,cumulative,Synthetic,Portfolio,Auto,2021-09,12,9392.515332893332
Earned Premium,month,cumulative,Synthetic,Portfolio,Auto,2021-09,12,703225.0560088716
Claims Reported,month,cumulative,Synthetic,Portfolio,Auto,2021-09,13,44.170375994962626
Loss Incurred,month,cumulative,Synthetic,Portfolio,Auto,2021-09,13,249869.1516029801
Exposure,month,cumulative,Synthetic,Portfolio,Auto,2021-09,13,9353.34974817515
Earned Premium,month,cumulative,Synthetic,Portfolio,Auto,2021-09,13,700847.8993335404
Claims Reported,month,cumulative,Synthetic,Portfolio,Auto,2021-09,14,44.69536164990282
Loss Incurred,month,cumulative,Synthetic,Portfolio,Auto,2021-09,14,248586.07441797317
Exposure,month,cumulative,Synthetic,Portfolio,Auto,2021-09,14,9317.574700948444
Earned Premium,month,cumulative,Synthetic,Portfolio,Auto,2021-09,14,698659.7270085501
Claims Reported,month,cumulative,Synthetic,Portfolio,Auto,2021-09,15,45.07287168487741
Loss Incurred,month,cumulative,Synthetic,Portfolio,Auto,2021-09,15,247303.40958054643
Exposure,month,cumulative,Synthetic,Portfolio,Auto,2021-09,15,9284.896674735324
Earned Premium,month,cumulative,Synthetic,Portfolio,Auto,2021-09,15,696645.5147466738
Claims Reported,month,cumulative,Synthetic,Portfolio,Auto,2021-09,16,45.34275177678442
Loss Incurred,month,cumulative,Synthetic,Portfolio,Auto,2021-09,16,246021.22099161887
Exposure,month,cumulative,Synthetic,Portfolio,Auto,2021-09,16,9255.047562575714
Earned Premium,month,cumulative,Synthetic,Portfolio,Auto,2021-09,16,694791.432694013
Claims Reported,month,cumulative,Synthetic,Portfolio,Auto,2021-09,17,45.53488247987135
Loss Incurred,month,cumulative,Synthetic,Portfolio,Auto,2021-09,17,244739.5724570619
Exposure,month,cumulative,Synthetic,Portfolio,Auto,2021-09,17,9227.782467343024
Earned Premium,month,cumulative,Synthetic,Portfolio,Auto,2021-09,17,693084.7504723507
Claims Reported,month,cumulative,Synthetic,Portfolio,Auto,2021-09,18,45.67125560145239
Loss Incurred,month,cumulative,Synthetic,Portfolio,Auto,2021-09,18,243458.5276750296
Exposure,month,cumulative,Synthetic,Portfolio,Auto,2021-09,18,9202.877692484979
Earned Premium,month,cumulative,Synthetic,Portfolio,Auto,2021-09,18,691513.7497706516
Claims Reported,month,cumulative,Synthetic,Portfolio,Auto,2021-09,19,45.767847784890535
Loss Incurred,month,cumulative,Synthetic,Portfolio,Auto,2021-09,19,242178.15022333394
Exposure,month,cumulative,Synthetic,Portfolio,Auto,2021-09,19,9180.128906704607
Earned Premium,month,cumulative,Synthetic,Portfolio,Auto,2021-09,19,690067.6438855528
Claims Reported,month,cumulative,Synthetic,Portfolio,Auto,2021-09,20,45.836160917109
Loss Incurred,month,cumulative,Synthetic,Portfolio,Auto,2021-09,20,240898.50354687168
Exposure,month,cumulative,Synthetic,Portfolio,Auto,2021-09,20,9159.349467523525
Earned Premium,month,cumulative,Synthetic,Portfolio,Auto,2021-09,20,688736.5036583997
Claims Reported,month,cumulative,Synthetic,Portfolio,Auto,2021-09,21,45.88442298365867
Loss Incurred,month,cumulative,Synthetic,Portfolio,Auto,2021-09,21,239619.650945107
Exposure,month,cumulative,Synthetic,Portfolio,Auto,2021-09,21,9140.368889973191
Earned Premium,month,cumulative,Synthetic,Portfolio,Auto,2021-09,21,687511.189300299
Claims Reported,month,cumulative,Synthetic,Portfolio,Auto,2021-09,22,45.918493776815836
Loss Incurred,month,cumulative,Synthetic,Portfolio,Auto,2021-09,22,238341.65555961535
Exposure,month,cumulative,Synthetic,Portfolio,Auto,2021-09,22,9123.03144785049
Earned Premium,month,cumulative,Synthetic,Portfolio,Auto,2021-09,22,686383.2876370924
Claims Reported,month,cumulative,Synthetic,Portfolio,Auto,2021-09,23,45.942533465597144
Loss Incurred,month,cumulative,Synthetic,Portfolio,Auto,2021-09,23,237064.58036169436
Exposure,month,cumulative,Synthetic,Portfolio,Auto,2021-09,23,9107.194896061646
Earned Premium,month,cumulative,Synthetic,Portfolio,Auto,2021-09,23,685345.0543433634
Claims Reported,month,cumulative,Synthetic,Portfolio,Auto,2021-09,24,45.95948907215302
Loss Incurred,month,cumulative,Synthetic,Portfolio,Auto,2021-09,24,235788.4881400463
Exposure,month,cumulative,Synthetic,Portfolio,Auto,2021-09,24,9092.729303571945
Earned Premium,month,cumulative,Synthetic,Portfolio,Auto,2021-09,24,684389.3607688516
Claims Reported,month,cumulative,Synthetic,Portfolio,Auto,2021-09,25,45.971445005258715
Loss Incurred,month,cumulative,Synthetic,Portfolio,Auto,2021-09,25,234513.4414885368
Exposure,month,cumulative,Synthetic,Portfolio,Auto,2021-09,25,9079.515987386192
Earned Premium,month,cumulative,Synthetic,Portfolio,Auto,2021-09,25,683509.6449921764
Claims Reported,month,cumulative,Synthetic,Portfolio,Auto,2021-09,26,45.979873945834946
Loss Incurred,month,cumulative,Synthetic,Portfolio,Auto,2021-09,26,233239.50279403644
Exposure,month,cumulative,Synthetic,Portfolio,Auto,2021-09,26,9067.446538813727
Earned Premium,month,cumulative,Synthetic,Portfolio,Auto,2021-09,26,682699.8667657961
Claims Reported,month,cumulative,Synthetic,Portfolio,Auto,2021-09,27,45.9858155766281
Loss Incurred,month,cumulative,Synthetic,Portfolio,Auto,2021-09,27,231966.73422434772
Exposure,month,cumulative,Synthetic,Portfolio,Auto,2021-09,27,9056.421934029011
Earned Premium,month,cumulative,Synthetic,Portfolio,Auto,2021-09,27,681954.4660428511
Claims Reported,month,cumulative,Synthetic,Portfolio,Auto,2021-09,28,45.99000349549357
Loss Incurred,month,cumulative,Synthetic,Portfolio,Auto,2021-09,28,230695.197716225
Exposure,month,cumulative,Synthetic,Portfolio,Auto,2021-09,28,9046.351721630374
Earned Premium,month,cumulative,Synthetic,Portfolio,Auto,2021-09,28,681268.3248011307
Claims Reported,month,cumulative,Synthetic,Portfolio,Auto,2021-09,29,45.99295513022533
Loss Incurred,month,cumulative,Synthetic,Portfolio,Auto,2021-09,29,229424.95496349008
Exposure,month,cumulative,Synthetic,Portfolio,Auto,2021-09,29,9037.153280531218
Earned Premium,month,cumulative,Synthetic,Portfolio,Auto,2021-09,29,680636.7319020391
Claims Reported,month,cumulative,Synthetic,Portfolio,Auto,2021-09,30,45.99503533964034
Loss Incurred,month,cumulative,Synthetic,Portfolio,Auto,2021-09,30,228156.06740524946
Exposure,month,cumulative,Synthetic,Portfolio,Auto,2021-09,30,9028.751142095083
Earned Premium,month,cumulative,Synthetic,Portfolio,Auto,2021-09,30,680055.3507432814
Claims Reported,month,cumulative,Synthetic,Portfolio,Auto,2021-09,31,45.99650135146526
Loss Incurred,month,cumulative,Synthetic,Portfolio,Auto,2021-09,31,226888.5962142174
Exposure,month,cumulative,Synthetic,Portfolio,Auto,2021-09,31,9021.076370952998
Earned Premium,month,cumulative,Synthetic,Portfolio,Auto,2021-09,31,679520.189483165
Claims Reported,month,cumulative,Synthetic,Portfolio,Auto,2021-09,32,45.99753448867033
Loss Incurred,month,cumulative,Synthetic,Portfolio,Auto,2021-09,32,225622.6022851495
Exposure,month,cumulative,Synthetic,Portfolio,Auto,2021-09,32,9014.065999423046
Earned Premium,month,cumulative,Synthetic,Portfolio,Auto,2021-09,32,679027.5736320746
Claims Reported,month,cumulative,Synthetic,Portfolio,Auto,2021-09,33,45.9982625560304
Loss Incurred,month,cumulative,Synthetic,Portfolio,Auto,2021-09,33,224358.14622339178
Exposure,month,cumulative,Synthetic,Portfolio,Auto,2021-09,33,9007.662510891843
Earned Premium,month,cumulative,Synthetic,Portfolio,Auto,2021-09,33,678574.1208229293
Claims Reported,month,cumulative,Synthetic,Portfolio,Auto,2021-09,34,45.998775630271346
Loss Incurred,month,cumulative,Synthetic,Portfolio,Auto,2021-09,34,223095.28833354876
Exposure,month,cumulative,Synthetic,Portfolio,Auto,2021-09,34,9001.813367919312
Earned Premium,month,cumulative,Synthetic,Portfolio,Auto,2021-09,34,678156.7175873924
Claims Reported,month,cumulative,Synthetic,Portfolio,Auto,2021-09,35,45.99913719445295
Loss Incurred,month,cumulative,Synthetic,Portfolio,Auto,2021-09,35,221834.08860827578
Exposure,month,cumulative,Synthetic,Portfolio,Auto,2021-09,35,8996.470581195108
Earned Premium,month,cumulative,Synthetic,Portfolio,Auto,2021-09,35,677772.4979783776
Claims Reported,month,cumulative,Synthetic,Portfolio,Auto,2021-09,36,45.999391987839424
Loss Incurred,month,cumulative,Synthetic,Portfolio,Auto,2021-09,36,220574.6067171999
Exposure,month,cumulative,Synthetic,Portfolio,Auto,2021-09,36,8991.59031581018
Earned Premium,month,cumulative,Synthetic,Portfolio,Auto,2021-09,36,677418.823892067
Claims Reported,month,cumulative,Synthetic,Portfolio,Auto,2021-09,37,45.99957153939962
Loss Incurred,month,cumulative,Synthetic,Portfolio,Auto,2021-09,37,219316.90199597273
Exposure,month,cumulative,Synthetic,Portfolio,Auto,2021-09,37,8987.132531613135
Earned Premium,month,cumulative,Synthetic,Portfolio,Auto,2021-09,37,677093.2669543343
Claims Reported,month,cumulative,Synthetic,Portfolio,Auto,2021-09,38,45.9996980680875
Loss Incurred,month,cumulative,Synthetic,Portfolio,Auto,2021-09,38,218061.03343546
Exposure,month,cumulative,Synthetic,Portfolio,Auto,2021-09,38,8983.060654700708
Earned Premium,month,cumulative,Synthetic,Portfolio,Auto,2021-09,38,676793.5918472001
Claims Reported,month,cumulative,Synthetic,Portfolio,Auto,2021-09,39,45.999787231764934
Loss Incurred,month,cumulative,Synthetic,Portfolio,Auto,2021-09,39,216807.05967107177
Exposure,month,cumulative,Synthetic,Portfolio,Auto,2021-09,39,8979.341277347055
Earned Premium,month,cumulative,Synthetic,Portfolio,Auto,2021-09,39,676517.7409608347
Claims Reported,month,cumulative,Synthetic,Portfolio,Auto,2021-09,40,45.999850064554074
Loss Incurred,month,cumulative,Synthetic,Portfolio,Auto,2021-09,40,215555.038972237
Exposure,month,cumulative,Synthetic,Portfolio,Auto,2021-09,40,8975.943883909977
Earned Premium,month,cumulative,Synthetic,Portfolio,Auto,2021-09,40,676263.8202657315
Claims Reported,month,cumulative,Synthetic,Portfolio,Auto,2021-09,41,45.999894342175324
Loss Incurred,month,cumulative,Synthetic,Portfolio,Auto,2021-09,41,214305.0292320266
Exposure,month,cumulative,Synthetic,Portfolio,Auto,2021-09,41,8972.840600465244
Earned Premium,month,cumulative,Synthetic,Portfolio,Auto,2021-09,41,676030.0863080447
Claims Reported,month,cumulative,Synthetic,Portfolio,Auto,2021-09,42,45.99992554413887
Loss Incurred,month,cumulative,Synthetic,Portfolio,Auto,2021-09,42,213057.08795692833
Exposure,month,cumulative,Synthetic,Portfolio,Auto,2021-09,42,8970.00596611491
Earned Premium,month,cumulative,Synthetic,Portfolio,Auto,2021-09,42,675814.9342387982
Claims Reported,month,cumulative,Synthetic,Portfolio,Auto,2021-09,43,45.99994753181637
Loss Incurred,month,cumulative,Synthetic,Portfolio,Auto,2021-09,43,211811.27225677716
Exposure,month,cumulative,Synthetic,Portfolio,Auto,2021-09,43,8967.41672409329
Earned Premium,month,cumulative,Synthetic,Portfolio,Auto,2021-09,43,675616.886794776
Claims Reported,month,cumulative,Synthetic,Portfolio,Auto,2021-09,44,45.99996302628345
Loss Incurred,month,cumulative,Synthetic,Portfolio,Auto,2021-09,44,210567.63883484536
Exposure,month,cumulative,Synthetic,Portfolio,Auto,2021-09,44,8965.051630956767
Earned Premium,month,cumulative,Synthetic,Portfolio,Auto,2021-09,44,675434.584155433
Claims Reported,month,cumulative,Synthetic,Portfolio,Auto,2021-09,45,45.999973945056134
Loss Incurred,month,cumulative,Synthetic,Portfolio,Auto,2021-09,45,209326.24397809434
Exposure,month,cumulative,Synthetic,Portfolio,Auto,2021-09,45,8962.891282291901
Earned Premium,month,cumulative,Synthetic,Portfolio,Auto,2021-09,45,675266.7746061834
Claims Reported,month,cumulative,Synthetic,Portfolio,Auto,2021-09,46,45.99998163938831
Loss Incurred,month,cumulative,Synthetic,Portfolio,Auto,2021-09,46,208087.1435475928
Exposure,month,cumulative,Synthetic,Portfolio,Auto,2021-09,46,8960.917953511855
Earned Premium,month,cumulative,Synthetic,Portfolio,Auto,2021-09,46,675112.3059439587
Claims Reported,month,cumulative,Synthetic,Portfolio,Auto,2021-09,47,45.999987061494096
Loss Incurred,month,cumulative,Synthetic,Portfolio,Auto,2021-09,47,206850.39296910382
Exposure,month,cumulative,Synthetic,Portfolio,Auto,2021-09,47,8959.115454434976
Earned Premium,month,cumulative,Synthetic,Portfolio,Auto,2021-09,47,674970.1175660256
Claims Reported,month,cumulative,Synthetic,Portfolio,Auto,2021-09,48,45.99999088238823
Loss Incurred,month,cumulative,Synthetic,Portfolio,Auto,2021-09,48,205616.04722384393
Exposure,month,cumulative,Synthetic,Portfolio,Auto,2021-09,48,8957.4689964524
Earned Premium,month,cumulative,Synthetic,Portfolio,Auto,2021-09,48,674839.2331877439
Claims Reported,month,cumulative,Synthetic,Portfolio,Auto,2021-09,49,45.9999935749272
Loss Incurred,month,cumulative,Synthetic,Portfolio,Auto,2021-09,49,204384.16083941673
Exposure,month,cumulative,Synthetic,Portfolio,Auto,2021-09,49,8955.965071194878
Earned Premium,month,cumulative,Synthetic,Portfolio,Auto,2021-09,49,674718.754139265
Claims Reported,month,cumulative,Synthetic,Portfolio,Auto,2021-09,50,45.99999547232754
Loss Incurred,month,cumulative,Synthetic,Portfolio,Auto,2021-09,50,203154.78788092546
Exposure,month,cumulative,Synthetic,Portfolio,Auto,2021-09,50,8954.591339703302
Earned Premium,month,cumulative,Synthetic,Portfolio,Auto,2021-09,50,674607.8531951418
Claims Reported,month,cumulative,Synthetic,Portfolio,Auto,2021-09,51,45.99999680940305
Loss Incurred,month,cumulative,Synthetic,Portfolio,Auto,2021-09,51,201927.98194226477
Exposure,month,cumulative,Synthetic,Portfolio,Auto,2021-09,51,8953.336531193698
Earned Premium,month,cumulative,Synthetic,Portfolio,Auto,2021-09,51,674505.7688944881
Claims Reported,month,cumulative,Synthetic,Portfolio,Auto,2021-10,0,10.510015208387529
Loss Incurred,month,cumulative,Synthetic,Portfolio,Auto,2021-10,0,200379.98626657113
Exposure,month,cumulative,Synthetic,Portfolio,Auto,2021-10,0,10878.184893489342
Earned Premium,month,cumulative,Synthetic,Portfolio,Auto,2021-10,0,779112.0145328573
Claims Reported,month,cumulative,Synthetic,Portfolio,Auto,2021-10,1,13.728790687633852
Loss Incurred,month,cumulative,Synthetic,Portfolio,Auto,2021-10,1,199418.03825168026
Exposure,month,cumulative,Synthetic,Portfolio,Auto,2021-10,1,10789.582701563779
Earned Premium,month,cumulative,Synthetic,Portfolio,Auto,2021-10,1,774547.6825645266
Claims Reported,month,cumulative,Synthetic,Portfolio,Auto,2021-10,2,17.507110814691114
Loss Incurred,month,cumulative,Synthetic,Portfolio,Auto,2021-10,2,198455.75284899477
Exposure,month,cumulative,Synthetic,Portfolio,Auto,2021-10,2,10706.513234545611
Earned Premium,month,cumulative,Synthetic,Portfolio,Auto,2021-10,2,770232.9199888714
Claims Reported,month,cumulative,Synthetic,Portfolio,Auto,2021-10,3,21.719316300656057
Loss Incurred,month,cumulative,Synthetic,Portfolio,Auto,2021-10,3,197493.1780185677
Exposure,month,cumulative,Synthetic,Portfolio,Auto,2021-10,3,10628.631003861296
Earned Premium,month,cumulative,Synthetic,Portfolio,Auto,2021-10,3,766154.0808042004
Claims Reported,month,cumulative,Synthetic,Portfolio,Auto,2021-10,4,26.153600025293887
Loss Incurred,month,cumulative,Synthetic,Portfolio,Auto,2021-10,4,196530.3617782562
Exposure,month,cumulative,Synthetic,Portfolio,Auto,2021-10,4,10555.612094819322
Earned Premium,month,cumulative,Synthetic,Portfolio,Auto,2021-10,4,762298.2651474414
Claims Reported,month,cumulative,Synthetic,Portfolio,Auto,2021-10,5,30.548679127133664
Loss Incurred,month,cumulative,Synthetic,Portfolio,Auto,2021-10,5,195567.35219415114
Exposure,month,cumulative,Synthetic,Portfolio,Auto,2021-10,5,10487.15281943863
Earned Premium,month,cumulative,Synthetic,Portfolio,Auto,2021-10,5,758653.2784966362
Claims Reported,month,cumulative,Synthetic,Portfolio,Auto,2021-10,6,34.652267684297875
Loss Incurred,month,cumulative,Synthetic,Portfolio,Auto,2021-10,6,194604.19737098672
Exposure,month,cumulative,Synthetic,Portfolio,Auto,2021-10,6,10422.96845340058
Earned Premium,month,cumulative,Synthetic,Portfolio,Auto,2021-10,6,755207.593104167
Claims Reported,month,cumulative,Synthetic,Portfolio,Auto,2021-10,7,38.27543545904278
Loss Incurred,month,cumulative,Synthetic,Portfolio,Auto,2021-10,7,193640.94544253353
Exposure,month,cumulative,Synthetic,Portfolio,Auto,2021-10,7,10362.792051871376
Earned Premium,month,cumulative,Synthetic,Portfolio,Auto,2021-10,7,751950.3115387455
Claims Reported,month,cumulative,Synthetic,Portfolio,Auto,2021-10,8,41.31991556938032
Loss Incurred,month,cumulative,Synthetic,Portfolio,Auto,2021-10,8,192677.64456197908
Exposure,month,cumulative,Synthetic,Portfolio,Auto,2021-10,8,10306.373339269981
Earned Premium,month,cumulative,Synthetic,Portfolio,Auto,2021-10,8,748871.132220859
Claims Reported,month,cumulative,Synthetic,Portfolio,Auto,2021-10,9,43.773501184358786
Loss Incurred,month,cumulative,Synthetic,Portfolio,Auto,2021-10,9,191714.34289230048
Exposure,month,cumulative,Synthetic,Portfolio,Auto,2021-10,9,10253.47766836393
Earned Premium,month,cumulative,Synthetic,Portfolio,Auto,2021-10,9,745960.3168426764
Claims Reported,month,cumulative,Synthetic,Portfolio,Auto,2021-10,10,45.685176028554885
Loss Incurred,month,cumulative,Synthetic,Portfolio,Auto,2021-10,10,190751.0885966326
Exposure,month,cumulative,Synthetic,Portfolio,Auto,2021-10,10,10203.885044364
Earned Premium,month,cumulative,Synthetic,Portfolio,Auto,2021-10,10,743208.6595693738
Claims Reported,month,cumulative,Synthetic,Portfolio,Auto,2021-10,11,47.13578519684278
Loss Incurred,month,cumulative,Synthetic,Portfolio,Auto,2021-10,11,189787.9298286364
Exposure,month,cumulative,Synthetic,Portfolio,Auto,2021-10,11,10157.389209958825
Earned Premium,month,cumulative,Synthetic,Portfolio,Auto,2021-10,11,740607.4579244774
Claims Reported,month,cumulative,Synthetic,Portfolio,Auto,2021-10,12,48.214609446522566
Loss Incurred,month,cumulative,Synthetic,Portfolio,Auto,2021-10,12,188824.9147228712
Exposure,month,cumulative,Synthetic,Portfolio,Auto,2021-10,12,10113.796787484129
Earned Premium,month,cumulative,Synthetic,Portfolio,Auto,2021-10,12,738148.485267141
Claims Reported,month,cumulative,Synthetic,Portfolio,Auto,2021-10,13,49.00499174576865
Loss Incurred,month,cumulative,Synthetic,Portfolio,Auto,2021-10,13,187862.09138517495
Exposure,month,cumulative,Synthetic,Portfolio,Auto,2021-10,13,10072.926474658845
Earned Premium,month,cumulative,Synthetic,Portfolio,Auto,2021-10,13,735823.9647743173
Claims Reported,month,cumulative,Synthetic,Portfolio,Auto,2021-10,14,49.57771122864791
Loss Incurred,month,cumulative,Synthetic,Portfolio,Auto,2021-10,14,186899.50788305685
Exposure,month,cumulative,Synthetic,Portfolio,Auto,2021-10,14,10034.6082905431
Earned Premium,month,cumulative,Synthetic,Portfolio,Auto,2021-10,14,733626.544845537
Claims Reported,month,cumulative,Synthetic,Portfolio,Auto,2021-10,15,49.98940714044542
Loss Incurred,month,cumulative,Synthetic,Portfolio,Auto,2021-10,15,185937.21223610634
Exposure,month,cumulative,Synthetic,Portfolio,Auto,2021-10,15,9998.682868582058
Earned Premium,month,cumulative,Synthetic,Portfolio,Auto,2021-10,15,731549.2758525091
Claims Reported,month,cumulative,Synthetic,Portfolio,Auto,2021-10,16,50.28365536655873
Loss Incurred,month,cumulative,Synthetic,Portfolio,Auto,2021-10,16,184975.25240642208
Exposure,month,cumulative,Synthetic,Portfolio,Auto,2021-10,16,9965.000793795312
Earned Premium,month,cumulative,Synthetic,Portfolio,Auto,2021-10,16,729585.588160011
Claims Reported,month,cumulative,Synthetic,Portfolio,Auto,2021-10,17,50.49309786743691
Loss Incurred,month,cumulative,Synthetic,Portfolio,Auto,2021-10,17,184013.67628906574
Exposure,month,cumulative,Synthetic,Portfolio,Auto,2021-10,17,9933.421981355188
Earned Premium,month,cumulative,Synthetic,Portfolio,Auto,2021-10,17,727729.271348558
Claims Reported,month,cumulative,Synthetic,Portfolio,Auto,2021-10,18,50.64174054815084
Loss Incurred,month,cumulative,Synthetic,Portfolio,Auto,2021-10,18,183052.53170254375
Exposure,month,cumulative,Synthetic,Portfolio,Auto,2021-10,18,9903.815093969471
Earned Premium,month,cumulative,Synthetic,Portfolio,Auto,2021-10,18,725974.4545731369
Claims Reported,month,cumulative,Synthetic,Portfolio,Auto,2021-10,19,50.74701401786925
Loss Incurred,month,cumulative,Synthetic,Portfolio,Auto,2021-10,19,182091.86637932205
Exposure,month,cumulative,Synthetic,Portfolio,Auto,2021-10,19,9876.056995645395
Earned Premium,month,cumulative,Synthetic,Portfolio,Auto,2021-10,19,724315.587995891
Claims Reported,month,cumulative,Synthetic,Portfolio,Auto,2021-10,20,50.821462252021945
Loss Incurred,month,cumulative,Synthetic,Portfolio,Auto,2021-10,20,181131.7279563765
Exposure,month,cumulative,Synthetic,Portfolio,Auto,2021-10,20,9850.032239563106
Earned Premium,month,cumulative,Synthetic,Portfolio,Auto,2021-10,20,722747.4252340305
Claims Reported,month,cumulative,Synthetic,Portfolio,Auto,2021-10,21,50.87405637362115
Loss Incurred,month,cumulative,Synthetic,Portfolio,Auto,2021-10,21,180172.16396578462
Exposure,month,cumulative,Synthetic,Portfolio,Auto,2021-10,21,9825.632587928643
Earned Premium,month,cumulative,Synthetic,Portfolio,Auto,2021-10,21,721265.0067674599
Claims Reported,month,cumulative,Synthetic,Portfolio,Auto,2021-10,22,50.9111842560612
Loss Incurred,month,cumulative,Synthetic,Portfolio,Auto,2021-10,22,179213.2218253606
Exposure,month,cumulative,Synthetic,Portfolio,Auto,2021-10,22,9802.756561809485
Earned Premium,month,cumulative,Synthetic,Portfolio,Auto,2021-10,22,719863.6442536465
Claims Reported,month,cumulative,Synthetic,Portfolio,Auto,2021-10,23,50.93738039897613
Loss Incurred,month,cumulative,Synthetic,Portfolio,Auto,2021-10,23,178254.94882933924
Exposure,month,cumulative,Synthetic,Portfolio,Auto,2021-10,23,9781.309019080421
Earned Premium,month,cumulative,Synthetic,Portfolio,Auto,2021-10,23,718538.9057001228
Claims Reported,month,cumulative,Synthetic,Portfolio,Auto,2021-10,24,50.955856706865006
Loss Incurred,month,cumulative,Synthetic,Portfolio,Auto,2021-10,24,177297.39213911188
Exposure,month,cumulative,Synthetic,Portfolio,Auto,2021-10,24,9761.200758724406
Earned Premium,month,cumulative,Synthetic,Portfolio,Auto,2021-10,24,717286.6014477303
Claims Reported,month,cumulative,Synthetic,Portfolio,Auto,2021-10,25,50.968884793771515
Loss Incurred,month,cumulative,Synthetic,Portfolio,Auto,2021-10,25,176340.59877401782
Exposure,month,cumulative,Synthetic,Portfolio,Auto,2021-10,25,9742.348149842675
Earned Premium,month,cumulative,Synthetic,Portfolio,Auto,2021-10,25,716102.7709202735
Claims Reported,month,cumulative,Synthetic,Portfolio,Auto,2021-10,26,50.97806953354048
Loss Incurred,month,cumulative,Synthetic,Portfolio,Auto,2021-10,26,175384.61560219573
Exposure,month,cumulative,Synthetic,Portfolio,Auto,2021-10,26,9724.672783831154
Earned Premium,month,cumulative,Synthetic,Portfolio,Auto,2021-10,26,714983.6700986791
Claims Reported,month,cumulative,Synthetic,Portfolio,Auto,2021-10,27,50.984543898762816
Loss Incurred,month,cumulative,Synthetic,Portfolio,Auto,2021-10,27,174429.48933149863
Exposure,month,cumulative,Synthetic,Portfolio,Auto,2021-10,27,9708.101148276566
Earned Premium,month,cumulative,Synthetic,Portfolio,Auto,2021-10,27,713925.7596800453
Claims Reported,month,cumulative,Synthetic,Portfolio,Auto,2021-10,28,50.98910729467514
Loss Incurred,month,cumulative,Synthetic,Portfolio,Auto,2021-10,28,173475.2665004756
Exposure,month,cumulative,Synthetic,Portfolio,Auto,2021-10,28,9692.56432121595
Earned Premium,month,cumulative,Synthetic,Portfolio,Auto,2021-10,28,712925.6938841328
Claims Reported,month,cumulative,Synthetic,Portfolio,Auto,2021-10,29,50.992323556113
Loss Incurred,month,cumulative,Synthetic,Portfolio,Auto,2021-10,29,172521.99346942446
Exposure,month,cumulative,Synthetic,Portfolio,Auto,2021-10,29,9677.997684488011
Earned Premium,month,cumulative,Synthetic,Portfolio,Auto,2021-10,29,711980.3098718973
Claims Reported,month,cumulative,Synthetic,Portfolio,Auto,2021-10,30,50.99459026095904
Loss Incurred,month,cumulative,Synthetic,Portfolio,Auto,2021-10,30,171569.71641151886
Exposure,month,cumulative,Synthetic,Portfolio,Auto,2021-10,30,9664.340654984115
Earned Premium,month,cumulative,Synthetic,Portfolio,Auto,2021-10,30,711086.6177425957
Claims Reported,month,cumulative,Synthetic,Portfolio,Auto,2021-10,31,50.9961877019102
Loss Incurred,month,cumulative,Synthetic,Portfolio,Auto,2021-10,31,170618.48130401337
Exposure,month,cumulative,Synthetic,Portfolio,Auto,2021-10,31,9651.536432681205
Earned Premium,month,cumulative,Synthetic,Portfolio,Auto,2021-10,31,710241.7910778343
Claims Reported,month,cumulative,Synthetic,Portfolio,Auto,2021-10,32,50.99731345963671
Loss Incurred,month,cumulative,Synthetic,Portfolio,Auto,2021-10,32,169668.33391952948
Exposure,month,cumulative,Synthetic,Portfolio,Auto,2021-10,32,9639.53176440868
Earned Premium,month,cumulative,Synthetic,Portfolio,Auto,2021-10,32,709443.1580026506
Claims Reported,month,cumulative,Synthetic,Portfolio,Auto,2021-10,33,50.99810679755235
Loss Incurred,month,cumulative,Synthetic,Portfolio,Auto,2021-10,33,168719.31981742725
Exposure,month,cumulative,Synthetic,Portfolio,Auto,2021-10,33,9628.27672236676
Earned Premium,month,cumulative,Synthetic,Portfolio,Auto,2021-10,33,708688.1927353578
Claims Reported,month,cumulative,Synthetic,Portfolio,Auto,2021-10,34,50.998665868158355
Loss Incurred,month,cumulative,Synthetic,Portfolio,Auto,2021-10,34,167771.48433526437
Exposure,month,cumulative,Synthetic,Portfolio,Auto,2021-10,34,9617.72449647516
Earned Premium,month,cumulative,Synthetic,Portfolio,Auto,2021-10,34,707974.5075994309
Claims Reported,month,cumulative,Synthetic,Portfolio,Auto,2021-10,35,50.999059845918204
Loss Incurred,month,cumulative,Synthetic,Portfolio,Auto,2021-10,35,166824.87258034723
Exposure,month,cumulative,Synthetic,Portfolio,Auto,2021-10,35,9607.831199688475
Earned Premium,month,cumulative,Synthetic,Portfolio,Auto,2021-10,35,707299.8454721655
Claims Reported,month,cumulative,Synthetic,Portfolio,Auto,2021-10,36,50.99933748100938
Loss Incurred,month,cumulative,Synthetic,Portfolio,Auto,2021-10,36,165879.52942137676
Exposure,month,cumulative,Synthetic,Portfolio,Auto,2021-10,36,9598.555685468544
Earned Premium,month,cumulative,Synthetic,Portfolio,Auto,2021-10,36,706662.0726462329
Claims Reported,month,cumulative,Synthetic,Portfolio,Auto,2021-10,37,50.99953312896705
Loss Incurred,month,cumulative,Synthetic,Portfolio,Auto,2021-10,37,164935.4994801919
Exposure,month,cumulative,Synthetic,Portfolio,Auto,2021-10,37,9589.85937665469
Earned Premium,month,cumulative,Synthetic,Portfolio,Auto,2021-10,37,706059.1720815508
Claims Reported,month,cumulative,Synthetic,Portfolio,Auto,2021-10,38,50.99967100065423
Loss Incurred,month,cumulative,Synthetic,Portfolio,Auto,2021-10,38,163992.8271236143
Exposure,month,cumulative,Synthetic,Portfolio,Auto,2021-10,38,9581.706105020066
Earned Premium,month,cumulative,Synthetic,Portfolio,Auto,2021-10,38,705489.2370261295
Claims Reported,month,cumulative,Synthetic,Portfolio,Auto,2021-10,39,50.99976815763784
Loss Incurred,month,cumulative,Synthetic,Portfolio,Auto,2021-10,39,163051.55645539734
Exposure,month,cumulative,Synthetic,Portfolio,Auto,2021-10,39,9574.061960846842
Earned Premium,month,cumulative,Synthetic,Portfolio,Auto,2021-10,39,704950.4649857194
Claims Reported,month,cumulative,Synthetic,Portfolio,Auto,2021-10,40,50.99983662322937
Loss Incurred,month,cumulative,Synthetic,Portfolio,Auto,2021-10,40,162111.73130828197
Exposure,month,cumulative,Synthetic,Portfolio,Auto,2021-10,40,9566.895151894607
Earned Premium,month,cumulative,Synthetic,Portfolio,Auto,2021-10,40,704441.1520231875
Claims Reported,month,cumulative,Synthetic,Portfolio,Auto,2021-10,41,50.99988487022669
Loss Incurred,month,cumulative,Synthetic,Portfolio,Auto,2021-10,41,161173.3952361624
Exposure,month,cumulative,Synthetic,Portfolio,Auto,2021-10,41,9560.17587117542
Earned Premium,month,cumulative,Synthetic,Portfolio,Auto,2021-10,41,703959.6873695914
Claims Reported,month,cumulative,Synthetic,Portfolio,Auto,2021-10,42,50.99991886936589
Loss Incurred,month,cumulative,Synthetic,Portfolio,Auto,2021-10,42,160236.591506365
Exposure,month,cumulative,Synthetic,Portfolio,Auto,2021-10,42,9553.87617298559
Earned Premium,month,cumulative,Synthetic,Portfolio,Auto,2021-10,42,703504.5483299136
Claims Reported,month,cumulative,Synthetic,Portfolio,Auto,2021-10,43,50.99994282818157
Loss Incurred,month,cumulative,Synthetic,Portfolio,Auto,2021-10,43,159301.3630920424
Exposure,month,cumulative,Synthetic,Portfolio,Auto,2021-10,43,9547.969856678608
Earned Premium,month,cumulative,Synthetic,Portfolio,Auto,2021-10,43,703074.2954673376
Claims Reported,month,cumulative,Synthetic,Portfolio,Auto,2021-10,44,50.99995971168715
Loss Incurred,month,cumulative,Synthetic,Portfolio,Auto,2021-10,44,158367.75266468571
Exposure,month,cumulative,Synthetic,Portfolio,Auto,2021-10,44,9542.432357695805
Earned Premium,month,cumulative,Synthetic,Portfolio,Auto,2021-10,44,702667.5680508412
Claims Reported,month,cumulative,Synthetic,Portfolio,Auto,2021-10,45,50.99997160929915
Loss Incurred,month,cumulative,Synthetic,Portfolio,Auto,2021-10,45,157435.80258675813
Exposure,month,cumulative,Synthetic,Portfolio,Auto,2021-10,45,9537.240645401582
Earned Premium,month,cumulative,Synthetic,Portfolio,Auto,2021-10,45,702283.0797517059
Claims Reported,month,cumulative,Synthetic,Portfolio,Auto,2021-10,46,50.99997999340797
Loss Incurred,month,cumulative,Synthetic,Portfolio,Auto,2021-10,46,156505.55490445095
Exposure,month,cumulative,Synthetic,Portfolio,Auto,2021-10,46,9532.373127298248
Earned Premium,month,cumulative,Synthetic,Portfolio,Auto,2021-10,46,701919.6145753347
Claims Reported,month,cumulative,Synthetic,Portfolio,Auto,2021-10,47,50.999985901591245
Loss Incurred,month,cumulative,Synthetic,Portfolio,Auto,2021-10,47,155577.0513405659
Exposure,month,cumulative,Synthetic,Portfolio,Auto,2021-10,47,9527.809559222134
Earned Premium,month,cumulative,Synthetic,Portfolio,Auto,2021-10,47,701576.0230155092
Claims Reported,month,cumulative,Synthetic,Portfolio,Auto,2021-10,48,50.99999006501845
Loss Incurred,month,cumulative,Synthetic,Portfolio,Auto,2021-10,48,154650.33328752543
Exposure,month,cumulative,Synthetic,Portfolio,Auto,2021-10,48,9523.530961147468
Earned Premium,month,cumulative,Synthetic,Portfolio,Auto,2021-10,48,701251.2184189259
Claims Reported,month,cumulative,Synthetic,Portfolio,Auto,2021-10,49,50.99999299893643
Loss Incurred,month,cumulative,Synthetic,Portfolio,Auto,2021-10,49,153725.441800513
Exposure,month,cumulative,Synthetic,Portfolio,Auto,2021-10,49,9519.51953824784
Earned Premium,month,cumulative,Synthetic,Portfolio,Auto,2021-10,49,700944.1735485127
Claims Reported,month,cumulative,Synthetic,Portfolio,Auto,2021-10,50,50.99999506643369
Loss Incurred,month,cumulative,Synthetic,Portfolio,Auto,2021-10,50,152802.41759074625
Exposure,month,cumulative,Synthetic,Portfolio,Auto,2021-10,50,9515.758606886946
Earned Premium,month,cumulative,Synthetic,Portfolio,Auto,2021-10,50,700653.9173346576
Claims Reported,month,cumulative,Synthetic,Portfolio,Auto,2021-11,0,5.290254801269136
Loss Incurred,month,cumulative,Synthetic,Portfolio,Auto,2021-11,0,139224.79826864702
Exposure,month,cumulative,Synthetic,Portfolio,Auto,2021-11,0,10367.962817461208
Earned Premium,month,cumulative,Synthetic,Portfolio,Auto,2021-11,0,747655.7362750026
Claims Reported,month,cumulative,Synthetic,Portfolio,Auto,2021-11,1,6.872398512950039
Loss Incurred,month,cumulative,Synthetic,Portfolio,Auto,2021-11,1,138554.74020487498
Exposure,month,cumulative,Synthetic,Portfolio,Auto,2021-11,1,10265.338421711514
Earned Premium,month,cumulative,Synthetic,Portfolio,Auto,2021-11,1,743711.4614584917
Claims Reported,month,cumulative,Synthetic,Portfolio,Auto,2021-11,2,8.707498215878658
Loss Incurred,month,cumulative,Synthetic,Portfolio,Auto,2021-11,2,137884.46351036534
Exposure,month,cumulative,Synthetic,Portfolio,Auto,2021-11,2,10170.50181854729
Earned Premium,month,cumulative,Synthetic,Portfolio,Auto,2021-11,2,739961.3956814508
Claims Reported,month,cumulative,Synthetic,Portfolio,Auto,2021-11,3,10.725753354622881
Loss Incurred,month,cumulative,Synthetic,Portfolio,Auto,2021-11,3,137214.00160694087
Exposure,month,cumulative,Synthetic,Portfolio,Auto,2021-11,3,10082.862020680268
Earned Premium,month,cumulative,Synthetic,Portfolio,Auto,2021-11,3,736395.9764380287
Claims Reported,month,cumulative,Synthetic,Portfolio,Auto,2021-11,4,12.819653061697228
Loss Incurred,month,cumulative,Synthetic,Portfolio,Auto,2021-11,4,136543.38795342165
Exposure,month,cumulative,Synthetic,Portfolio,Auto,2021-11,4,10001.872888700582
Earned Premium,month,cumulative,Synthetic,Portfolio,Auto,2021-11,4,733006.1120630641
Claims Reported,month,cumulative,Synthetic,Portfolio,Auto,2021-11,5,14.864579171567549
Loss Incurred,month,cumulative,Synthetic,Portfolio,Auto,2021-11,5,135872.656038953
Exposure,month,cumulative,Synthetic,Portfolio,Auto,2021-11,5,9927.029727734196
Earned Premium,month,cumulative,Synthetic,Portfolio,Auto,2021-11,5,729783.158548732
Claims Reported,month,cumulative,Synthetic,Portfolio,Auto,2021-11,6,16.747090735740915
Loss Incurred,month,cumulative,Synthetic,Portfolio,Auto,2021-11,6,135201.83937631984
Exposure,month,cumulative,Synthetic,Portfolio,Auto,2021-11,6,9857.866142367639
Earned Premium,month,cumulative,Synthetic,Portfolio,Auto,2021-11,6,726718.8975026972
Claims Reported,month,cumulative,Synthetic,Portfolio,Auto,2021-11,7,18.388132318116476
Loss Incurred,month,cumulative,Synthetic,Portfolio,Auto,2021-11,7,134530.97149525204
Exposure,month,cumulative,Synthetic,Portfolio,Auto,2021-11,7,9793.951130241074
Earned Premium,month,cumulative,Synthetic,Portfolio,Auto,2021-11,7,723805.5151915681
Claims Reported,month,cumulative,Synthetic,Portfolio,Auto,2021-11,8,19.752053914755834
Loss Incurred,month,cumulative,Synthetic,Portfolio,Auto,2021-11,8,133860.08593572146
Exposure,month,cumulative,Synthetic,Portfolio,Auto,2021-11,8,9734.886396198031
Earned Premium,month,cumulative,Synthetic,Portfolio,Auto,2021-11,8,721035.5826162141
Claims Reported,month,cumulative,Synthetic,Portfolio,Auto,2021-11,9,20.841425749956954
Loss Incurred,month,cumulative,Synthetic,Portfolio,Auto,2021-11,9,133189.21624123567
Exposure,month,cumulative,Synthetic,Portfolio,Auto,2021-11,9,9680.303870254564
Earned Premium,month,cumulative,Synthetic,Portfolio,Auto,2021-11,9,718402.0365681386
Claims Reported,month,cumulative,Synthetic,Portfolio,Auto,2021-11,10,21.684185782504937
Loss Incurred,month,cumulative,Synthetic,Portfolio,Auto,2021-11,10,132518.39595212913
Exposure,month,cumulative,Synthetic,Portfolio,Auto,2021-11,10,9629.863413920699
Earned Premium,month,cumulative,Synthetic,Portfolio,Auto,2021-11,10,715898.1616186023
Claims Reported,month,cumulative,Synthetic,Portfolio,Auto,2021-11,11,22.320207077230798
Loss Incurred,month,cumulative,Synthetic,Portfolio,Auto,2021-11,11,131847.65859885685
Exposure,month,cumulative,Synthetic,Portfolio,Auto,2021-11,11,9583.250700580837
Earned Premium,month,cumulative,Synthetic,Portfolio,Auto,2021-11,11,713517.5729945691
Claims Reported,month,cumulative,Synthetic,Portfolio,Auto,2021-11,12,22.791286693463526
Loss Incurred,month,cumulative,Synthetic,Portfolio,Auto,2021-11,12,131177.0376952912
Exposure,month,cumulative,Synthetic,Portfolio,Auto,2021-11,12,9540.175256724366
Earned Premium,month,cumulative,Synthetic,Portfolio,Auto,2021-11,12,711254.2002978113
Claims Reported,month,cumulative,Synthetic,Portfolio,Auto,2021-11,13,23.13537472167432
Loss Incurred,month,cumulative,Synthetic,Portfolio,Auto,2021-11,13,130506.56673202643
Exposure,month,cumulative,Synthetic,Portfolio,Auto,2021-11,13,9500.36865182018
Earned Premium,month,cumulative,Synthetic,Portfolio,Auto,2021-11,13,709102.272025656
Claims Reported,month,cumulative,Synthetic,Portfolio,Auto,2021-11,14,23.38415695782912
Loss Incurred,month,cumulative,Synthetic,Portfolio,Auto,2021-11,14,129836.27916969288
Exposure,month,cumulative,Synthetic,Portfolio,Auto,2021-11,14,9463.582825555037
Earned Premium,month,cumulative,Synthetic,Portfolio,Auto,2021-11,14,707056.300853902
Claims Reported,month,cumulative,Synthetic,Portfolio,Auto,2021-11,15,23.562709065581192
Loss Incurred,month,cumulative,Synthetic,Portfolio,Auto,2021-11,15,129166.20843228388
Exposure,month,cumulative,Synthetic,Portfolio,Auto,2021-11,15,9429.588542011734
Earned Premium,month,cumulative,Synthetic,Portfolio,Auto,2021-11,15,705111.0696443804
Claims Reported,month,cumulative,Synthetic,Portfolio,Auto,2021-11,16,23.690179228711784
Loss Incurred,month,cumulative,Synthetic,Portfolio,Auto,2021-11,16,128496.38790049816
Exposure,month,cumulative,Synthetic,Portfolio,Auto,2021-11,16,9398.173961154063
Earned Premium,month,cumulative,Synthetic,Portfolio,Auto,2021-11,16,703261.6181414772
Claims Reported,month,cumulative,Synthetic,Portfolio,Auto,2021-11,17,23.78083749241297
Loss Incurred,month,cumulative,Synthetic,Portfolio,Auto,2021-11,17,127826.85090510073
Exposure,month,cumulative,Synthetic,Portfolio,Auto,2021-11,17,9369.143318716606
Earned Premium,month,cumulative,Synthetic,Portfolio,Auto,2021-11,17,701503.2303236962
Claims Reported,month,cumulative,Synthetic,Portfolio,Auto,2021-11,18,23.845141180192822
Loss Incurred,month,cumulative,Synthetic,Portfolio,Auto,2021-11,18,127157.6307203048
Exposure,month,cumulative,Synthetic,Portfolio,Auto,2021-11,18,9342.315706272888
Earned Premium,month,cumulative,Synthetic,Portfolio,Auto,2021-11,18,699831.4223780064
Claims Reported,month,cumulative,Synthetic,Portfolio,Auto,2021-11,19,23.890664496869476
Loss Incurred,month,cumulative,Synthetic,Portfolio,Auto,2021-11,19,126488.76055717793
Exposure,month,cumulative,Synthetic,Portfolio,Auto,2021-11,19,9317.523943879725
Earned Premium,month,cumulative,Synthetic,Portfolio,Auto,2021-11,19,698241.931266314
Claims Reported,month,cumulative,Synthetic,Portfolio,Auto,2021-11,20,23.922848778805687
Loss Incurred,month,cumulative,Synthetic,Portfolio,Auto,2021-11,20,125820.27355707438
Exposure,month,cumulative,Synthetic,Portfolio,Auto,2021-11,20,9294.613538272495
Earned Premium,month,cumulative,Synthetic,Portfolio,Auto,2021-11,20,696730.7038548982
Claims Reported,month,cumulative,Synthetic,Portfolio,Auto,2021-11,21,23.945580792087107
Loss Incurred,month,cumulative,Synthetic,Portfolio,Auto,2021-11,21,125152.20278509731
Exposure,month,cumulative,Synthetic,Portfolio,Auto,2021-11,21,9273.441720119203
Earned Premium,month,cumulative,Synthetic,Portfolio,Auto,2021-11,21,695293.8865790955
Claims Reported,month,cumulative,Synthetic,Portfolio,Auto,2021-11,22,23.96162573654091
Loss Incurred,month,cumulative,Synthetic,Portfolio,Auto,2021-11,22,124484.5812235932
Exposure,month,cumulative,Synthetic,Portfolio,Auto,2021-11,22,9253.876554333805
Earned Premium,month,cumulative,Synthetic,Portfolio,Auto,2021-11,22,693927.815616876
Claims Reported,month,cumulative,Synthetic,Portfolio,Auto,2021-11,23,23.972945338854444
Loss Incurred,month,cumulative,Synthetic,Portfolio,Auto,2021-11,23,123817.44176568091
Exposure,month,cumulative,Synthetic,Portfolio,Auto,2021-11,23,9235.796117904656
Earned Premium,month,cumulative,Synthetic,Portfolio,Auto,2021-11,23,692629.0075462557
Claims Reported,month,cumulative,Synthetic,Portfolio,Auto,2021-11,24,23.980928553663738
Loss Incurred,month,cumulative,Synthetic,Portfolio,Auto,2021-11,24,123150.81720881844
Exposure,month,cumulative,Synthetic,Portfolio,Auto,2021-11,24,9219.087740114554
Earned Premium,month,cumulative,Synthetic,Portfolio,Auto,2021-11,24,691394.1504627207
Claims Reported,month,cumulative,Synthetic,Portfolio,Auto,2021-11,25,23.98655742437457
Loss Incurred,month,cumulative,Synthetic,Portfolio,Auto,2021-11,25,122484.7402484099
Exposure,month,cumulative,Synthetic,Portfolio,Auto,2021-11,25,9203.647300417711
Earned Premium,month,cumulative,Synthetic,Portfolio,Auto,2021-11,25,690220.0955340131
Claims Reported,month,cumulative,Synthetic,Portfolio,Auto,2021-11,26,23.990525609937222
Loss Incurred,month,cumulative,Synthetic,Portfolio,Auto,2021-11,26,121819.24347145532
Exposure,month,cumulative,Synthetic,Portfolio,Auto,2021-11,26,9189.378579598326
Earned Premium,month,cumulative,Synthetic,Portfolio,Auto,2021-11,26,689103.8489707457
Claims Reported,month,cumulative,Synthetic,Portfolio,Auto,2021-11,27,23.993322731734978
Loss Incurred,month,cumulative,Synthetic,Portfolio,Auto,2021-11,27,121154.35935024598
Exposure,month,cumulative,Synthetic,Portfolio,Auto,2021-11,27,9176.192660167339
Earned Premium,month,cumulative,Synthetic,Portfolio,Auto,2021-11,27,688042.5643923676
Claims Reported,month,cumulative,Synthetic,Portfolio,Auto,2021-11,28,23.995294221947837
Loss Incurred,month,cumulative,Synthetic,Portfolio,Auto,2021-11,28,120490.12023610757
Exposure,month,cumulative,Synthetic,Portfolio,Auto,2021-11,28,9164.007372260923
Earned Premium,month,cumulative,Synthetic,Portfolio,Auto,2021-11,28,687033.5355690165
Claims Reported,month,cumulative,Synthetic,Portfolio,Auto,2021-11,29,23.99668370223015
Loss Incurred,month,cumulative,Synthetic,Portfolio,Auto,2021-11,29,119826.55835319385
Exposure,month,cumulative,Synthetic,Portfolio,Auto,2021-11,29,9152.746781587715
Earned Premium,month,cumulative,Synthetic,Portfolio,Auto,2021-11,29,686074.18952075
Claims Reported,month,cumulative,Synthetic,Portfolio,Auto,2021-11,30,23.9976629490941
Loss Incurred,month,cumulative,Synthetic,Portfolio,Auto,2021-11,30,119163.70579233371
Exposure,month,cumulative,Synthetic,Portfolio,Auto,2021-11,30,9142.340716233874
Earned Premium,month,cumulative,Synthetic,Portfolio,Auto,2021-11,30,685162.0799565574
Claims Reported,month,cumulative,Synthetic,Portfolio,Auto,2021-11,31,23.99835306070113
Loss Incurred,month,cumulative,Synthetic,Portfolio,Auto,2021-11,31,118501.59450493309
Exposure,month,cumulative,Synthetic,Portfolio,Auto,2021-11,31,9132.724329377184
Earned Premium,month,cumulative,Synthetic,Portfolio,Auto,2021-11,31,684294.8810364231
Claims Reported,month,cumulative,Synthetic,Portfolio,Auto,2021-11,32,23.99883939797196
Loss Incurred,month,cumulative,Synthetic,Portfolio,Auto,2021-11,32,117840.25629693524
Exposure,month,cumulative,Synthetic,Portfolio,Auto,2021-11,32,9123.837695185193
Earned Premium,month,cumulative,Synthetic,Portfolio,Auto,2021-11,32,683470.3814405358
Claims Reported,month,cumulative,Synthetic,Portfolio,Auto,2021-11,33,23.99918212589403
Loss Incurred,month,cumulative,Synthetic,Portfolio,Auto,2021-11,33,117179.72282284098
Exposure,month,cumulative,Synthetic,Portfolio,Auto,2021-11,33,9115.625435379183
Earned Premium,month,cumulative,Synthetic,Portfolio,Auto,2021-11,33,682686.4787305172
Claims Reported,month,cumulative,Synthetic,Portfolio,Auto,2021-11,34,23.999423648058418
Loss Incurred,month,cumulative,Synthetic,Portfolio,Auto,2021-11,34,116520.0255797917
Exposure,month,cumulative,Synthetic,Portfolio,Auto,2021-11,34,9108.036374136826
Earned Premium,month,cumulative,Synthetic,Portfolio,Auto,2021-11,34,681941.1739882956
Claims Reported,month,cumulative,Synthetic,Portfolio,Auto,2021-11,35,23.99959384877093
Loss Incurred,month,cumulative,Synthetic,Portfolio,Auto,2021-11,35,115861.19590171702
Exposure,month,cumulative,Synthetic,Portfolio,Auto,2021-11,35,9101.02321918305
Earned Premium,month,cumulative,Synthetic,Portfolio,Auto,2021-11,35,681232.5667189513
Claims Reported,month,cumulative,Synthetic,Portfolio,Auto,2021-11,36,23.99971378863589
Loss Incurred,month,cumulative,Synthetic,Portfolio,Auto,2021-11,36,115203.26495354963
Exposure,month,cumulative,Synthetic,Portfolio,Auto,2021-11,36,9094.542267081732
Earned Premium,month,cumulative,Synthetic,Portfolio,Auto,2021-11,36,680558.850004536
Claims Reported,month,cumulative,Synthetic,Portfolio,Auto,2021-11,37,23.999798309550272
Loss Incurred,month,cumulative,Synthetic,Portfolio,Auto,2021-11,37,114546.26372550949
Exposure,month,cumulative,Synthetic,Portfolio,Auto,2021-11,37,9088.553130891753
Earned Premium,month,cumulative,Synthetic,Portfolio,Auto,2021-11,37,679918.3058965106
Claims Reported,month,cumulative,Synthetic,Portfolio,Auto,2021-11,38,23.99985787078954
Loss Incurred,month,cumulative,Synthetic,Portfolio,Auto,2021-11,38,113890.22302745943
Exposure,month,cumulative,Synthetic,Portfolio,Auto,2021-11,38,9083.018488490243
Earned Premium,month,cumulative,Synthetic,Portfolio,Auto,2021-11,38,679309.3010350502
Claims Reported,month,cumulative,Synthetic,Portfolio,Auto,2021-11,39,23.99989984306303
Loss Incurred,month,cumulative,Synthetic,Portfolio,Auto,2021-11,39,113235.17348333406
Exposure,month,cumulative,Synthetic,Portfolio,Auto,2021-11,39,9077.903849994656
Earned Premium,month,cumulative,Synthetic,Portfolio,Auto,2021-11,39,678730.282484047
Claims Reported,month,cumulative,Synthetic,Portfolio,Auto,2021-11,40,23.999929420512434
Loss Incurred,month,cumulative,Synthetic,Portfolio,Auto,2021-11,40,112581.14552564453
Exposure,month,cumulative,Synthetic,Portfolio,Auto,2021-11,40,9073.177342834337
Earned Premium,month,cumulative,Synthetic,Portfolio,Auto,2021-11,40,678179.7737711907
Claims Reported,month,cumulative,Synthetic,Portfolio,Auto,2021-11,41,23.999950263432535
Loss Incurred,month,cumulative,Synthetic,Portfolio,Auto,2021-11,41,111928.1693900608
Exposure,month,cumulative,Synthetic,Portfolio,Auto,2021-11,41,9068.809513132232
Earned Premium,month,cumulative,Synthetic,Portfolio,Auto,2021-11,41,677656.3711230274
Claims Reported,month,cumulative,Synthetic,Portfolio,Auto,2021-11,42,23.999964951211837
Loss Incurred,month,cumulative,Synthetic,Portfolio,Auto,2021-11,42,111276.27511007305
Exposure,month,cumulative,Synthetic,Portfolio,Auto,2021-11,42,9064.77314215902
Earned Premium,month,cumulative,Synthetic,Portfolio,Auto,2021-11,42,677158.7398853983
Claims Reported,month,cumulative,Synthetic,Portfolio,Auto,2021-11,43,23.999975301525772
Loss Incurred,month,cumulative,Synthetic,Portfolio,Auto,2021-11,43,110625.49251173514
Exposure,month,cumulative,Synthetic,Portfolio,Auto,2021-11,43,9061.043076715869
Earned Premium,month,cumulative,Synthetic,Portfolio,Auto,2021-11,43,676685.6111201289
Claims Reported,month,cumulative,Synthetic,Portfolio,Auto,2021-11,44,23.999982595274087
Loss Incurred,month,cumulative,Synthetic,Portfolio,Auto,2021-11,44,109975.85120849057
Exposure,month,cumulative,Synthetic,Portfolio,Auto,2021-11,44,9057.596072388835
Earned Premium,month,cumulative,Synthetic,Portfolio,Auto,2021-11,44,676235.7783692912
Claims Reported,month,cumulative,Synthetic,Portfolio,Auto,2021-11,45,23.999987735094315
Loss Incurred,month,cumulative,Synthetic,Portfolio,Auto,2021-11,45,109327.38059608385
Exposure,month,cumulative,Synthetic,Portfolio,Auto,2021-11,45,9054.4106486981
Earned Premium,month,cumulative,Synthetic,Portfolio,Auto,2021-11,45,675808.0945787888
Claims Reported,month,cumulative,Synthetic,Portfolio,Auto,2021-11,46,23.99999135706574
Loss Incurred,month,cumulative,Synthetic,Portfolio,Auto,2021-11,46,108680.10984755843
Exposure,month,cumulative,Synthetic,Portfolio,Auto,2021-11,46,9051.466955239432
Earned Premium,month,cumulative,Synthetic,Portfolio,Auto,2021-11,46,675401.469173418
Claims Reported,month,cumulative,Synthetic,Portfolio,Auto,2021-11,47,23.99999390942652
Loss Incurred,month,cumulative,Synthetic,Portfolio,Auto,2021-11,47,108034.06790834304
Exposure,month,cumulative,Synthetic,Portfolio,Auto,2021-11,47,9048.746647983662
Earned Premium,month,cumulative,Synthetic,Portfolio,Auto,2021-11,47,675014.8652759477
Claims Reported,month,cumulative,Synthetic,Portfolio,Auto,2021-11,48,23.999995708045084
Loss Incurred,month,cumulative,Synthetic,Portfolio,Auto,2021-11,48,107389.28349142779
Exposure,month,cumulative,Synthetic,Portfolio,Auto,2021-11,48,9046.232774963357
Earned Premium,month,cumulative,Synthetic,Portfolio,Auto,2021-11,48,674647.2970631282
Claims Reported,month,cumulative,Synthetic,Portfolio,Auto,2021-11,49,23.99999697551033
Loss Incurred,month,cumulative,Synthetic,Portfolio,Auto,2021-11,49,106745.78507263206
Exposure,month,cumulative,Synthetic,Portfolio,Auto,2021-11,49,9043.909670634312
Earned Premium,month,cumulative,Synthetic,Portfolio,Auto,2021-11,49,674297.8272518838
Claims Reported,month,cumulative,Synthetic,Portfolio,Auto,2021-12,0,8.003223312993596
Loss Incurred,month,cumulative,Synthetic,Portfolio,Auto,2021-12,0,240171.93142540014
Exposure,month,cumulative,Synthetic,Portfolio,Auto,2021-12,0,11281.266585683043
Earned Premium,month,cumulative,Synthetic,Portfolio,Auto,2021-12,0,852807.0479977627
Claims Reported,month,cumulative,Synthetic,Portfolio,Auto,2021-12,1,10.47851916393856
Loss Incurred,month,cumulative,Synthetic,Portfolio,Auto,2021-12,1,239021.1721956424
Exposure,month,cumulative,Synthetic,Portfolio,Auto,2021-12,1,11160.29885491423
Earned Premium,month,cumulative,Synthetic,Portfolio,Auto,2021-12,1,847280.8084353287
Claims Reported,month,cumulative,Synthetic,Portfolio,Auto,2021-12,2,13.3988034065665
Loss Incurred,month,cumulative,Synthetic,Portfolio,Auto,2021-12,2,237869.9880181839
Exposure,month,cumulative,Synthetic,Portfolio,Auto,2021-12,2,11049.275734851817
Earned Premium,month,cumulative,Synthetic,Portfolio,Auto,2021-12,2,842088.7988590902
Claims Reported,month,cumulative,Synthetic,Portfolio,Auto,2021-12,3,16.67329217400402
Loss Incurred,month,cumulative,Synthetic,Portfolio,Auto,2021-12,3,236718.43624629814
Exposure,month,cumulative,Synthetic,Portfolio,Auto,2021-12,3,10947.379691088294
Earned Premium,month,cumulative,Synthetic,Portfolio,Auto,2021-12,3,837210.8048569848
Claims Reported,month,cumulative,Synthetic,Portfolio,Auto,2021-12,4,20.142089663938634
Loss Incurred,month,cumulative,Synthetic,Portfolio,Auto,2021-12,4,235566.57430666123
Exposure,month,cumulative,Synthetic,Portfolio,Auto,2021-12,4,10853.860397730108
Earned Premium,month,cumulative,Synthetic,Portfolio,Auto,2021-12,4,832627.8345956285
Claims Reported,month,cumulative,Synthetic,Portfolio,Auto,2021-12,5,23.60235923045313
Loss Incurred,month,cumulative,Synthetic,Portfolio,Auto,2021-12,5,234414.459687912
Exposure,month,cumulative,Synthetic,Portfolio,Auto,2021-12,5,10768.029212267094
Earned Premium,month,cumulative,Synthetic,Portfolio,Auto,2021-12,5,828322.0448780912
Claims Reported,month,cumulative,Synthetic,Portfolio,Auto,2021-12,6,26.853222894017872
Loss Incurred,month,cumulative,Synthetic,Portfolio,Auto,2021-12,6,233262.14992918575
Exposure,month,cumulative,Synthetic,Portfolio,Auto,2021-12,6,10689.254104656196
Earned Premium,month,cumulative,Synthetic,Portfolio,Auto,2021-12,6,824276.671673735
Claims Reported,month,cumulative,Synthetic,Portfolio,Auto,2021-12,7,29.73976431526815
Loss Incurred,month,cumulative,Synthetic,Portfolio,Auto,2021-12,7,232109.702608627
Exposure,month,cumulative,Synthetic,Portfolio,Auto,2021-12,7,10616.955003279078
Earned Premium,month,cumulative,Synthetic,Portfolio,Auto,2021-12,7,820475.9648496495
Claims Reported,month,cumulative,Synthetic,Portfolio,Auto,2021-12,8,32.17715988261609
Loss Incurred,month,cumulative,Synthetic,Portfolio,Auto,2021-12,8,230957.17533188526
Exposure,month,cumulative,Synthetic,Portfolio,Auto,2021-12,8,10550.59952350293
Earned Premium,month,cumulative,Synthetic,Portfolio,Auto,2021-12,8,816905.1268495618
Claims Reported,month,cumulative,Synthetic,Portfolio,Auto,2021-12,9,34.14944200282523
Loss Incurred,month,cumulative,Synthetic,Portfolio,Auto,2021-12,9,229804.62572059917
Exposure,month,cumulative,Synthetic,Portfolio,Auto,2021-12,9,10489.699047391117
Earned Premium,month,cumulative,Synthetic,Portfolio,Auto,2021-12,9,813550.2550814828
Claims Reported,month,cumulative,Synthetic,Portfolio,Auto,2021-12,10,35.69106346949983
Loss Incurred,month,cumulative,Synthetic,Portfolio,Auto,2021-12,10,228652.1114008742
Exposure,month,cumulative,Synthetic,Portfolio,Auto,2021-12,10,10433.805125696068
Earned Premium,month,cumulative,Synthetic,Portfolio,Auto,2021-12,10,810398.2877897779
Claims Reported,month,cumulative,Synthetic,Portfolio,Auto,2021-12,11,36.863774107712366
Loss Incurred,month,cumulative,Synthetic,Portfolio,Auto,2021-12,11,227499.68999175762
Exposure,month,cumulative,Synthetic,Portfolio,Auto,2021-12,11,10382.506175639972
Earned Premium,month,cumulative,Synthetic,Portfolio,Auto,2021-12,11,807436.9532009253
Claims Reported,month,cumulative,Synthetic,Portfolio,Auto,2021-12,12,37.73755401791935
Loss Incurred,month,cumulative,Synthetic,Portfolio,Auto,2021-12,12,226347.41909371785
Exposure,month,cumulative,Synthetic,Portfolio,Auto,2021-12,12,10335.424450166933
Earned Premium,month,cumulative,Synthetic,Portfolio,Auto,2021-12,12,804654.7217449661
Claims Reported,month,cumulative,Synthetic,Portfolio,Auto,2021-12,13,38.37859870326515
Loss Incurred,month,cumulative,Synthetic,Portfolio,Auto,2021-12,13,225195.3562771301
Exposure,month,cumulative,Synthetic,Portfolio,Auto,2021-12,13,10292.21325634923
Earned Premium,month,cumulative,Synthetic,Portfolio,Auto,2021-12,13,802040.7611666287
Claims Reported,month,cumulative,Synthetic,Portfolio,Auto,2021-12,14,38.843574855956675
Loss Incurred,month,cumulative,Synthetic,Portfolio,Auto,2021-12,14,224043.55907077607
Exposure,month,cumulative,Synthetic,Portfolio,Auto,2021-12,14,10252.554402465035
Earned Premium,month,cumulative,Synthetic,Portfolio,Auto,2021-12,14,799584.8943513545
Claims Reported,month,cumulative,Synthetic,Portfolio,Auto,2021-12,15,39.17806356631576
Loss Incurred,month,cumulative,Synthetic,Portfolio,Auto,2021-12,15,222892.0849503606
Exposure,month,cumulative,Synthetic,Portfolio,Auto,2021-12,15,10216.155854948776
Earned Premium,month,cumulative,Synthetic,Portfolio,Auto,2021-12,15,797277.5597020304
Claims Reported,month,cumulative,Synthetic,Portfolio,Auto,2021-12,16,39.41725497688755
Loss Incurred,month,cumulative,Synthetic,Portfolio,Auto,2021-12,16,221740.9913270511
Exposure,month,cumulative,Synthetic,Portfolio,Auto,2021-12,16,10182.749587960778
Earned Premium,month,cumulative,Synthetic,Portfolio,Auto,2021-12,16,795109.7739121575
Claims Reported,month,cumulative,Synthetic,Portfolio,Auto,2021-12,17,39.58757213916536
Loss Incurred,month,cumulative,Synthetic,Portfolio,Auto,2021-12,17,220590.33553604432
Exposure,month,cumulative,Synthetic,Portfolio,Auto,2021-12,17,10152.089609741184
Earned Premium,month,cumulative,Synthetic,Portfolio,Auto,2021-12,17,793073.0969905193
Claims Reported,month,cumulative,Synthetic,Portfolio,Auto,2021-12,18,39.70847935570429
Loss Incurred,month,cumulative,Synthetic,Portfolio,Auto,2021-12,18,219440.17482516548
Exposure,month,cumulative,Synthetic,Portfolio,Auto,2021-12,18,10123.950151214924
Earned Premium,month,cumulative,Synthetic,Portfolio,Auto,2021-12,18,791159.5994011764
Claims Reported,month,cumulative,Synthetic,Portfolio,Auto,2021-12,19,39.794125783754744
Loss Incurred,month,cumulative,Synthetic,Portfolio,Auto,2021-12,19,218290.5663435041
Exposure,month,cumulative,Synthetic,Portfolio,Auto,2021-12,19,10098.124003509276
Earned Premium,month,cumulative,Synthetic,Portfolio,Auto,2021-12,19,789361.8311908526
Claims Reported,month,cumulative,Synthetic,Portfolio,Auto,2021-12,20,39.854702049451724
Loss Incurred,month,cumulative,Synthetic,Portfolio,Auto,2021-12,20,217141.56713009186
Exposure,month,cumulative,Synthetic,Portfolio,Auto,2021-12,20,10074.420992142108
Earned Premium,month,cumulative,Synthetic,Portfolio,Auto,2021-12,20,787672.7929835138
Claims Reported,month,cumulative,Synthetic,Portfolio,Auto,2021-12,21,39.897500312821855
Loss Incurred,month,cumulative,Synthetic,Portfolio,Auto,2021-12,21,215993.2341026271
Exposure,month,cumulative,Synthetic,Portfolio,Auto,2021-12,21,10052.66657664524
Earned Premium,month,cumulative,Synthetic,Portfolio,Auto,2021-12,21,786085.9087292104
Claims Reported,month,cumulative,Synthetic,Portfolio,Auto,2021-12,22,39.92771499068814
Loss Incurred,month,cumulative,Synthetic,Portfolio,Auto,2021-12,22,214845.62404625016
Exposure,month,cumulative,Synthetic,Portfolio,Auto,2021-12,22,10032.700565311094
Earned Premium,month,cumulative,Synthetic,Portfolio,Auto,2021-12,22,784595.0001010841
Claims Reported,month,cumulative,Synthetic,Portfolio,Auto,2021-12,23,39.94903441629368
Loss Incurred,month,cumulative,Synthetic,Portfolio,Auto,2021-12,23,213698.79360237537
Exposure,month,cumulative,Synthetic,Portfolio,Auto,2021-12,23,10014.375935598438
Earned Premium,month,cumulative,Synthetic,Portfolio,Auto,2021-12,23,783194.2624408589
Claims Reported,month,cumulative,Synthetic,Portfolio,Auto,2021-12,24,39.96407164146353
Loss Incurred,month,cumulative,Synthetic,Portfolio,Auto,2021-12,24,212552.79925758284
Exposure,month,cumulative,Synthetic,Portfolio,Auto,2021-12,24,9997.557751511184
Earned Premium,month,cumulative,Synthetic,Portfolio,Auto,2021-12,24,781878.2421591606
Claims Reported,month,cumulative,Synthetic,Portfolio,Auto,2021-12,25,39.97467499615323
Loss Incurred,month,cumulative,Synthetic,Portfolio,Auto,2021-12,25,211407.69733257595
Exposure,month,cumulative,Synthetic,Portfolio,Auto,2021-12,25,9982.122169978125
Earned Premium,month,cumulative,Synthetic,Portfolio,Auto,2021-12,25,780641.8155026779
Claims Reported,month,cumulative,Synthetic,Portfolio,Auto,2021-12,26,39.982150434094805
Loss Incurred,month,cumulative,Synthetic,Portfolio,Auto,2021-12,26,210263.54397120842
Exposure,month,cumulative,Synthetic,Portfolio,Auto,2021-12,26,9967.955528917024
Earned Premium,month,cumulative,Synthetic,Portfolio,Auto,2021-12,26,779480.1686054982
Claims Reported,month,cumulative,Synthetic,Portfolio,Auto,2021-12,27,39.98741996570637
Loss Incurred,month,cumulative,Synthetic,Portfolio,Auto,2021-12,27,209120.39512958564
Exposure,month,cumulative,Synthetic,Portfolio,Auto,2021-12,27,9954.95351026782
Earned Premium,month,cumulative,Synthetic,Portfolio,Auto,2021-12,27,778388.778746947
Claims Reported,month,cumulative,Synthetic,Portfolio,Auto,2021-12,28,39.99113417624412
Loss Incurred,month,cumulative,Synthetic,Portfolio,Auto,2021-12,28,207978.30656524448
Exposure,month,cumulative,Synthetic,Portfolio,Auto,2021-12,28,9943.020371831892
Earned Premium,month,cumulative,Synthetic,Portfolio,Auto,2021-12,28,777363.3967429659
Claims Reported,month,cumulative,Synthetic,Portfolio,Auto,2021-12,29,39.99375195063022
Loss Incurred,month,cumulative,Synthetic,Portfolio,Auto,2021-12,29,206837.33382641658
Exposure,month,cumulative,Synthetic,Portfolio,Auto,2021-12,29,9932.068242260862
Earned Premium,month,cumulative,Synthetic,Portfolio,Auto,2021-12,29,776400.030402469
Claims Reported,month,cumulative,Synthetic,Portfolio,Auto,2021-12,30,39.995596870917225
Loss Incurred,month,cumulative,Synthetic,Portfolio,Auto,2021-12,30,205697.53224137845
Exposure,month,cumulative,Synthetic,Portfolio,Auto,2021-12,30,9922.01647400353
Earned Premium,month,cumulative,Synthetic,Portfolio,Auto,2021-12,30,775494.9289842664
Claims Reported,month,cumulative,Synthetic,Portfolio,Auto,2021-12,31,39.99689706650953
Loss Incurred,month,cumulative,Synthetic,Portfolio,Auto,2021-12,31,204558.95690789385
Exposure,month,cumulative,Synthetic,Portfolio,Auto,2021-12,31,9912.791049446249
Earned Premium,month,cumulative,Synthetic,Portfolio,Auto,2021-12,31,774644.568594044
Claims Reported,month,cumulative,Synthetic,Portfolio,Auto,2021-12,32,39.997813349633574
Loss Incurred,month,cumulative,Synthetic,Portfolio,Auto,2021-12,32,203421.66268275146
Exposure,month,cumulative,Synthetic,Portfolio,Auto,2021-12,32,9904.324035873782
Earned Premium,month,cumulative,Synthetic,Portfolio,Auto,2021-12,32,773845.6384645393
Claims Reported,month,cumulative,Synthetic,Portfolio,Auto,2021-12,33,39.99845906865422
Loss Incurred,month,cumulative,Synthetic,Portfolio,Auto,2021-12,33,202285.70417140293
Exposure,month,cumulative,Synthetic,Portfolio,Auto,2021-12,33,9896.553085237183
Earned Premium,month,cumulative,Synthetic,Portfolio,Auto,2021-12,33,773095.0280655021
Claims Reported,month,cumulative,Synthetic,Portfolio,Auto,2021-12,34,39.99891411168008
Loss Incurred,month,cumulative,Synthetic,Portfolio,Auto,2021-12,34,201151.13571770483
Exposure,month,cumulative,Synthetic,Portfolio,Auto,2021-12,34,9889.420975045125
Earned Premium,month,cumulative,Synthetic,Portfolio,Auto,2021-12,34,772389.81499325
Claims Reported,month,cumulative,Synthetic,Portfolio,Auto,2021-12,35,39.99923478129951
Loss Incurred,month,cumulative,Synthetic,Portfolio,Auto,2021-12,35,200018.01139376863
Exposure,month,cumulative,Synthetic,Portfolio,Auto,2021-12,35,9882.875186998026
Earned Premium,month,cumulative,Synthetic,Portfolio,Auto,2021-12,35,771727.253592671
Claims Reported,month,cumulative,Synthetic,Portfolio,Auto,2021-12,36,39.999460756449295
Loss Incurred,month,cumulative,Synthetic,Portfolio,Auto,2021-12,36,198886.38498992263
Exposure,month,cumulative,Synthetic,Portfolio,Auto,2021-12,36,9876.867520262134
Earned Premium,month,cumulative,Synthetic,Portfolio,Auto,2021-12,36,771104.7642673735
Claims Reported,month,cumulative,Synthetic,Portfolio,Auto,2021-12,37,39.99961999997954
Loss Incurred,month,cumulative,Synthetic,Portfolio,Auto,2021-12,37,197756.31000478994
Exposure,month,cumulative,Synthetic,Portfolio,Auto,2021-12,37,9871.35373653589
Earned Premium,month,cumulative,Synthetic,Portfolio,Auto,2021-12,37,770519.9234363642
Claims Reported,month,cumulative,Synthetic,Portfolio,Auto,2021-12,38,39.99973221776023
Loss Incurred,month,cumulative,Synthetic,Portfolio,Auto,2021-12,38,196627.83963548538
Exposure,month,cumulative,Synthetic,Portfolio,Auto,2021-12,38,9866.293234294948
Earned Premium,month,cumulative,Synthetic,Portfolio,Auto,2021-12,38,769970.4540981513
Claims Reported,month,cumulative,Synthetic,Portfolio,Auto,2021-12,39,39.99981129667193
Loss Incurred,month,cumulative,Synthetic,Portfolio,Auto,2021-12,39,195501.02676793627
Exposure,month,cumulative,Synthetic,Portfolio,Auto,2021-12,39,9861.648749817134
Earned Premium,month,cumulative,Synthetic,Portfolio,Auto,2021-12,39,769454.216965537
Claims Reported,month,cumulative,Synthetic,Portfolio,Auto,2021-12,40,39.99986702282696
Loss Incurred,month,cumulative,Synthetic,Portfolio,Auto,2021-12,40,194375.9239673298
Exposure,month,cumulative,Synthetic,Portfolio,Auto,2021-12,40,9857.38608278576
Earned Premium,month,cumulative,Synthetic,Portfolio,Auto,2021-12,40,768969.2021365813
Claims Reported,month,cumulative,Synthetic,Portfolio,Auto,2021-12,41,39.99990629247796
Loss Incurred,month,cumulative,Synthetic,Portfolio,Auto,2021-12,41,193252.58346869043
Exposure,month,cumulative,Synthetic,Portfolio,Auto,2021-12,41,9853.473844450771
Earned Premium,month,cumulative,Synthetic,Portfolio,Auto,2021-12,41,768513.5212693105
Claims Reported,month,cumulative,Synthetic,Portfolio,Auto,2021-12,42,39.99993396537961
Loss Incurred,month,cumulative,Synthetic,Portfolio,Auto,2021-12,42,192131.05716759138
Exposure,month,cumulative,Synthetic,Portfolio,Auto,2021-12,42,9849.883226493257
Earned Premium,month,cumulative,Synthetic,Portfolio,Auto,2021-12,42,768085.4002297049
Claims Reported,month,cumulative,Synthetic,Portfolio,Auto,2021-12,43,39.99995346616682
Loss Incurred,month,cumulative,Synthetic,Portfolio,Auto,2021-12,43,191011.39661100277
Exposure,month,cumulative,Synthetic,Portfolio,Auto,2021-12,43,9846.587788891331
Earned Premium,month,cumulative,Synthetic,Portfolio,Auto,2021-12,43,767683.172184339
Claims Reported,month,cumulative,Synthetic,Portfolio,Auto,2021-12,44,39.99996720815072
Loss Incurred,month,cumulative,Synthetic,Portfolio,Auto,2021-12,44,189893.65298828043
Exposure,month,cumulative,Synthetic,Portfolio,Auto,2021-12,44,9843.563265225295
Earned Premium,month,cumulative,Synthetic,Portfolio,Auto,2021-12,44,767305.2711107831
Claims Reported,month,cumulative,Synthetic,Portfolio,Auto,2021-12,45,39.99997689196878
Loss Incurred,month,cumulative,Synthetic,Portfolio,Auto,2021-12,45,188777.87712229774
Exposure,month,cumulative,Synthetic,Portfolio,Auto,2021-12,45,9840.787383988441
Earned Premium,month,cumulative,Synthetic,Portfolio,Auto,2021-12,45,766950.2257004989
Claims Reported,month,cumulative,Synthetic,Portfolio,Auto,2021-12,46,39.99998371604284
Loss Incurred,month,cumulative,Synthetic,Portfolio,Auto,2021-12,46,187664.11946072394
Exposure,month,cumulative,Synthetic,Portfolio,Auto,2021-12,46,9838.239704587666
Earned Premium,month,cumulative,Synthetic,Portfolio,Auto,2021-12,46,766616.653630492
Claims Reported,month,cumulative,Synthetic,Portfolio,Auto,2021-12,47,39.99998852488796
Loss Incurred,month,cumulative,Synthetic,Portfolio,Auto,2021-12,47,186552.430067452
Exposure,month,cumulative,Synthetic,Portfolio,Auto,2021-12,47,9835.90146682628
Earned Premium,month,cumulative,Synthetic,Portfolio,Auto,2021-12,47,766303.2561814175
Claims Reported,month,cumulative,Synthetic,Portfolio,Auto,2021-12,48,39.99999191362453
Loss Incurred,month,cumulative,Synthetic,Portfolio,Auto,2021-12,48,185442.8586141783
Exposure,month,cumulative,Synthetic,Portfolio,Auto,2021-12,48,9833.755452760655
Earned Premium,month,cumulative,Synthetic,Portfolio,Auto,2021-12,48,766008.8131811856
Claims Reported,month,cumulative,Synthetic,Portfolio,Auto,2022-01,0,7.195828573299446
Loss Incurred,month,cumulative,Synthetic,Portfolio,Auto,2022-01,0,262622.0402839141
Exposure,month,cumulative,Synthetic,Portfolio,Auto,2022-01,0,11802.975067287676
Earned Premium,month,cumulative,Synthetic,Portfolio,Auto,2022-01,0,867105.7005367837
Claims Reported,month,cumulative,Synthetic,Portfolio,Auto,2022-01,1,9.583142209376678
Loss Incurred,month,cumulative,Synthetic,Portfolio,Auto,2022-01,1,261364.2386810743
Exposure,month,cumulative,Synthetic,Portfolio,Auto,2022-01,1,11703.709522951956
Earned Premium,month,cumulative,Synthetic,Portfolio,Auto,2022-01,1,861339.8080332717
Claims Reported,month,cumulative,Synthetic,Portfolio,Auto,2022-01,2,12.507197753708807
Loss Incurred,month,cumulative,Synthetic,Portfolio,Auto,2022-01,2,260105.96754622154
Exposure,month,cumulative,Synthetic,Portfolio,Auto,2022-01,2,11610.844452774381
Earned Premium,month,cumulative,Synthetic,Portfolio,Auto,2022-01,2,855931.7628900686
Claims Reported,month,cumulative,Synthetic,Portfolio,Auto,2022-01,3,15.933099312550109
Loss Incurred,month,cumulative,Synthetic,Portfolio,Auto,2022-01,3,258847.28956256766
Exposure,month,cumulative,Synthetic,Portfolio,Auto,2022-01,3,11523.967165022654
Earned Premium,month,cumulative,Synthetic,Portfolio,Auto,2022-01,3,850859.356102549
Claims Reported,month,cumulative,Synthetic,Portfolio,Auto,2022-01,4,19.744209930049053
Loss Incurred,month,cumulative,Synthetic,Portfolio,Auto,2022-01,4,257588.26749456226
Exposure,month,cumulative,Synthetic,Portfolio,Auto,2022-01,4,11442.691577628342
Earned Premium,month,cumulative,Synthetic,Portfolio,Auto,2022-01,4,846101.7570188186
Claims Reported,month,cumulative,Synthetic,Portfolio,Auto,2022-01,5,23.746935274229212
Loss Incurred,month,cumulative,Synthetic,Portfolio,Auto,2022-01,5,256328.96417539107
Exposure,month,cumulative,Synthetic,Portfolio,Auto,2022-01,5,11366.656502440823
Earned Premium,month,cumulative,Synthetic,Portfolio,Auto,2022-01,5,841639.4277953024
Claims Reported,month,cumulative,Synthetic,Portfolio,Auto,2022-01,6,27.704874800401527
Loss Incurred,month,cumulative,Synthetic,Portfolio,Auto,2022-01,6,255069.44249444487
Exposure,month,cumulative,Synthetic,Portfolio,Auto,2022-01,6,11295.524040109623
Earned Premium,month,cumulative,Synthetic,Portfolio,Auto,2022-01,6,837454.0431614557
Claims Reported,month,cumulative,Synthetic,Portfolio,Auto,2022-01,7,31.391900129581813
Loss Incurred,month,cumulative,Synthetic,Portfolio,Auto,2022-01,7,253809.7653847647
Exposure,month,cumulative,Synthetic,Portfolio,Auto,2022-01,7,11228.978078462049
Earned Premium,month,cumulative,Synthetic,Portfolio,Auto,2022-01,7,833528.4151641031
Claims Reported,month,cumulative,Synthetic,Portfolio,Auto,2022-01,8,34.64053953740645
Loss Incurred,month,cumulative,Synthetic,Portfolio,Auto,2022-01,8,252549.99581046868
Exposure,month,cumulative,Synthetic,Portfolio,Auto,2022-01,8,11166.722887702845
Earned Premium,month,cumulative,Synthetic,Portfolio,Auto,2022-01,8,829846.4225823522
Claims Reported,month,cumulative,Synthetic,Portfolio,Auto,2022-01,9,37.36544198704425
Loss Incurred,month,cumulative,Synthetic,Portfolio,Auto,2022-01,9,251290.1967541652
Exposure,month,cumulative,Synthetic,Portfolio,Auto,2022-01,9,11108.481806193038
Earned Premium,month,cumulative,Synthetic,Portfolio,Auto,2022-01,9,826392.9447232143
Claims Reported,month,cumulative,Synthetic,Portfolio,Auto,2022-01,10,39.558248419074836
Loss Incurred,month,cumulative,Synthetic,Portfolio,Auto,2022-01,10,250030.43120435887
Exposure,month,cumulative,Synthetic,Portfolio,Auto,2022-01,10,11053.996010967516
Earned Premium,month,cumulative,Synthetic,Portfolio,Auto,2022-01,10,823153.7993260542
Claims Reported,month,cumulative,Synthetic,Portfolio,Auto,2022-01,11,41.26474847244542
Loss Incurred,month,cumulative,Synthetic,Portfolio,Auto,2022-01,11,248770.7621428532
Exposure,month,cumulative,Synthetic,Portfolio,Auto,2022-01,11,11003.023367527545
Earned Premium,month,cumulative,Synthetic,Portfolio,Auto,2022-01,11,820115.6843208626
Claims Reported,month,cumulative,Synthetic,Portfolio,Auto,2022-01,12,42.5585049806466
Loss Incurred,month,cumulative,Synthetic,Portfolio,Auto,2022-01,12,247511.25253215703
Exposure,month,cumulative,Synthetic,Portfolio,Auto,2022-01,12,10955.337353796733
Earned Premium,month,cumulative,Synthetic,Portfolio,Auto,2022-01,12,817266.123201173
Claims Reported,month,cumulative,Synthetic,Portfolio,Auto,2022-01,13,43.520027449374346
Loss Incurred,month,cumulative,Synthetic,Portfolio,Auto,2022-01,13,246251.96530289826
Exposure,month,cumulative,Synthetic,Portfolio,Auto,2022-01,13,10910.726053458482
Earned Premium,month,cumulative,Synthetic,Portfolio,Auto,2022-01,13,814593.4137872859
Claims Reported,month,cumulative,Synthetic,Portfolio,Auto,2022-01,14,44.22411910293517
Loss Incurred,month,cumulative,Synthetic,Portfolio,Auto,2022-01,14,244992.96334125183
Exposure,month,cumulative,Synthetic,Portfolio,Auto,2022-01,14,10868.991214201335
Earned Premium,month,cumulative,Synthetic,Portfolio,Auto,2022-01,14,812086.580169392
Claims Reported,month,cumulative,Synthetic,Portfolio,Auto,2022-01,15,44.73412585058518
Loss Incurred,month,cumulative,Synthetic,Portfolio,Auto,2022-01,15,243734.30947638597
Exposure,month,cumulative,Synthetic,Portfolio,Auto,2022-01,15,10829.947366687064
Earned Premium,month,cumulative,Synthetic,Portfolio,Auto,2022-01,15,809735.3276332389
Claims Reported,month,cumulative,Synthetic,Portfolio,Auto,2022-01,16,45.10064478330178
Loss Incurred,month,cumulative,Synthetic,Portfolio,Auto,2022-01,16,242476.06646793341
Exposure,month,cumulative,Synthetic,Portfolio,Auto,2022-01,16,10793.421000326218
Earned Premium,month,cumulative,Synthetic,Portfolio,Auto,2022-01,16,807530.0003832352
Claims Reported,month,cumulative,Synthetic,Portfolio,Auto,2022-01,17,45.36255467078544
Loss Incurred,month,cumulative,Synthetic,Portfolio,Auto,2022-01,17,241218.2969934913
Exposure,month,cumulative,Synthetic,Portfolio,Auto,2022-01,17,10759.249792198249
Earned Premium,month,cumulative,Synthetic,Portfolio,Auto,2022-01,17,805461.5418893781
Claims Reported,month,cumulative,Synthetic,Portfolio,Auto,2022-01,18,45.54895405925646
Loss Incurred,month,cumulative,Synthetic,Portfolio,Auto,2022-01,18,239961.06363615638
Exposure,month,cumulative,Synthetic,Portfolio,Auto,2022-01,18,10727.281885689581
Earned Premium,month,cumulative,Synthetic,Portfolio,Auto,2022-01,18,803521.4576951606
Claims Reported,month,cumulative,Synthetic,Portfolio,Auto,2022-01,19,45.68123025661947
Loss Incurred,month,cumulative,Synthetic,Portfolio,Auto,2022-01,19,238704.4288721
Exposure,month,cumulative,Synthetic,Portfolio,Auto,2022-01,19,10697.375215643855
Earned Premium,month,cumulative,Synthetic,Portfolio,Auto,2022-01,19,801701.7805337232
Claims Reported,month,cumulative,Synthetic,Portfolio,Auto,2022-01,20,45.77490611606786
Loss Incurred,month,cumulative,Synthetic,Portfolio,Auto,2022-01,20,237448.45505818873
Exposure,month,cumulative,Synthetic,Portfolio,Auto,2022-01,20,10669.396877025361
Earned Premium,month,cumulative,Synthetic,Portfolio,Auto,2022-01,20,799995.0376089958
Claims Reported,month,cumulative,Synthetic,Portfolio,Auto,2022-01,21,45.8411494718801
Loss Incurred,month,cumulative,Synthetic,Portfolio,Auto,2022-01,21,236193.20441965497
Exposure,month,cumulative,Synthetic,Portfolio,Auto,2022-01,21,10643.222534289967
Earned Premium,month,cumulative,Synthetic,Portfolio,Auto,2022-01,21,798394.2199074609
Claims Reported,month,cumulative,Synthetic,Portfolio,Auto,2022-01,22,45.88794565261042
Loss Incurred,month,cumulative,Synthetic,Portfolio,Auto,2022-01,22,234938.73903782337
Exposure,month,cumulative,Synthetic,Portfolio,Auto,2022-01,22,10618.735868838827
Earned Premium,month,cumulative,Synthetic,Portfolio,Auto,2022-01,22,796892.753414517
Claims Reported,month,cumulative,Synthetic,Portfolio,Auto,2022-01,23,45.920979791288715
Loss Incurred,month,cumulative,Synthetic,Portfolio,Auto,2022-01,23,233685.1208378983
Exposure,month,cumulative,Synthetic,Portfolio,Auto,2022-01,23,10595.828062099314
Earned Premium,month,cumulative,Synthetic,Portfolio,Auto,2022-01,23,795484.4721172329
Claims Reported,month,cumulative,Synthetic,Portfolio,Auto,2022-01,24,45.94428713717035
Loss Incurred,month,cumulative,Synthetic,Portfolio,Auto,2022-01,24,232432.41157681672
Exposure,month,cumulative,Synthetic,Portfolio,Auto,2022-01,24,10574.397311936053
Earned Premium,month,cumulative,Synthetic,Portfolio,Auto,2022-01,24,794163.5926826263
Claims Reported,month,cumulative,Synthetic,Portfolio,Auto,2022-01,25,45.96072576202952
Loss Incurred,month,cumulative,Synthetic,Portfolio,Auto,2022-01,25,231180.67283117177
Exposure,month,cumulative,Synthetic,Portfolio,Auto,2022-01,25,10554.348380242907
Earned Premium,month,cumulative,Synthetic,Portfolio,Auto,2022-01,25,792924.6907074801
Claims Reported,month,cumulative,Synthetic,Portfolio,Auto,2022-01,26,45.97231693243515
Loss Incurred,month,cumulative,Synthetic,Portfolio,Auto,2022-01,26,229929.96598521306
Exposure,month,cumulative,Synthetic,Portfolio,Auto,2022-01,26,10535.59216970552
Earned Premium,month,cumulative,Synthetic,Portfolio,Auto,2022-01,26,791762.6784421608
Claims Reported,month,cumulative,Synthetic,Portfolio,Auto,2022-01,27,45.980488604426654
Loss Incurred,month,cumulative,Synthetic,Portfolio,Auto,2022-01,27,228680.35221892645
Exposure,month,cumulative,Synthetic,Portfolio,Auto,2022-01,27,10518.045327853433
Earned Premium,month,cumulative,Synthetic,Portfolio,Auto,2022-01,27,790672.7838969581
Claims Reported,month,cumulative,Synthetic,Portfolio,Auto,2022-01,28,45.986248829457786
Loss Incurred,month,cumulative,Synthetic,Portfolio,Auto,2022-01,28,227431.89249620063
Exposure,month,cumulative,Synthetic,Portfolio,Auto,2022-01,28,10501.62987664231
Earned Premium,month,cumulative,Synthetic,Portfolio,Auto,2022-01,28,789650.5312451445
Claims Reported,month,cumulative,Synthetic,Portfolio,Auto,2022-01,29,45.990308858364294
Loss Incurred,month,cumulative,Synthetic,Portfolio,Auto,2022-01,29,226184.64755308302
Exposure,month,cumulative,Synthetic,Portfolio,Auto,2022-01,29,10486.272865920018
Earned Premium,month,cumulative,Synthetic,Portfolio,Auto,2022-01,29,788691.722442275
Claims Reported,month,cumulative,Synthetic,Portfolio,Auto,2022-01,30,45.99317034300353
Loss Incurred,month,cumulative,Synthetic,Portfolio,Auto,2022-01,30,224938.67788613174
Exposure,month,cumulative,Synthetic,Portfolio,Auto,2022-01,30,10471.906049236679
Earned Premium,month,cumulative,Synthetic,Portfolio,Auto,2022-01,30,787792.4199862441
Claims Reported,month,cumulative,Synthetic,Portfolio,Auto,2022-01,31,45.99518701103127
Loss Incurred,month,cumulative,Synthetic,Portfolio,Auto,2022-01,31,223694.0437408669
Exposure,month,cumulative,Synthetic,Portfolio,Auto,2022-01,31,10458.465580557893
Earned Premium,month,cumulative,Synthetic,Portfolio,Auto,2022-01,31,786948.930747302
Claims Reported,month,cumulative,Synthetic,Portfolio,Auto,2022-01,32,45.99660823919733
Loss Incurred,month,cumulative,Synthetic,Portfolio,Auto,2022-01,32,222450.80510032625
Exposure,month,cumulative,Synthetic,Portfolio,Auto,2022-01,32,10445.891730533422
Earned Premium,month,cumulative,Synthetic,Portfolio,Auto,2022-01,32,786157.7908016256
Claims Reported,month,cumulative,Synthetic,Portfolio,Auto,2022-01,33,45.99760981451407
Loss Incurred,month,cumulative,Synthetic,Portfolio,Auto,2022-01,33,221209.02167372993
Exposure,month,cumulative,Synthetic,Portfolio,Auto,2022-01,33,10434.12862106035
Earned Premium,month,cumulative,Synthetic,Portfolio,Auto,2022-01,33,785415.751206159
Claims Reported,month,cumulative,Synthetic,Portfolio,Auto,2022-01,34,45.99831563891004
Loss Incurred,month,cumulative,Synthetic,Portfolio,Auto,2022-01,34,219968.75288525881
Exposure,month,cumulative,Synthetic,Portfolio,Auto,2022-01,34,10423.123976961198
Earned Premium,month,cumulative,Synthetic,Portfolio,Auto,2022-01,34,784719.7646563087
Claims Reported,month,cumulative,Synthetic,Portfolio,Auto,2022-01,35,45.998813037966144
Loss Incurred,month,cumulative,Synthetic,Portfolio,Auto,2022-01,35,218730.05786295005
Exposure,month,cumulative,Synthetic,Portfolio,Auto,2022-01,35,10412.828893673379
Earned Premium,month,cumulative,Synthetic,Portfolio,Auto,2022-01,35,784066.9729716978
Claims Reported,month,cumulative,Synthetic,Portfolio,Auto,2022-01,36,45.99916355561802
Loss Incurred,month,cumulative,Synthetic,Portfolio,Auto,2022-01,36,217492.99542771507
Exposure,month,cumulative,Synthetic,Portfolio,Auto,2022-01,36,10403.197619917666
Earned Premium,month,cumulative,Synthetic,Portfolio,Auto,2022-01,36,783454.6953585906
Claims Reported,month,cumulative,Synthetic,Portfolio,Auto,2022-01,37,45.99941056444114
Loss Incurred,month,cumulative,Synthetic,Portfolio,Auto,2022-01,37,216257.62408248376
Exposure,month,cumulative,Synthetic,Portfolio,Auto,2022-01,37,10394.187354379817
Earned Premium,month,cumulative,Synthetic,Portfolio,Auto,2022-01,37,782880.4174007828
Claims Reported,month,cumulative,Synthetic,Portfolio,Auto,2022-01,38,45.99958463021022
Loss Incurred,month,cumulative,Synthetic,Portfolio,Auto,2022-01,38,215024.00200147883
Exposure,month,cumulative,Synthetic,Portfolio,Auto,2022-01,38,10385.75805550184
Earned Premium,month,cumulative,Synthetic,Portfolio,Auto,2022-01,38,782341.7807337482
Claims Reported,month,cumulative,Synthetic,Portfolio,Auto,2022-01,39,45.99970729307578
Loss Incurred,month,cumulative,Synthetic,Portfolio,Auto,2022-01,39,213792.18701962475
Exposure,month,cumulative,Synthetic,Portfolio,Auto,2022-01,39,10377.872263537573
Earned Premium,month,cumulative,Synthetic,Portfolio,Auto,2022-01,39,781836.5733596368
Claims Reported,month,cumulative,Synthetic,Portfolio,Auto,2022-01,40,45.99979373252912
Loss Incurred,month,cumulative,Synthetic,Portfolio,Auto,2022-01,40,212562.23662209453
Exposure,month,cumulative,Synthetic,Portfolio,Auto,2022-01,40,10370.49493408184
Earned Premium,month,cumulative,Synthetic,Portfolio,Auto,2022-01,40,781362.720563351
Claims Reported,month,cumulative,Synthetic,Portfolio,Auto,2022-01,41,45.9998546455775
Loss Incurred,month,cumulative,Synthetic,Portfolio,Auto,2022-01,41,211334.20793399945
Exposure,month,cumulative,Synthetic,Portfolio,Auto,2022-01,41,10363.593282333346
Earned Premium,month,cumulative,Synthetic,Portfolio,Auto,2022-01,41,780918.2763923944
Claims Reported,month,cumulative,Synthetic,Portfolio,Auto,2022-01,42,45.999897570374095
Loss Incurred,month,cumulative,Synthetic,Portfolio,Auto,2022-01,42,210108.15771022366
Exposure,month,cumulative,Synthetic,Portfolio,Auto,2022-01,42,10357.136637399253
Earned Premium,month,cumulative,Synthetic,Portfolio,Auto,2022-01,42,780501.4156655075
Claims Reported,month,cumulative,Synthetic,Portfolio,Auto,2022-01,43,45.99992781901513
Loss Incurred,month,cumulative,Synthetic,Portfolio,Auto,2022-01,43,208884.14232540905
Exposure,month,cumulative,Synthetic,Portfolio,Auto,2022-01,43,10351.096305993944
Earned Premium,month,cumulative,Synthetic,Portfolio,Auto,2022-01,43,780110.4264772666
Claims Reported,month,cumulative,Synthetic,Portfolio,Auto,2022-01,44,45.99994913489608
Loss Incurred,month,cumulative,Synthetic,Portfolio,Auto,2022-01,44,207662.21776409255
Exposure,month,cumulative,Synthetic,Portfolio,Auto,2022-01,44,10345.445444926254
Earned Premium,month,cumulative,Synthetic,Portfolio,Auto,2022-01,44,779743.7031678702
Claims Reported,month,cumulative,Synthetic,Portfolio,Auto,2022-01,45,45.99996415595538
Loss Incurred,month,cumulative,Synthetic,Portfolio,Auto,2022-01,45,206442.4396110006
Exposure,month,cumulative,Synthetic,Portfolio,Auto,2022-01,45,10340.158941808515
Earned Premium,month,cumulative,Synthetic,Portfolio,Auto,2022-01,45,779399.73972924
Claims Reported,month,cumulative,Synthetic,Portfolio,Auto,2022-01,46,45.999974741122855
Loss Incurred,month,cumulative,Synthetic,Portfolio,Auto,2022-01,46,205224.86304150228
Exposure,month,cumulative,Synthetic,Portfolio,Auto,2022-01,46,10335.213303457282
Earned Premium,month,cumulative,Synthetic,Portfolio,Auto,2022-01,46,779077.1236203563
Claims Reported,month,cumulative,Synthetic,Portfolio,Auto,2022-01,47,45.999982200367235
Loss Incurred,month,cumulative,Synthetic,Portfolio,Auto,2022-01,47,204009.54281222666
Exposure,month,cumulative,Synthetic,Portfolio,Auto,2022-01,47,10330.586551489781
Earned Premium,month,cumulative,Synthetic,Portfolio,Auto,2022-01,47,778774.5299664331
Claims Reported,month,cumulative,Synthetic,Portfolio,Auto,2022-02,0,9.099490544017169
Loss Incurred,month,cumulative,Synthetic,Portfolio,Auto,2022-02,0,223524.0250676878
Exposure,month,cumulative,Synthetic,Portfolio,Auto,2022-02,0,11645.796145886741
Earned Premium,month,cumulative,Synthetic,Portfolio,Auto,2022-02,0,881783.3572962754
Claims Reported,month,cumulative,Synthetic,Portfolio,Auto,2022-02,1,11.860946154759477
Loss Incurred,month,cumulative,Synthetic,Portfolio,Auto,2022-02,1,222452.22428963205
Exposure,month,cumulative,Synthetic,Portfolio,Auto,2022-02,1,11546.840257572838
Earned Premium,month,cumulative,Synthetic,Portfolio,Auto,2022-02,1,876241.274449128
Claims Reported,month,cumulative,Synthetic,Portfolio,Auto,2022-02,2,15.08746489983305
Loss Incurred,month,cumulative,Synthetic,Portfolio,Auto,2022-02,2,221380.03551444077
Exposure,month,cumulative,Synthetic,Portfolio,Auto,2022-02,2,11454.330820187506
Earned Premium,month,cumulative,Synthetic,Portfolio,Auto,2022-02,2,871024.294548887
Claims Reported,month,cumulative,Synthetic,Portfolio,Auto,2022-02,3,18.66556952386349
Loss Incurred,month,cumulative,Synthetic,Portfolio,Auto,2022-02,3,220307.51216771296
Exposure,month,cumulative,Synthetic,Portfolio,Auto,2022-02,3,11367.847881666423
Earned Premium,month,cumulative,Synthetic,Portfolio,Auto,2022-02,3,866113.3468005097
Claims Reported,month,cumulative,Synthetic,Portfolio,Auto,2022-02,4,22.410929479434927
Loss Incurred,month,cumulative,Synthetic,Portfolio,Auto,2022-02,4,219234.70774186082
Exposure,month,cumulative,Synthetic,Portfolio,Auto,2022-02,4,11286.998847593415
Earned Premium,month,cumulative,Synthetic,Portfolio,Auto,2022-02,4,861490.4791168183
Claims Reported,month,cumulative,Synthetic,Portfolio,Auto,2022-02,5,26.101709889854
Loss Incurred,month,cumulative,Synthetic,Portfolio,Auto,2022-02,5,218161.67578545128
Exposure,month,cumulative,Synthetic,Portfolio,Auto,2022-02,5,11211.41669899488
Earned Premium,month,cumulative,Synthetic,Portfolio,Auto,2022-02,5,857138.7924942147
Claims Reported,month,cumulative,Synthetic,Portfolio,Auto,2022-02,6,29.52858168105616
Loss Incurred,month,cumulative,Synthetic,Portfolio,Auto,2022-02,6,217088.46989252427
Exposure,month,cumulative,Synthetic,Portfolio,Auto,2022-02,6,11140.758326235444
Earned Premium,month,cumulative,Synthetic,Portfolio,Auto,2022-02,6,853042.3792379684
Claims Reported,month,cumulative,Synthetic,Portfolio,Auto,2022-02,7,32.53902431619883
Loss Incurred,month,cumulative,Synthetic,Portfolio,Auto,2022-02,7,216015.14369189137
Exposure,month,cumulative,Synthetic,Portfolio,Auto,2022-02,7,11074.70297145147
Earned Premium,month,cumulative,Synthetic,Portfolio,Auto,2022-02,7,849186.2648112563
Claims Reported,month,cumulative,Synthetic,Portfolio,Auto,2022-02,8,35.057674200015704
Loss Incurred,month,cumulative,Synthetic,Portfolio,Auto,2022-02,8,214941.75083641996
Exposure,month,cumulative,Synthetic,Portfolio,Auto,2022-02,8,11012.950772451752
Earned Premium,month,cumulative,Synthetic,Portfolio,Auto,2022-02,8,845556.3530953857
Claims Reported,month,cumulative,Synthetic,Portfolio,Auto,2022-02,9,37.08024040671469
Loss Incurred,month,cumulative,Synthetic,Portfolio,Auto,2022-02,9,213868.34499230684
Exposure,month,cumulative,Synthetic,Portfolio,Auto,2022-02,9,10955.221401475368
Earned Premium,month,cumulative,Synthetic,Portfolio,Auto,2022-02,9,842139.3748610936
Claims Reported,month,cumulative,Synthetic,Portfolio,Auto,2022-02,10,38.65163195450793
Loss Incurred,month,cumulative,Synthetic,Portfolio,Auto,2022-02,10,212794.9798283464
Exposure,month,cumulative,Synthetic,Portfolio,Auto,2022-02,10,10901.252792627218
Earned Premium,month,cumulative,Synthetic,Portfolio,Auto,2022-02,10,838922.8392625616
Claims Reported,month,cumulative,Synthetic,Portfolio,Auto,2022-02,11,39.84143132629043
Loss Incurred,month,cumulative,Synthetic,Portfolio,Auto,2022-02,11,211721.70900519763
Exposure,month,cumulative,Synthetic,Portfolio,Auto,2022-02,11,10850.799952214385
Earned Premium,month,cumulative,Synthetic,Portfolio,Auto,2022-02,11,835894.9881768299
Claims Reported,month,cumulative,Synthetic,Portfolio,Auto,2022-02,12,40.72484116189709
Loss Incurred,month,cumulative,Synthetic,Portfolio,Auto,2022-02,12,210648.58616465452
Exposure,month,cumulative,Synthetic,Portfolio,Auto,2022-02,12,10803.633846582781
Earned Premium,month,cumulative,Synthetic,Portfolio,Auto,2022-02,12,833044.7532216962
Claims Reported,month,cumulative,Synthetic,Portfolio,Auto,2022-02,13,41.3712735677628
Loss Incurred,month,cumulative,Synthetic,Portfolio,Auto,2022-02,13,209575.66491892468
Exposure,month,cumulative,Synthetic,Portfolio,Auto,2022-02,13,10759.540362405307
Earned Premium,month,cumulative,Synthetic,Portfolio,Auto,2022-02,13,830361.7152949807
Claims Reported,month,cumulative,Synthetic,Portfolio,Auto,2022-02,14,41.83927240635167
Loss Incurred,month,cumulative,Synthetic,Portfolio,Auto,2022-02,14,208502.99883992015
Exposure,month,cumulative,Synthetic,Portfolio,Auto,2022-02,14,10718.319334701755
Earned Premium,month,cumulative,Synthetic,Portfolio,Auto,2022-02,14,827836.0664872469
Claims Reported,month,cumulative,Synthetic,Portfolio,Auto,2022-02,15,42.17547635727126
Loss Incurred,month,cumulative,Synthetic,Portfolio,Auto,2022-02,15,207430.64144856582
Exposure,month,cumulative,Synthetic,Portfolio,Auto,2022-02,15,10679.783638178025
Earned Premium,month,cumulative,Synthetic,Portfolio,Auto,2022-02,15,825458.5742287547
Claims Reported,month,cumulative,Synthetic,Portfolio,Auto,2022-02,16,42.41565912263655
Loss Incurred,month,cumulative,Synthetic,Portfolio,Auto,2022-02,16,206358.64620412895
Exposure,month,cumulative,Synthetic,Portfolio,Auto,2022-02,16,10643.758337759784
Earned Premium,month,cumulative,Synthetic,Portfolio,Auto,2022-02,16,823220.5475395804
Claims Reported,month,cumulative,Synthetic,Portfolio,Auto,2022-02,17,42.586562783098955
Loss Incurred,month,cumulative,Synthetic,Portfolio,Auto,2022-02,17,205287.06649357543
Exposure,month,cumulative,Synthetic,Portfolio,Auto,2022-02,17,10610.079894464352
Earned Premium,month,cumulative,Synthetic,Portfolio,Auto,2022-02,17,821113.8052595302
Claims Reported,month,cumulative,Synthetic,Portfolio,Auto,2022-02,18,42.7078261275099
Loss Incurred,month,cumulative,Synthetic,Portfolio,Auto,2022-02,18,204215.95562095623
Exposure,month,cumulative,Synthetic,Portfolio,Auto,2022-02,18,10578.595423005807
Earned Premium,month,cumulative,Synthetic,Portfolio,Auto,2022-02,18,819130.6461417148
Claims Reported,month,cumulative,Synthetic,Portfolio,Auto,2022-02,19,42.79369458608544
Loss Incurred,month,cumulative,Synthetic,Portfolio,Auto,2022-02,19,203145.36679682895
Exposure,month,cumulative,Synthetic,Portfolio,Auto,2022-02,19,10549.161997763184
Earned Premium,month,cumulative,Synthetic,Portfolio,Auto,2022-02,19,817263.8207004551
Claims Reported,month,cumulative,Synthetic,Portfolio,Auto,2022-02,20,42.85441275703724
Loss Incurred,month,cumulative,Synthetic,Portfolio,Auto,2022-02,20,202075.35312771954
Exposure,month,cumulative,Synthetic,Portfolio,Auto,2022-02,20,10521.64600396117
Earned Premium,month,cumulative,Synthetic,Portfolio,Auto,2022-02,20,815506.5047106151
Claims Reported,month,cumulative,Synthetic,Portfolio,Auto,2022-02,21,42.8973037227651
Loss Incurred,month,cumulative,Synthetic,Portfolio,Auto,2022-02,21,201005.96760562723
Exposure,month,cumulative,Synthetic,Portfolio,Auto,2022-02,21,10495.922531117918
Earned Premium,month,cumulative,Synthetic,Portfolio,Auto,2022-02,21,813852.2742614824
Claims Reported,month,cumulative,Synthetic,Portfolio,Auto,2022-02,22,42.927580079589404
Loss Incurred,month,cumulative,Synthetic,Portfolio,Auto,2022-02,22,199937.26309757849
Exposure,month,cumulative,Synthetic,Portfolio,Auto,2022-02,22,10471.874806006526
Earned Premium,month,cumulative,Synthetic,Portfolio,Auto,2022-02,22,812295.082274009
Claims Reported,month,cumulative,Synthetic,Portfolio,Auto,2022-02,23,42.94894115001641
Loss Incurred,month,cumulative,Synthetic,Portfolio,Auto,2022-02,23,198869.2923352333
Exposure,month,cumulative,Synthetic,Portfolio,Auto,2022-02,23,10449.393662556075
Earned Premium,month,cumulative,Synthetic,Portfolio,Auto,2022-02,23,810829.2363955687
Claims Reported,month,cumulative,Synthetic,Portfolio,Auto,2022-02,24,42.96400681524991
Loss Incurred,month,cumulative,Synthetic,Portfolio,Auto,2022-02,24,197802.1079045487
Exposure,month,cumulative,Synthetic,Portfolio,Auto,2022-02,24,10428.377046285772
Earned Premium,month,cumulative,Synthetic,Portfolio,Auto,2022-02,24,809449.3781914262
Claims Reported,month,cumulative,Synthetic,Portfolio,Auto,2022-02,25,42.97462976009873
Loss Incurred,month,cumulative,Synthetic,Portfolio,Auto,2022-02,25,196735.76223550338
Exposure,month,cumulative,Synthetic,Portfolio,Auto,2022-02,25,10408.729551022614
Earned Premium,month,cumulative,Synthetic,Portfolio,Auto,2022-02,25,808150.4635568499
Claims Reported,month,cumulative,Synthetic,Portfolio,Auto,2022-02,26,42.98211877856159
Loss Incurred,month,cumulative,Synthetic,Portfolio,Auto,2022-02,26,195670.30759188853
Exposure,month,cumulative,Synthetic,Portfolio,Auto,2022-02,26,10390.361985799409
Earned Premium,month,cumulative,Synthetic,Portfolio,Auto,2022-02,26,806927.7442782664
Claims Reported,month,cumulative,Synthetic,Portfolio,Auto,2022-02,27,42.98739776862838
Loss Incurred,month,cumulative,Synthetic,Portfolio,Auto,2022-02,27,194605.79606116738
Exposure,month,cumulative,Synthetic,Portfolio,Auto,2022-02,27,10373.190969967114
Earned Premium,month,cumulative,Synthetic,Portfolio,Auto,2022-02,27,805776.7506760524
Claims Reported,month,cumulative,Synthetic,Portfolio,Auto,2022-02,28,42.99111858897501
Loss Incurred,month,cumulative,Synthetic,Portfolio,Auto,2022-02,28,193542.27954440945
Exposure,month,cumulative,Synthetic,Portfolio,Auto,2022-02,28,10357.138554683432
Earned Premium,month,cumulative,Synthetic,Portfolio,Auto,2022-02,28,804693.2752655129
Claims Reported,month,cumulative,Synthetic,Portfolio,Auto,2022-02,29,42.993740993662485
Loss Incurred,month,cumulative,Synthetic,Portfolio,Auto,2022-02,29,192479.80974630237
Exposure,month,cumulative,Synthetic,Portfolio,Auto,2022-02,29,10342.131869059445
Earned Premium,month,cumulative,Synthetic,Portfolio,Auto,2022-02,29,803673.3573763209
Claims Reported,month,cumulative,Synthetic,Portfolio,Auto,2022-02,30,42.99558916318024
Loss Incurred,month,cumulative,Synthetic,Portfolio,Auto,2022-02,30,191418.43816524578
Exposure,month,cumulative,Synthetic,Portfolio,Auto,2022-02,30,10328.102789357894
Earned Premium,month,cumulative,Synthetic,Portfolio,Auto,2022-02,30,802713.2686741917
Claims Reported,month,cumulative,Synthetic,Portfolio,Auto,2022-02,31,42.99689164166782
Loss Incurred,month,cumulative,Synthetic,Portfolio,Auto,2022-02,31,190358.21608353115
Exposure,month,cumulative,Synthetic,Portfolio,Auto,2022-02,31,10314.987629741445
Earned Premium,month,cumulative,Synthetic,Portfolio,Auto,2022-02,31,801809.4995318673
Claims Reported,month,cumulative,Synthetic,Portfolio,Auto,2022-02,32,42.997809530144046
Loss Incurred,month,cumulative,Synthetic,Portfolio,Auto,2022-02,32,189299.19455761136
Exposure,month,cumulative,Synthetic,Portfolio,Auto,2022-02,32,10302.72685316706
Earned Premium,month,cumulative,Synthetic,Portfolio,Auto,2022-02,32,800958.7461995905
Claims Reported,month,cumulative,Synthetic,Portfolio,Auto,2022-02,33,42.99845637876012
Loss Incurred,month,cumulative,Synthetic,Portfolio,Auto,2022-02,33,188241.42440846405
Exposure,month,cumulative,Synthetic,Portfolio,Auto,2022-02,33,10291.264801114072
Earned Premium,month,cumulative,Synthetic,Portfolio,Auto,2022-02,33,800157.8987281682
Claims Reported,month,cumulative,Synthetic,Portfolio,Auto,2022-02,34,42.99891221696546
Loss Incurred,month,cumulative,Synthetic,Portfolio,Auto,2022-02,34,187184.95621205235
Exposure,month,cumulative,Synthetic,Portfolio,Auto,2022-02,34,10280.549440919036
Earned Premium,month,cumulative,Synthetic,Portfolio,Auto,2022-02,34,799404.0296004774
Claims Reported,month,cumulative,Synthetic,Portfolio,Auto,2022-02,35,42.999233446524755
Loss Incurred,month,cumulative,Synthetic,Portfolio,Auto,2022-02,35,186129.8402898871
Exposure,month,cumulative,Synthetic,Portfolio,Auto,2022-02,35,10270.53212957037
Earned Premium,month,cumulative,Synthetic,Portfolio,Auto,2022-02,35,798694.3830298566
Claims Reported,month,cumulative,Synthetic,Portfolio,Auto,2022-02,36,42.999459816052074
Loss Incurred,month,cumulative,Synthetic,Portfolio,Auto,2022-02,36,185076.126699693
Exposure,month,cumulative,Synthetic,Portfolio,Auto,2022-02,36,10261.167392890538
Earned Premium,month,cumulative,Synthetic,Portfolio,Auto,2022-02,36,798026.3648862612
Claims Reported,month,cumulative,Synthetic,Portfolio,Auto,2022-02,37,42.99961933739344
Loss Incurred,month,cumulative,Synthetic,Portfolio,Auto,2022-02,37,184023.86522618425
Exposure,month,cumulative,Synthetic,Portfolio,Auto,2022-02,37,10252.412719103315
Earned Premium,month,cumulative,Synthetic,Portfolio,Auto,2022-02,37,797397.533213359
Claims Reported,month,cumulative,Synthetic,Portfolio,Auto,2022-02,38,42.99973175089368
Loss Incurred,month,cumulative,Synthetic,Portfolio,Auto,2022-02,38,182973.1053719512
Exposure,month,cumulative,Synthetic,Portfolio,Auto,2022-02,38,10244.228365849076
Earned Premium,month,cumulative,Synthetic,Portfolio,Auto,2022-02,38,796805.5893019007
Claims Reported,month,cumulative,Synthetic,Portfolio,Auto,2022-02,39,42.99981096770146
Loss Incurred,month,cumulative,Synthetic,Portfolio,Auto,2022-02,39,181923.89634846256
Exposure,month,cumulative,Synthetic,Portfolio,Auto,2022-02,39,10236.577179771995
Earned Premium,month,cumulative,Synthetic,Portfolio,Auto,2022-02,39,796248.3692867332
Claims Reported,month,cumulative,Synthetic,Portfolio,Auto,2022-02,40,42.99986679101771
Loss Incurred,month,cumulative,Synthetic,Portfolio,Auto,2022-02,40,180876.28706718603
Exposure,month,cumulative,Synthetic,Portfolio,Auto,2022-02,40,10229.424427860195
Earned Premium,month,cumulative,Synthetic,Portfolio,Auto,2022-02,40,795723.8362367379
Claims Reported,month,cumulative,Synthetic,Portfolio,Auto,2022-02,41,42.999906129130856
Loss Incurred,month,cumulative,Synthetic,Portfolio,Auto,2022-02,41,179830.3261308311
Exposure,month,cumulative,Synthetic,Portfolio,Auto,2022-02,41,10222.737639773179
Earned Premium,month,cumulative,Synthetic,Portfolio,Auto,2022-02,41,795230.0727087808
Claims Reported,month,cumulative,Synthetic,Portfolio,Auto,2022-02,42,42.9999338502739
Loss Incurred,month,cumulative,Synthetic,Portfolio,Auto,2022-02,42,178786.06182471622
Exposure,month,cumulative,Synthetic,Portfolio,Auto,2022-02,42,10216.486460440801
Earned Premium,month,cumulative,Synthetic,Portfolio,Auto,2022-02,42,794765.2737384533
Claims Reported,month,cumulative,Synthetic,Portfolio,Auto,2022-02,43,42.9999533850547
Loss Incurred,month,cumulative,Synthetic,Portfolio,Auto,2022-02,43,177743.54210826487
Exposure,month,cumulative,Synthetic,Portfolio,Auto,2022-02,43,10210.642512264636
Earned Premium,month,cumulative,Synthetic,Portfolio,Auto,2022-02,43,794327.740241981
Claims Reported,month,cumulative,Synthetic,Portfolio,Auto,2022-02,44,42.99996715099274
Loss Incurred,month,cumulative,Synthetic,Portfolio,Auto,2022-02,44,176702.81460663164
Exposure,month,cumulative,Synthetic,Portfolio,Auto,2022-02,44,10205.179266296176
Earned Premium,month,cumulative,Synthetic,Portfolio,Auto,2022-02,44,793915.8728051827
Claims Reported,month,cumulative,Synthetic,Portfolio,Auto,2022-02,45,42.9999768516906
Loss Incurred,month,cumulative,Synthetic,Portfolio,Auto,2022-02,45,175663.92660246327
Exposure,month,cumulative,Synthetic,Portfolio,Auto,2022-02,45,10200.071921807119
Earned Premium,month,cumulative,Synthetic,Portfolio,Auto,2022-02,45,793528.1658367736
Claims Reported,month,cumulative,Synthetic,Portfolio,Auto,2022-02,46,42.99998368765947
Loss Incurred,month,cumulative,Synthetic,Portfolio,Auto,2022-02,46,174626.9250277956
Exposure,month,cumulative,Synthetic,Portfolio,Auto,2022-02,46,10195.29729370498
Earned Premium,month,cumulative,Synthetic,Portfolio,Auto,2022-02,46,793163.2020646395
Claims Reported,month,cumulative,Synthetic,Portfolio,Auto,2022-03,0,9.528895990020754
Loss Incurred,month,cumulative,Synthetic,Portfolio,Auto,2022-03,0,268161.43388818554
Exposure,month,cumulative,Synthetic,Portfolio,Auto,2022-03,0,13004.687498041449
Earned Premium,month,cumulative,Synthetic,Portfolio,Auto,2022-03,0,1004374.9166402117
Claims Reported,month,cumulative,Synthetic,Portfolio,Auto,2022-03,1,12.522071557135494
Loss Incurred,month,cumulative,Synthetic,Portfolio,Auto,2022-03,1,266881.0512875841
Exposure,month,cumulative,Synthetic,Portfolio,Auto,2022-03,1,12868.459196496728
Earned Premium,month,cumulative,Synthetic,Portfolio,Auto,2022-03,1,997246.0465639206
Claims Reported,month,cumulative,Synthetic,Portfolio,Auto,2022-03,2,16.081845521026718
Loss Incurred,month,cumulative,Synthetic,Portfolio,Auto,2022-03,2,265600.1528084577
Exposure,month,cumulative,Synthetic,Portfolio,Auto,2022-03,2,12743.171500107512
Earned Premium,month,cumulative,Synthetic,Portfolio,Auto,2022-03,2,990589.4377439372
Claims Reported,month,cumulative,Synthetic,Portfolio,Auto,2022-03,3,20.110569827841097
Loss Incurred,month,cumulative,Synthetic,Portfolio,Auto,2022-03,3,264318.8022199373
Exposure,month,cumulative,Synthetic,Portfolio,Auto,2022-03,3,12627.94576001882
Earned Premium,month,cumulative,Synthetic,Portfolio,Auto,2022-03,3,984373.8046200225
Claims Reported,month,cumulative,Synthetic,Portfolio,Auto,2022-03,4,24.42186093163377
Loss Incurred,month,cumulative,Synthetic,Portfolio,Auto,2022-03,4,263037.0633814026
Exposure,month,cumulative,Synthetic,Portfolio,Auto,2022-03,4,12521.973892376356
Earned Premium,month,cumulative,Synthetic,Portfolio,Auto,2022-03,4,978569.9341845053
Claims Reported,month,cumulative,Synthetic,Portfolio,Auto,2022-03,5,28.76783442699123
Loss Incurred,month,cumulative,Synthetic,Portfolio,Auto,2022-03,5,261755.00022977154
Exposure,month,cumulative,Synthetic,Portfolio,Auto,2022-03,5,12424.512711194204
Earned Premium,month,cumulative,Synthetic,Portfolio,Auto,2022-03,5,973150.5486833454
Claims Reported,month,cumulative,Synthetic,Portfolio,Auto,2022-03,6,32.89264543243782
Loss Incurred,month,cumulative,Synthetic,Portfolio,Auto,2022-03,6,260472.6767667594
Exposure,month,cumulative,Synthetic,Portfolio,Auto,2022-03,6,12334.878716354482
Earned Premium,month,cumulative,Synthetic,Portfolio,Auto,2022-03,6,968090.1774127444
Claims Reported,month,cumulative,Synthetic,Portfolio,Auto,2022-03,7,36.58966972853578
Loss Incurred,month,cumulative,Synthetic,Portfolio,Auto,2022-03,7,259190.1570461085
Exposure,month,cumulative,Synthetic,Portfolio,Auto,2022-03,7,12252.443300186975
Earned Premium,month,cumulative,Synthetic,Portfolio,Auto,2022-03,7,963365.0370087554
Claims Reported,month,cumulative,Synthetic,Portfolio,Auto,2022-03,8,39.73702510589901
Loss Incurred,month,cumulative,Synthetic,Portfolio,Auto,2022-03,8,257907.50516079672
Exposure,month,cumulative,Synthetic,Portfolio,Auto,2022-03,8,12176.62833901224
Earned Premium,month,cumulative,Synthetic,Portfolio,Auto,2022-03,8,958952.9196672626
Claims Reported,month,cumulative,Synthetic,Portfolio,Auto,2022-03,9,42.30113255442546
Loss Incurred,month,cumulative,Synthetic,Portfolio,Auto,2022-03,9,256624.78523022946
Exposure,month,cumulative,Synthetic,Portfolio,Auto,2022-03,9,12106.902138731444
Earned Premium,month,cumulative,Synthetic,Portfolio,Auto,2022-03,9,954833.0887689751
Claims Reported,month,cumulative,Synthetic,Portfolio,Auto,2022-03,10,44.316252146995815
Loss Incurred,month,cumulative,Synthetic,Portfolio,Auto,2022-03,10,255342.06138741967
Exposure,month,cumulative,Synthetic,Portfolio,Auto,2022-03,10,12042.775706029157
Earned Premium,month,cumulative,Synthetic,Portfolio,Auto,2022-03,10,950986.1814188767
Claims Reported,month,cumulative,Synthetic,Portfolio,Auto,2022-03,11,45.85560503131732
Loss Incurred,month,cumulative,Synthetic,Portfolio,Auto,2022-03,11,254059.3977661628
Exposure,month,cumulative,Synthetic,Portfolio,Auto,2022-03,11,11983.799319038897
Earned Premium,month,cumulative,Synthetic,Portfolio,Auto,2022-03,11,947394.1174420782
Claims Reported,month,cumulative,Synthetic,Portfolio,Auto,2022-03,12,47.00621295411774
Loss Incurred,month,cumulative,Synthetic,Portfolio,Auto,2022-03,12,252776.8584882109
Exposure,month,cumulative,Synthetic,Portfolio,Auto,2022-03,12,11929.559373421262
Earned Premium,month,cumulative,Synthetic,Portfolio,Auto,2022-03,12,944040.0144083557
Claims Reported,month,cumulative,Synthetic,Portfolio,Auto,2022-03,13,47.85233894103922
Loss Incurred,month,cumulative,Synthetic,Portfolio,Auto,2022-03,13,251494.5076504524
Exposure,month,cumulative,Synthetic,Portfolio,Auto,2022-03,13,11879.675481736103
Earned Premium,month,cumulative,Synthetic,Portfolio,Auto,2022-03,13,940908.1082860007
Claims Reported,month,cumulative,Synthetic,Portfolio,Auto,2022-03,14,48.46712492722311
Loss Incurred,month,cumulative,Synthetic,Portfolio,Auto,2022-03,14,250212.40931210184
Exposure,month,cumulative,Synthetic,Portfolio,Auto,2022-03,14,11833.797805766468
Earned Premium,month,cumulative,Synthetic,Portfolio,Auto,2022-03,14,937983.6793520574
Claims Reported,month,cumulative,Synthetic,Portfolio,Auto,2022-03,15,48.90993223709623
Loss Incurred,month,cumulative,Synthetic,Portfolio,Auto,2022-03,15,248930.627481906
Exposure,month,cumulative,Synthetic,Portfolio,Auto,2022-03,15,11791.604603085749
Earned Premium,month,cumulative,Synthetic,Portfolio,Auto,2022-03,15,935252.9830107337
Claims Reported,month,cumulative,Synthetic,Portfolio,Auto,2022-03,16,49.2268646304613
Loss Incurred,month,cumulative,Synthetic,Portfolio,Auto,2022-03,16,247649.2261053713
Exposure,month,cumulative,Synthetic,Portfolio,Auto,2022-03,16,11752.79997066203
Earned Premium,month,cumulative,Synthetic,Portfolio,Auto,2022-03,16,932703.1851948351
Claims Reported,month,cumulative,Synthetic,Portfolio,Auto,2022-03,17,49.45268148093855
Loss Incurred,month,cumulative,Synthetic,Portfolio,Auto,2022-03,17,246368.26905201806
Exposure,month,cumulative,Synthetic,Portfolio,Auto,2022-03,17,11717.11176967538
Earned Premium,month,cumulative,Synthetic,Portfolio,Auto,2022-03,17,930322.302046616
Claims Reported,month,cumulative,Synthetic,Portfolio,Auto,2022-03,18,49.61306033968554
Loss Incurred,month,cumulative,Synthetic,Portfolio,Auto,2022-03,18,245087.82010266744
Exposure,month,cumulative,Synthetic,Portfolio,Auto,2022-03,18,11684.289716994757
Earned Premium,month,cumulative,Synthetic,Portfolio,Auto,2022-03,18,928099.1435945504
Claims Reported,month,cumulative,Synthetic,Portfolio,Auto,2022-03,19,49.726703649990014
Loss Incurred,month,cumulative,Synthetic,Portfolio,Auto,2022-03,19,243807.94293676468
Exposure,month,cumulative,Synthetic,Portfolio,Auto,2022-03,19,11654.103629929943
Earned Premium,month,cumulative,Synthetic,Portfolio,Auto,2022-03,19,926023.261161308
Claims Reported,month,cumulative,Synthetic,Portfolio,Auto,2022-03,20,49.807099946918655
Loss Incurred,month,cumulative,Synthetic,Portfolio,Auto,2022-03,20,242528.701119747
Exposure,month,cumulative,Synthetic,Portfolio,Auto,2022-03,20,11626.341811948872
Earned Premium,month,cumulative,Synthetic,Portfolio,Auto,2022-03,20,924084.8982557578
Claims Reported,month,cumulative,Synthetic,Portfolio,Auto,2022-03,21,49.86391058155359
Loss Incurred,month,cumulative,Synthetic,Portfolio,Auto,2022-03,21,241250.15809045866
Exposure,month,cumulative,Synthetic,Portfolio,Auto,2022-03,21,11600.809568039313
Earned Premium,month,cumulative,Synthetic,Portfolio,Auto,2022-03,21,922274.9447181942
Claims Reported,month,cumulative,Synthetic,Portfolio,Auto,2022-03,22,49.9040222630324
Loss Incurred,month,cumulative,Synthetic,Portfolio,Auto,2022-03,22,239972.37714861953
Exposure,month,cumulative,Synthetic,Portfolio,Auto,2022-03,22,11577.32783930304
Earned Premium,month,cumulative,Synthetic,Portfolio,Auto,2022-03,22,920584.8939032727
Claims Reported,month,cumulative,Synthetic,Portfolio,Auto,2022-03,23,49.932327270418064
Loss Incurred,month,cumulative,Synthetic,Portfolio,Auto,2022-03,23,238695.42144235308
Exposure,month,cumulative,Synthetic,Portfolio,Auto,2022-03,23,11555.73194720687
Earned Premium,month,cumulative,Synthetic,Portfolio,Auto,2022-03,23,919006.8026994169
Claims Reported,month,cumulative,Synthetic,Portfolio,Auto,2022-03,24,49.95229276530007
Loss Incurred,month,cumulative,Synthetic,Portfolio,Auto,2022-03,24,237419.35395577768
Exposure,month,cumulative,Synthetic,Portfolio,Auto,2022-03,24,11535.870438683909
Earned Premium,month,cumulative,Synthetic,Portfolio,Auto,2022-03,24,917533.2541967921
Claims Reported,month,cumulative,Synthetic,Portfolio,Auto,2022-03,25,49.96637180448706
Loss Incurred,month,cumulative,Synthetic,Portfolio,Auto,2022-03,25,236144.23749666743
Exposure,month,cumulative,Synthetic,Portfolio,Auto,2022-03,25,11517.604023985643
Earned Premium,month,cumulative,Synthetic,Portfolio,Auto,2022-03,25,916157.3228283883
Claims Reported,month,cumulative,Synthetic,Portfolio,Auto,2022-03,26,49.97629790352455
Loss Incurred,month,cumulative,Synthetic,Portfolio,Auto,2022-03,26,234870.13468418687
Exposure,month,cumulative,Synthetic,Portfolio,Auto,2022-03,26,11500.804599835992
Earned Premium,month,cumulative,Synthetic,Portfolio,Auto,2022-03,26,914872.5418203756
Claims Reported,month,cumulative,Synthetic,Portfolio,Auto,2022-03,27,49.983295076386334
Loss Incurred,month,cumulative,Synthetic,Portfolio,Auto,2022-03,27,233597.1079367053
Exposure,month,cumulative,Synthetic,Portfolio,Auto,2022-03,27,11485.35435103667
Earned Premium,month,cumulative,Synthetic,Portfolio,Auto,2022-03,27,913672.872798755
Claims Reported,month,cumulative,Synthetic,Portfolio,Auto,2022-03,28,49.98822707773491
Loss Incurred,month,cumulative,Synthetic,Portfolio,Auto,2022-03,28,232325.21945969493
Exposure,month,cumulative,Synthetic,Portfolio,Auto,2022-03,28,11471.144924223318
Earned Premium,month,cumulative,Synthetic,Portfolio,Auto,2022-03,28,912552.677409455
Claims Reported,month,cumulative,Synthetic,Portfolio,Auto,2022-03,29,49.991703184990506
Loss Incurred,month,cumulative,Synthetic,Portfolio,Auto,2022-03,29,231054.5312337185
Exposure,month,cumulative,Synthetic,Portfolio,Auto,2022-03,29,11458.07666797796
Earned Premium,month,cumulative,Synthetic,Portfolio,Auto,2022-03,29,911506.6908184919
Claims Reported,month,cumulative,Synthetic,Portfolio,Auto,2022-03,30,49.994153046762165
Loss Incurred,month,cumulative,Synthetic,Portfolio,Auto,2022-03,30,229785.1050025107
Exposure,month,cumulative,Synthetic,Portfolio,Auto,2022-03,30,11446.05793396866
Earned Premium,month,cumulative,Synthetic,Portfolio,Auto,2022-03,30,910529.9969676464
Claims Reported,month,cumulative,Synthetic,Portfolio,Auto,2022-03,31,49.99587957939961
Loss Incurred,month,cumulative,Synthetic,Portfolio,Auto,2022-03,31,228517.00226115863
Exposure,month,cumulative,Synthetic,Portfolio,Auto,2022-03,31,11435.004434215192
Earned Premium,month,cumulative,Synthetic,Portfolio,Auto,2022-03,31,909618.0054693606
Claims Reported,month,cumulative,Synthetic,Portfolio,Auto,2022-03,32,49.99709631801373
Loss Incurred,month,cumulative,Synthetic,Portfolio,Auto,2022-03,32,227250.28424438555
Exposure,month,cumulative,Synthetic,Portfolio,Auto,2022-03,32,11424.838649973244
Earned Premium,month,cumulative,Synthetic,Portfolio,Auto,2022-03,32,908766.4300322618
Claims Reported,month,cumulative,Synthetic,Portfolio,Auto,2022-03,33,49.99795377479551
Loss Incurred,month,cumulative,Synthetic,Portfolio,Auto,2022-03,33,225985.01191494323
Exposure,month,cumulative,Synthetic,Portfolio,Auto,2022-03,33,11415.489288091598
Earned Premium,month,cumulative,Synthetic,Portfolio,Auto,2022-03,33,907971.2683159155
Claims Reported,month,cumulative,Synthetic,Portfolio,Auto,2022-03,34,49.998558032042624
Loss Incurred,month,cumulative,Synthetic,Portfolio,Auto,2022-03,34,224721.24595211633
Exposure,month,cumulative,Synthetic,Portfolio,Auto,2022-03,34,11406.890781029717
Earned Premium,month,cumulative,Synthetic,Portfolio,Auto,2022-03,34,907228.7831201273
Claims Reported,month,cumulative,Synthetic,Portfolio,Auto,2022-03,35,49.998983853700565
Loss Incurred,month,cumulative,Synthetic,Portfolio,Auto,2022-03,35,223459.04674034493
Exposure,month,cumulative,Synthetic,Portfolio,Auto,2022-03,35,11398.982827029306
Earned Premium,month,cumulative,Synthetic,Portfolio,Auto,2022-03,35,906535.484820383
Claims Reported,month,cumulative,Synthetic,Portfolio,Auto,2022-03,36,49.99928392950781
Loss Incurred,month,cumulative,Synthetic,Portfolio,Auto,2022-03,36,222198.47435796828
Exposure,month,cumulative,Synthetic,Portfolio,Auto,2022-03,36,11391.709967215093
Earned Premium,month,cumulative,Synthetic,Portfolio,Auto,2022-03,36,905888.1149668762
Claims Reported,month,cumulative,Synthetic,Portfolio,Auto,2022-03,37,49.99949539151862
Loss Incurred,month,cumulative,Synthetic,Portfolio,Auto,2022-03,37,220939.5885660943
Exposure,month,cumulative,Synthetic,Portfolio,Auto,2022-03,37,11385.021196658958
Earned Premium,month,cumulative,Synthetic,Portfolio,Auto,2022-03,37,905283.6309700398
Claims Reported,month,cumulative,Synthetic,Portfolio,Auto,2022-03,38,49.99964440735341
Loss Incurred,month,cumulative,Synthetic,Portfolio,Auto,2022-03,38,219682.44879759982
Exposure,month,cumulative,Synthetic,Portfolio,Auto,2022-03,38,11378.869606679844
Earned Premium,month,cumulative,Synthetic,Portfolio,Auto,2022-03,38,904719.1918006035
Claims Reported,month,cumulative,Synthetic,Portfolio,Auto,2022-03,39,49.99974941757088
Loss Incurred,month,cumulative,Synthetic,Portfolio,Auto,2022-03,39,218427.1141462651
Exposure,month,cumulative,Synthetic,Portfolio,Auto,2022-03,39,11373.212055870838
Earned Premium,month,cumulative,Synthetic,Portfolio,Auto,2022-03,39,904192.1446369711
Claims Reported,month,cumulative,Synthetic,Portfolio,Auto,2022-03,40,49.99982341728536
Loss Incurred,month,cumulative,Synthetic,Portfolio,Auto,2022-03,40,217173.64335604658
Exposure,month,cumulative,Synthetic,Portfolio,Auto,2022-03,40,11368.008867546325
Earned Premium,month,cumulative,Synthetic,Portfolio,Auto,2022-03,40,903700.0123971578
Claims Reported,month,cumulative,Synthetic,Portfolio,Auto,2022-03,41,49.99987556413436
Loss Incurred,month,cumulative,Synthetic,Portfolio,Auto,2022-03,41,215922.09481049195
Exposure,month,cumulative,Synthetic,Portfolio,Auto,2022-03,41,11363.223551487436
Earned Premium,month,cumulative,Synthetic,Portfolio,Auto,2022-03,41,903240.4820966922
Claims Reported,month,cumulative,Synthetic,Portfolio,Auto,2022-03,42,49.99991231146311
Loss Incurred,month,cumulative,Synthetic,Portfolio,Auto,2022-03,42,214672.5265223022
Exposure,month,cumulative,Synthetic,Portfolio,Auto,2022-03,42,11358.822548034303
Earned Premium,month,cumulative,Synthetic,Portfolio,Auto,2022-03,42,902811.3939777625
Claims Reported,month,cumulative,Synthetic,Portfolio,Auto,2022-03,43,49.999938206900445
Loss Incurred,month,cumulative,Synthetic,Portfolio,Auto,2022-03,43,213424.99612304269
Exposure,month,cumulative,Synthetic,Portfolio,Auto,2022-03,43,11354.77499273051
Earned Premium,month,cumulative,Synthetic,Portfolio,Auto,2022-03,43,902410.7313585187
Claims Reported,month,cumulative,Synthetic,Portfolio,Auto,2022-03,44,49.99995645512283
Loss Incurred,month,cumulative,Synthetic,Portfolio,Auto,2022-03,44,212179.56085300873
Exposure,month,cumulative,Synthetic,Portfolio,Auto,2022-03,44,11351.052499869118
Earned Premium,month,cumulative,Synthetic,Portfolio,Auto,2022-03,44,902036.6111548181
Claims Reported,month,cumulative,Synthetic,Portfolio,Auto,2022-03,45,49.99996931443579
Loss Incurred,month,cumulative,Synthetic,Portfolio,Auto,2022-03,45,210936.27755124774
Exposure,month,cumulative,Synthetic,Portfolio,Auto,2022-03,45,11347.62896342228
Earned Premium,month,cumulative,Synthetic,Portfolio,Auto,2022-03,45,901687.2750298731
Claims Reported,month,cumulative,Synthetic,Portfolio,Auto,2022-04,0,17.389649088536235
Loss Incurred,month,cumulative,Synthetic,Portfolio,Auto,2022-04,0,454871.7475730161
Exposure,month,cumulative,Synthetic,Portfolio,Auto,2022-04,0,14123.506222235297
Earned Premium,month,cumulative,Synthetic,Portfolio,Auto,2022-04,0,1090795.0406588733
Claims Reported,month,cumulative,Synthetic,Portfolio,Auto,2022-04,1,22.350282562416258
Loss Incurred,month,cumulative,Synthetic,Portfolio,Auto,2022-04,1,452702.14255799406
Exposure,month,cumulative,Synthetic,Portfolio,Auto,2022-04,1,13963.22241163532
Earned Premium,month,cumulative,Synthetic,Portfolio,Auto,2022-04,1,1085008.7310349662
Claims Reported,month,cumulative,Synthetic,Portfolio,Auto,2022-04,2,27.973584002161996
Loss Incurred,month,cumulative,Synthetic,Portfolio,Auto,2022-04,2,450531.6417326589
Exposure,month,cumulative,Synthetic,Portfolio,Auto,2022-04,2,13816.88439913327
Earned Premium,month,cumulative,Synthetic,Portfolio,Auto,2022-04,2,1079508.903160254
Claims Reported,month,cumulative,Synthetic,Portfolio,Auto,2022-04,3,34.002110132545376
Loss Incurred,month,cumulative,Synthetic,Portfolio,Auto,2022-04,3,448360.3531298408
Exposure,month,cumulative,Synthetic,Portfolio,Auto,2022-04,3,13683.278804014903
Earned Premium,month,cumulative,Synthetic,Portfolio,Auto,2022-04,3,1074281.3732461126
Claims Reported,month,cumulative,Synthetic,Portfolio,Auto,2022-04,4,40.090483223699174
Loss Incurred,month,cumulative,Synthetic,Portfolio,Auto,2022-04,4,446188.384939605
Exposure,month,cumulative,Synthetic,Portfolio,Auto,2022-04,4,13561.297818065106
Earned Premium,month,cumulative,Synthetic,Portfolio,Auto,2022-04,4,1069312.6597471153
Claims Reported,month,cumulative,Synthetic,Portfolio,Auto,2022-04,5,45.87959438950697
Loss Incurred,month,cumulative,Synthetic,Portfolio,Auto,2022-04,5,444015.8454877278
Exposure,month,cumulative,Synthetic,Portfolio,Auto,2022-04,5,13449.93002003163
Earned Premium,month,cumulative,Synthetic,Portfolio,Auto,2022-04,5,1064589.9485927837
Claims Reported,month,cumulative,Synthetic,Portfolio,Auto,2022-04,6,51.077083934059175
Loss Incurred,month,cumulative,Synthetic,Portfolio,Auto,2022-04,6,441842.8432141127
Exposure,month,cumulative,Synthetic,Portfolio,Auto,2022-04,6,13348.25198929388
Earned Premium,month,cumulative,Synthetic,Portfolio,Auto,2022-04,6,1060101.0601407227
Claims Reported,month,cumulative,Synthetic,Portfolio,Auto,2022-04,7,55.50836637619184
Loss Incurred,month,cumulative,Synthetic,Portfolio,Auto,2022-04,7,439669.48665115965
Exposure,month,cumulative,Synthetic,Portfolio,Auto,2022-04,7,13255.420649200403
Earned Premium,month,cumulative,Synthetic,Portfolio,Auto,2022-04,7,1055834.4177659152
Claims Reported,month,cumulative,Synthetic,Portfolio,Auto,2022-04,8,59.12293304571714
Loss Incurred,month,cumulative,Synthetic,Portfolio,Auto,2022-04,8,437495.8844020947
Exposure,month,cumulative,Synthetic,Portfolio,Auto,2022-04,8,13170.666276588905
Earned Premium,month,cumulative,Synthetic,Portfolio,Auto,2022-04,8,1051779.0180051697
Claims Reported,month,cumulative,Synthetic,Portfolio,Auto,2022-04,9,61.966419251871294
Loss Incurred,month,cumulative,Synthetic,Portfolio,Auto,2022-04,9,435322.1451192684
Exposure,month,cumulative,Synthetic,Portfolio,Auto,2022-04,9,13093.286119526265
Earned Premium,month,cumulative,Synthetic,Portfolio,Auto,2022-04,9,1047924.4021797227
Claims Reported,month,cumulative,Synthetic,Portfolio,Auto,2022-04,10,64.14023449391769
Loss Incurred,month,cumulative,Synthetic,Portfolio,Auto,2022-04,10,433148.3774824356
Exposure,month,cumulative,Synthetic,Portfolio,Auto,2022-04,10,13022.638570349236
Earned Premium,month,cumulative,Synthetic,Portfolio,Auto,2022-04,10,1044260.6294228157
Claims Reported,month,cumulative,Synthetic,Portfolio,Auto,2022-04,11,65.76602565230526
Loss Incurred,month,cumulative,Synthetic,Portfolio,Auto,2022-04,11,430974.69017702126
Exposure,month,cumulative,Synthetic,Portfolio,Auto,2022-04,11,12958.137845690844
Earned Premium,month,cumulative,Synthetic,Portfolio,Auto,2022-04,11,1040778.2510426834
Claims Reported,month,cumulative,Synthetic,Portfolio,Auto,2022-04,12,66.96210570461828
Loss Incurred,month,cumulative,Synthetic,Portfolio,Auto,2022-04,12,428801.19187238545
Exposure,month,cumulative,Synthetic,Portfolio,Auto,2022-04,12,12899.249129381198
Earned Premium,month,cumulative,Synthetic,Portfolio,Auto,2022-04,12,1037468.2861548358
Claims Reported,month,cumulative,Synthetic,Portfolio,Auto,2022-04,13,67.83143960493219
Loss Incurred,month,cumulative,Synthetic,Portfolio,Auto,2022-04,13,426627.99120009417
Exposure,month,cumulative,Synthetic,Portfolio,Auto,2022-04,13,12845.484137949481
Earned Premium,month,cumulative,Synthetic,Portfolio,Auto,2022-04,13,1034322.1985207958
Claims Reported,month,cumulative,Synthetic,Portfolio,Auto,2022-04,14,68.45773172857919
Loss Incurred,month,cumulative,Synthetic,Portfolio,Auto,2022-04,14,424455.19673220697
Exposure,month,cumulative,Synthetic,Portfolio,Auto,2022-04,14,12796.397071957874
Earned Premium,month,cumulative,Synthetic,Portfolio,Auto,2022-04,14,1031331.8745335535
Claims Reported,month,cumulative,Synthetic,Portfolio,Auto,2022-04,15,68.90606430052847
Loss Incurred,month,cumulative,Synthetic,Portfolio,Auto,2022-04,15,422282.9169595899
Exposure,month,cumulative,Synthetic,Portfolio,Auto,2022-04,15,12751.580919597383
Earned Premium,month,cumulative,Synthetic,Portfolio,Auto,2022-04,15,1028489.6022929695
Claims Reported,month,cumulative,Synthetic,Portfolio,Auto,2022-04,16,69.22554239502212
Loss Incurred,month,cumulative,Synthetic,Portfolio,Auto,2022-04,16,420111.26027026155
Exposure,month,cumulative,Synthetic,Portfolio,Auto,2022-04,16,12710.664081896344
Earned Premium,month,cumulative,Synthetic,Portfolio,Auto,2022-04,16,1025788.0517171591
Claims Reported,month,cumulative,Synthetic,Portfolio,Auto,2022-04,17,69.45246000713199
Loss Incurred,month,cumulative,Synthetic,Portfolio,Auto,2022-04,17,417940.3349277851
Exposure,month,cumulative,Synthetic,Portfolio,Auto,2022-04,17,12673.307291559093
Earned Premium,month,cumulative,Synthetic,Portfolio,Auto,2022-04,17,1023220.2556385674
Claims Reported,month,cumulative,Synthetic,Portfolio,Auto,2022-04,18,69.61326175019948
Loss Incurred,month,cumulative,Synthetic,Portfolio,Auto,2022-04,18,415770.2490497104
Exposure,month,cumulative,Synthetic,Portfolio,Auto,2022-04,18,12639.200799886941
Earned Premium,month,cumulative,Synthetic,Portfolio,Auto,2022-04,18,1020779.5918359832
Claims Reported,month,cumulative,Synthetic,Portfolio,Auto,2022-04,19,69.72702478916747
Loss Incurred,month,cumulative,Synthetic,Portfolio,Auto,2022-04,19,413601.11058608093
Exposure,month,cumulative,Synthetic,Portfolio,Auto,2022-04,19,12608.061808456441
Earned Premium,month,cumulative,Synthetic,Portfolio,Auto,2022-04,19,1018459.7659561527
Claims Reported,month,cumulative,Synthetic,Portfolio,Auto,2022-04,20,69.80741583793065
Loss Incurred,month,cumulative,Synthetic,Portfolio,Auto,2022-04,20,411433.0272980088
Exposure,month,cumulative,Synthetic,Portfolio,Auto,2022-04,20,12579.632124259388
Earned Premium,month,cumulative,Synthetic,Portfolio,Auto,2022-04,20,1016254.7952809477
Claims Reported,month,cumulative,Synthetic,Portfolio,Auto,2022-04,21,69.86417788430332
Loss Incurred,month,cumulative,Synthetic,Portfolio,Auto,2022-04,21,409266.1067363324
Exposure,month,cumulative,Synthetic,Portfolio,Auto,2022-04,21,12553.676018861812
Earned Premium,month,cumulative,Synthetic,Portfolio,Auto,2022-04,21,1014158.9932982282
Claims Reported,month,cumulative,Synthetic,Portfolio,Auto,2022-04,22,69.90423289835154
Loss Incurred,month,cumulative,Synthetic,Portfolio,Auto,2022-04,22,407100.4562203607
Exposure,month,cumulative,Synthetic,Portfolio,Auto,2022-04,22,12529.97827383094
Earned Premium,month,cumulative,Synthetic,Portfolio,Auto,2022-04,22,1012166.9550366023
Claims Reported,month,cumulative,Synthetic,Portfolio,Auto,2022-04,23,69.93248678761931
Loss Incurred,month,cumulative,Synthetic,Portfolio,Auto,2022-04,23,404936.1828167167
Exposure,month,cumulative,Synthetic,Portfolio,Auto,2022-04,23,12508.342396223485
Earned Premium,month,cumulative,Synthetic,Portfolio,Auto,2022-04,23,1010273.5431262688
Claims Reported,month,cumulative,Synthetic,Portfolio,Auto,2022-04,24,69.95241068891123
Loss Incurred,month,cumulative,Synthetic,Portfolio,Auto,2022-04,24,402773.3933182876
Exposure,month,cumulative,Synthetic,Portfolio,Auto,2022-04,24,12488.588989338776
Earned Premium,month,cumulative,Synthetic,Portfolio,Auto,2022-04,24,1008473.8745499902
Claims Reported,month,cumulative,Synthetic,Portfolio,Auto,2022-04,25,69.96645764507967
Loss Incurred,month,cumulative,Synthetic,Portfolio,Auto,2022-04,25,400612.19422328915
Exposure,month,cumulative,Synthetic,Portfolio,Auto,2022-04,25,12470.554265227634
Earned Premium,month,cumulative,Synthetic,Portfolio,Auto,2022-04,25,1006763.3080500287
Claims Reported,month,cumulative,Synthetic,Portfolio,Auto,2022-04,26,69.9763597567378
Loss Incurred,month,cumulative,Synthetic,Portfolio,Auto,2022-04,26,398452.69171445566
Exposure,month,cumulative,Synthetic,Portfolio,Auto,2022-04,26,12454.088686623234
Earned Premium,month,cumulative,Synthetic,Portfolio,Auto,2022-04,26,1005137.4321585682
Claims Reported,month,cumulative,Synthetic,Portfolio,Auto,2022-04,27,69.98333934053291
Loss Incurred,month,cumulative,Synthetic,Portfolio,Auto,2022-04,27,396294.9916383609
Exposure,month,cumulative,Synthetic,Portfolio,Auto,2022-04,27,12439.055727033337
Earned Premium,month,cumulative,Synthetic,Portfolio,Auto,2022-04,27,1003592.0538207532
Claims Reported,month,cumulative,Synthetic,Portfolio,Auto,2022-04,28,69.98825860643915
Loss Incurred,month,cumulative,Synthetic,Portfolio,Auto,2022-04,28,394139.1994848814
Exposure,month,cumulative,Synthetic,Portfolio,Auto,2022-04,28,12425.33073871309
Earned Premium,month,cumulative,Synthetic,Portfolio,Auto,2022-04,28,1002123.1875810043
Claims Reported,month,cumulative,Synthetic,Portfolio,Auto,2022-04,29,69.99172556993614
Loss Incurred,month,cumulative,Synthetic,Portfolio,Auto,2022-04,29,391985.4203668087
Exposure,month,cumulative,Synthetic,Portfolio,Auto,2022-04,29,12412.799919131994
Earned Premium,month,cumulative,Synthetic,Portfolio,Auto,2022-04,29,1000727.0453047225
Claims Reported,month,cumulative,Synthetic,Portfolio,Auto,2022-04,30,69.99416890413474
Loss Incurred,month,cumulative,Synthetic,Portfolio,Auto,2022-04,30,389833.758999619
Exposure,month,cumulative,Synthetic,Portfolio,Auto,2022-04,30,12401.35936736538
Earned Premium,month,cumulative,Synthetic,Portfolio,Auto,2022-04,30,999400.0264088731
Claims Reported,month,cumulative,Synthetic,Portfolio,Auto,2022-04,31,69.99589079510777
Loss Incurred,month,cumulative,Synthetic,Portfolio,Auto,2022-04,31,387684.31968140916
Exposure,month,cumulative,Synthetic,Portfolio,Auto,2022-04,31,12390.91422258634
Earned Premium,month,cumulative,Synthetic,Portfolio,Auto,2022-04,31,998138.708576259
Claims Reported,month,cumulative,Synthetic,Portfolio,Auto,2022-04,32,69.9971042420543
Loss Incurred,month,cumulative,Synthetic,Portfolio,Auto,2022-04,32,385537.20627300616
Exposure,month,cumulative,Synthetic,Portfolio,Auto,2022-04,32,12381.37787751481
Earned Premium,month,cumulative,Synthetic,Portfolio,Auto,2022-04,32,996939.8389295292
Claims Reported,month,cumulative,Synthetic,Portfolio,Auto,2022-04,33,69.9979593689357
Loss Incurred,month,cumulative,Synthetic,Portfolio,Auto,2022-04,33,383392.5221782588
Exposure,month,cumulative,Synthetic,Portfolio,Auto,2022-04,33,12372.67126030202
Earned Premium,month,cumulative,Synthetic,Portfolio,Auto,2022-04,33,995800.3256421675
Claims Reported,month,cumulative,Synthetic,Portfolio,Auto,2022-04,34,69.9985619792137
Loss Incurred,month,cumulative,Synthetic,Portfolio,Auto,2022-04,34,381250.3703245184
Exposure,month,cumulative,Synthetic,Portfolio,Auto,2022-04,34,12364.722178895941
Earned Premium,month,cumulative,Synthetic,Portfolio,Auto,2022-04,34,994717.2299648221
Claims Reported,month,cumulative,Synthetic,Portfolio,Auto,2022-04,35,69.99898663773143
Loss Incurred,month,cumulative,Synthetic,Portfolio,Auto,2022-04,35,379110.85314331704
Exposure,month,cumulative,Synthetic,Portfolio,Auto,2022-04,35,12357.464722451472
Earned Premium,month,cumulative,Synthetic,Portfolio,Auto,2022-04,35,993687.7586464133
Claims Reported,month,cumulative,Synthetic,Portfolio,Auto,2022-04,36,69.99928589262588
Loss Incurred,month,cumulative,Synthetic,Portfolio,Auto,2022-04,36,376974.0725512509
Exposure,month,cumulative,Synthetic,Portfolio,Auto,2022-04,36,12350.838714822079
Earned Premium,month,cumulative,Synthetic,Portfolio,Auto,2022-04,36,992709.2567304758
Claims Reported,month,cumulative,Synthetic,Portfolio,Auto,2022-04,37,69.99949677552266
Loss Incurred,month,cumulative,Synthetic,Portfolio,Auto,2022-04,37,374840.1299310745
Exposure,month,cumulative,Synthetic,Portfolio,Auto,2022-04,37,12344.78921560142
Earned Premium,month,cumulative,Synthetic,Portfolio,Auto,2022-04,37,991779.2007081544
Claims Reported,month,cumulative,Synthetic,Portfolio,Auto,2022-04,38,69.99964538295151
Loss Incurred,month,cumulative,Synthetic,Portfolio,Auto,2022-04,38,372709.126113016
Exposure,month,cumulative,Synthetic,Portfolio,Auto,2022-04,38,12339.266064577809
Earned Premium,month,cumulative,Synthetic,Portfolio,Auto,2022-04,38,990895.1920101971
Claims Reported,month,cumulative,Synthetic,Portfolio,Auto,2022-04,39,69.99975010521567
Loss Incurred,month,cumulative,Synthetic,Portfolio,Auto,2022-04,39,370581.16135631676
Exposure,month,cumulative,Synthetic,Portfolio,Auto,2022-04,39,12334.223465824267
Earned Premium,month,cumulative,Synthetic,Portfolio,Auto,2022-04,39,990054.9508211627
Claims Reported,month,cumulative,Synthetic,Portfolio,Auto,2022-04,40,69.99982390193614
Loss Incurred,month,cumulative,Synthetic,Portfolio,Auto,2022-04,40,368456.3353310059
Exposure,month,cumulative,Synthetic,Portfolio,Auto,2022-04,40,12329.619607975641
Earned Premium,month,cumulative,Synthetic,Portfolio,Auto,2022-04,40,989256.3101998866
Claims Reported,month,cumulative,Synthetic,Portfolio,Auto,2022-04,41,69.9998759056996
Loss Incurred,month,cumulative,Synthetic,Portfolio,Auto,2022-04,41,366334.74709991436
Exposure,month,cumulative,Synthetic,Portfolio,Auto,2022-04,41,12325.416317544199
Earned Premium,month,cumulative,Synthetic,Portfolio,Auto,2022-04,41,988497.2104910457
Claims Reported,month,cumulative,Synthetic,Portfolio,Auto,2022-04,42,69.99991255217873
Loss Incurred,month,cumulative,Synthetic,Portfolio,Auto,2022-04,42,364216.4951009345
Exposure,month,cumulative,Synthetic,Portfolio,Auto,2022-04,42,12321.578742399188
Earned Premium,month,cumulative,Synthetic,Portfolio,Auto,2022-04,42,987775.694013407
Claims Reported,month,cumulative,Synthetic,Portfolio,Auto,2022-04,43,69.99993837653913
Loss Incurred,month,cumulative,Synthetic,Portfolio,Auto,2022-04,43,362101.6771295347
Exposure,month,cumulative,Synthetic,Portfolio,Auto,2022-04,43,12318.075062785843
Earned Premium,month,cumulative,Synthetic,Portfolio,Auto,2022-04,43,987089.9000110627
Claims Reported,month,cumulative,Synthetic,Portfolio,Auto,2022-04,44,69.9999565746698
Loss Incurred,month,cumulative,Synthetic,Portfolio,Auto,2022-04,44,359990.39032153104
Exposure,month,cumulative,Synthetic,Portfolio,Auto,2022-04,44,12314.876227487746
Earned Premium,month,cumulative,Synthetic,Portfolio,Auto,2022-04,44,986438.0598546322
Claims Reported,month,cumulative,Synthetic,Portfolio,Auto,2022-05,0,11.535071256314788
Loss Incurred,month,cumulative,Synthetic,Portfolio,Auto,2022-05,0,344998.5822304501
Exposure,month,cumulative,Synthetic,Portfolio,Auto,2022-05,0,12253.44387697644
Earned Premium,month,cumulative,Synthetic,Portfolio,Auto,2022-05,0,953167.1525559197
Claims Reported,month,cumulative,Synthetic,Portfolio,Auto,2022-05,1,15.046593603577357
Loss Incurred,month,cumulative,Synthetic,Portfolio,Auto,2022-05,1,343339.6322439735
Exposure,month,cumulative,Synthetic,Portfolio,Auto,2022-05,1,12105.92598048509
Earned Premium,month,cumulative,Synthetic,Portfolio,Auto,2022-05,1,946070.082818916
Claims Reported,month,cumulative,Synthetic,Portfolio,Auto,2022-05,2,19.1559737635199
Loss Incurred,month,cumulative,Synthetic,Portfolio,Auto,2022-05,2,341680.12692981237
Exposure,month,cumulative,Synthetic,Portfolio,Auto,2022-05,2,11972.023717010476
Earned Premium,month,cumulative,Synthetic,Portfolio,Auto,2022-05,2,939466.2162464259
Claims Reported,month,cumulative,Synthetic,Portfolio,Auto,2022-05,3,23.721322500425316
Loss Incurred,month,cumulative,Synthetic,Portfolio,Auto,2022-05,3,340020.1490225603
Exposure,month,cumulative,Synthetic,Portfolio,Auto,2022-05,3,11850.480388437623
Earned Premium,month,cumulative,Synthetic,Portfolio,Auto,2022-05,3,933321.2782194164
Claims Reported,month,cumulative,Synthetic,Portfolio,Auto,2022-05,4,28.509314693216538
Loss Incurred,month,cumulative,Synthetic,Portfolio,Auto,2022-05,4,338359.7813512094
Exposure,month,cumulative,Synthetic,Portfolio,Auto,2022-05,4,11740.155287597414
Earned Premium,month,cumulative,Synthetic,Portfolio,Auto,2022-05,4,927603.3759963331
Claims Reported,month,cumulative,Synthetic,Portfolio,Auto,2022-05,5,33.236806129622934
Loss Incurred,month,cumulative,Synthetic,Portfolio,Auto,2022-05,5,336699.1068226361
Exposure,month,cumulative,Synthetic,Portfolio,Auto,2022-05,5,11640.01299251368
Earned Premium,month,cumulative,Synthetic,Portfolio,Auto,2022-05,5,922282.8331871076
Claims Reported,month,cumulative,Synthetic,Portfolio,Auto,2022-05,6,37.63452362626498
Loss Incurred,month,cumulative,Synthetic,Portfolio,Auto,2022-05,6,335038.2084050533
Exposure,month,cumulative,Synthetic,Portfolio,Auto,2022-05,6,11549.113648771747
Earned Premium,month,cumulative,Synthetic,Portfolio,Auto,2022-05,6,917332.035730215
Claims Reported,month,cumulative,Synthetic,Portfolio,Auto,2022-05,7,41.50441988502946
Loss Incurred,month,cumulative,Synthetic,Portfolio,Auto,2022-05,7,333377.16911143716
Exposure,month,cumulative,Synthetic,Portfolio,Auto,2022-05,7,11466.604148806668
Earned Premium,month,cumulative,Synthetic,Portfolio,Auto,2022-05,7,912725.2885733885
Claims Reported,month,cumulative,Synthetic,Portfolio,Auto,2022-05,8,44.74686348139511
Loss Incurred,month,cumulative,Synthetic,Portfolio,Auto,2022-05,8,331716.07198293455
Exposure,month,cumulative,Synthetic,Portfolio,Auto,2022-05,8,11391.710125327078
Earned Premium,month,cumulative,Synthetic,Portfolio,Auto,2022-05,8,908438.6823141517
Claims Reported,month,cumulative,Synthetic,Portfolio,Auto,2022-05,9,47.35379614506116
Loss Incurred,month,cumulative,Synthetic,Portfolio,Auto,2022-05,9,330055.0000722584
Exposure,month,cumulative,Synthetic,Portfolio,Auto,2022-05,9,11323.728683731444
Earned Premium,month,cumulative,Synthetic,Portfolio,Auto,2022-05,9,904449.9691080232
Claims Reported,month,cumulative,Synthetic,Portfolio,Auto,2022-05,10,49.38112949820012
Loss Incurred,month,cumulative,Synthetic,Portfolio,Auto,2022-05,10,328394.03642707836
Exposure,month,cumulative,Synthetic,Portfolio,Auto,2022-05,10,11262.021805309027
Earned Premium,month,cumulative,Synthetic,Portfolio,Auto,2022-05,10,900738.4472003462
Claims Reported,month,cumulative,Synthetic,Portfolio,Auto,2022-05,11,50.9172753498674
Loss Incurred,month,cumulative,Synthetic,Portfolio,Auto,2022-05,11,326733.26407341356
Exposure,month,cumulative,Synthetic,Portfolio,Auto,2022-05,11,11206.010359313397
Earned Premium,month,cumulative,Synthetic,Portfolio,Auto,2022-05,11,897284.853482452
Claims Reported,month,cumulative,Synthetic,Portfolio,Auto,2022-05,12,52.058470100379104
Loss Incurred,month,cumulative,Synthetic,Portfolio,Auto,2022-05,12,325072.7659990345
Exposure,month,cumulative,Synthetic,Portfolio,Auto,2022-05,12,11155.168667710637
Earned Premium,month,cumulative,Synthetic,Portfolio,Auto,2022-05,12,894071.2635145178
Claims Reported,month,cumulative,Synthetic,Portfolio,Auto,2022-05,13,52.893874818492066
Loss Incurred,month,cumulative,Synthetic,Portfolio,Auto,2022-05,13,323412.6251368813
Exposure,month,cumulative,Synthetic,Portfolio,Auto,2022-05,13,11109.019571591396
Earned Premium,month,cumulative,Synthetic,Portfolio,Auto,2022-05,13,891080.9984962275
Claims Reported,month,cumulative,Synthetic,Portfolio,Auto,2022-05,14,53.49886316281474
Loss Incurred,month,cumulative,Synthetic,Portfolio,Auto,2022-05,14,321752.9243485049
Exposure,month,cumulative,Synthetic,Portfolio,Auto,2022-05,14,11067.129952944104
Earned Premium,month,cumulative,Synthetic,Portfolio,Auto,2022-05,14,888298.538702404
Claims Reported,month,cumulative,Synthetic,Portfolio,Auto,2022-05,15,53.933571264640314
Loss Incurred,month,cumulative,Synthetic,Portfolio,Auto,2022-05,15,320093.7464075394
Exposure,month,cumulative,Synthetic,Portfolio,Auto,2022-05,15,11029.106669760358
Earned Premium,month,cumulative,Synthetic,Portfolio,Auto,2022-05,15,885709.4429343404
Claims Reported,month,cumulative,Synthetic,Portfolio,Auto,2022-05,16,54.2441725157551
Loss Incurred,month,cumulative,Synthetic,Portfolio,Auto,2022-05,16,318435.17398321046
Exposure,month,cumulative,Synthetic,Portfolio,Auto,2022-05,16,10994.592866322699
Earned Premium,month,cumulative,Synthetic,Portfolio,Auto,2022-05,16,883300.2735687722
Claims Reported,month,cumulative,Synthetic,Portfolio,Auto,2022-05,17,54.46520703966354
Loss Incurred,month,cumulative,Synthetic,Portfolio,Auto,2022-05,17,316777.2896238891
Exposure,month,cumulative,Synthetic,Portfolio,Auto,2022-05,17,10963.264624046064
Earned Premium,month,cumulative,Synthetic,Portfolio,Auto,2022-05,17,881058.5268154904
Claims Reported,month,cumulative,Synthetic,Portfolio,Auto,2022-05,18,54.622052506315434
Loss Incurred,month,cumulative,Synthetic,Portfolio,Auto,2022-05,18,315120.17574069614
Exposure,month,cumulative,Synthetic,Portfolio,Auto,2022-05,18,10934.827921440503
Earned Premium,month,cumulative,Synthetic,Portfolio,Auto,2022-05,18,878972.5678216259
Claims Reported,month,cumulative,Synthetic,Portfolio,Auto,2022-05,19,54.733123325476505
Loss Incurred,month,cumulative,Synthetic,Portfolio,Auto,2022-05,19,313463.9145911647
Exposure,month,cumulative,Synthetic,Portfolio,Auto,2022-05,19,10909.015874663777
Earned Premium,month,cumulative,Synthetic,Portfolio,Auto,2022-05,19,877031.5702857918
Claims Reported,month,cumulative,Synthetic,Portfolio,Auto,2022-05,20,54.81166531318362
Loss Incurred,month,cumulative,Synthetic,Portfolio,Auto,2022-05,20,311808.58826296864
Exposure,month,cumulative,Synthetic,Portfolio,Auto,2022-05,20,10885.586232765929
Earned Premium,month,cumulative,Synthetic,Portfolio,Auto,2022-05,20,875225.4602686749
Claims Reported,month,cumulative,Synthetic,Portfolio,Auto,2022-05,21,54.867148446262874
Loss Incurred,month,cumulative,Synthetic,Portfolio,Auto,2022-05,21,310154.2786577209
Exposure,month,cumulative,Synthetic,Portfolio,Auto,2022-05,21,10864.319104118218
Earned Premium,month,cumulative,Synthetic,Portfolio,Auto,2022-05,21,873544.8639084488
Claims Reported,month,cumulative,Synthetic,Portfolio,Auto,2022-05,22,54.90631426439333
Loss Incurred,month,cumulative,Synthetic,Portfolio,Auto,2022-05,22,308501.06747485243
Exposure,month,cumulative,Synthetic,Portfolio,Auto,2022-05,22,10845.014892688512
Earned Premium,month,cumulative,Synthetic,Portfolio,Auto,2022-05,22,871981.0587696492
Claims Reported,month,cumulative,Synthetic,Portfolio,Auto,2022-05,23,54.93394755174227
Loss Incurred,month,cumulative,Synthetic,Portfolio,Auto,2022-05,23,306849.03619557514
Exposure,month,cumulative,Synthetic,Portfolio,Auto,2022-05,23,10827.492424794716
Earned Premium,month,cumulative,Synthetic,Portfolio,Auto,2022-05,23,870525.9285730048
Claims Reported,month,cumulative,Synthetic,Portfolio,Auto,2022-05,24,54.95343711261314
Loss Incurred,month,cumulative,Synthetic,Portfolio,Auto,2022-05,24,305198.2660669369
Exposure,month,cumulative,Synthetic,Portfolio,Auto,2022-05,24,10811.587248755426
Earned Premium,month,cumulative,Synthetic,Portfolio,Auto,2022-05,24,869171.9210712693
Claims Reported,month,cumulative,Synthetic,Portfolio,Auto,2022-05,25,54.967179482362894
Loss Incurred,month,cumulative,Synthetic,Portfolio,Auto,2022-05,25,303548.8380859759
Exposure,month,cumulative,Synthetic,Portfolio,Auto,2022-05,25,10797.150091479749
Earned Premium,month,cumulative,Synthetic,Portfolio,Auto,2022-05,25,867912.0088524293
Claims Reported,month,cumulative,Synthetic,Portfolio,Auto,2022-05,26,54.97686769566826
Loss Incurred,month,cumulative,Synthetic,Portfolio,Auto,2022-05,26,301900.8329839782
Exposure,month,cumulative,Synthetic,Portfolio,Auto,2022-05,26,10784.045457511045
Earned Premium,month,cumulative,Synthetic,Portfolio,Auto,2022-05,26,866739.6528668472
Claims Reported,month,cumulative,Synthetic,Portfolio,Auto,2022-05,27,54.98369691573399
Loss Incurred,month,cumulative,Synthetic,Portfolio,Auto,2022-05,27,300254.331210849
Exposure,month,cumulative,Synthetic,Portfolio,Auto,2022-05,27,10772.150357376408
Earned Premium,month,cumulative,Synthetic,Portfolio,Auto,2022-05,27,865648.7684890487
Claims Reported,month,cumulative,Synthetic,Portfolio,Auto,2022-05,28,54.98851040493574
Loss Incurred,month,cumulative,Synthetic,Portfolio,Auto,2022-05,28,298609.4129195995
Exposure,month,cumulative,Synthetic,Portfolio,Auto,2022-05,28,10761.353153307147
Earned Premium,month,cumulative,Synthetic,Portfolio,Auto,2022-05,28,864633.6939380078
Claims Reported,month,cumulative,Synthetic,Portfolio,Auto,2022-05,29,54.99190291968418
Loss Incurred,month,cumulative,Synthetic,Portfolio,Auto,2022-05,29,296966.1579509594
Exposure,month,cumulative,Synthetic,Portfolio,Auto,2022-05,29,10751.552511497182
Earned Premium,month,cumulative,Synthetic,Portfolio,Auto,2022-05,29,863689.1608920306
Claims Reported,month,cumulative,Synthetic,Portfolio,Auto,2022-05,30,54.9942938358604
Loss Incurred,month,cumulative,Synthetic,Portfolio,Auto,2022-05,30,295324.64581811853
Exposure,month,cumulative,Synthetic,Portfolio,Auto,2022-05,30,10742.656451066065
Earned Premium,month,cumulative,Synthetic,Portfolio,Auto,2022-05,30,862810.2671457258
Claims Reported,month,cumulative,Synthetic,Portfolio,Auto,2022-05,31,54.99597881089104
Loss Incurred,month,cumulative,Synthetic,Portfolio,Auto,2022-05,31,293684.9556916056
Exposure,month,cumulative,Synthetic,Portfolio,Auto,2022-05,31,10734.581480800995
Earned Premium,month,cumulative,Synthetic,Portfolio,Auto,2022-05,31,861992.4511671495
Claims Reported,month,cumulative,Synthetic,Portfolio,Auto,2022-05,32,54.99716625474502
Loss Incurred,month,cumulative,Synthetic,Portfolio,Auto,2022-05,32,292047.16638430837
Exposure,month,cumulative,Synthetic,Portfolio,Auto,2022-05,32,10727.251815575957
Earned Premium,month,cumulative,Synthetic,Portfolio,Auto,2022-05,32,861231.4684230728
Claims Reported,month,cumulative,Synthetic,Portfolio,Auto,2022-05,33,54.998003063085626
Loss Incurred,month,cumulative,Synthetic,Portfolio,Auto,2022-05,33,290411.3563366431
Exposure,month,cumulative,Synthetic,Portfolio,Auto,2022-05,33,10720.598665093969
Earned Premium,month,cumulative,Synthetic,Portfolio,Auto,2022-05,33,860523.3693495006
Claims Reported,month,cumulative,Synthetic,Portfolio,Auto,2022-05,34,54.998592767251935
Loss Incurred,month,cumulative,Synthetic,Portfolio,Auto,2022-05,34,288777.6036018766
Exposure,month,cumulative,Synthetic,Portfolio,Auto,2022-05,34,10714.55958827709
Earned Premium,month,cumulative,Synthetic,Portfolio,Auto,2022-05,34,859864.478853104
Claims Reported,month,cumulative,Synthetic,Portfolio,Auto,2022-05,35,54.99900833235006
Loss Incurred,month,cumulative,Synthetic,Portfolio,Auto,2022-05,35,287145.98583160917
Exposure,month,cumulative,Synthetic,Portfolio,Auto,2022-05,35,10709.077907245091
Earned Premium,month,cumulative,Synthetic,Portfolio,Auto,2022-05,35,859251.3772371798
Claims Reported,month,cumulative,Synthetic,Portfolio,Auto,2022-05,36,54.999301179897216
Loss Incurred,month,cumulative,Synthetic,Portfolio,Auto,2022-05,36,285516.5802614219
Exposure,month,cumulative,Synthetic,Portfolio,Auto,2022-05,36,10704.102175382797
Earned Premium,month,cumulative,Synthetic,Portfolio,Auto,2022-05,36,858680.8824531379
Claims Reported,month,cumulative,Synthetic,Portfolio,Auto,2022-05,37,54.999507547948944
Loss Incurred,month,cumulative,Synthetic,Portfolio,Auto,2022-05,37,283889.46369669476
Exposure,month,cumulative,Synthetic,Portfolio,Auto,2022-05,37,10699.585694503861
Earned Premium,month,cumulative,Synthetic,Portfolio,Auto,2022-05,37,858150.0335854044
Claims Reported,month,cumulative,Synthetic,Portfolio,Auto,2022-05,38,54.99965297398728
Loss Incurred,month,cumulative,Synthetic,Portfolio,Auto,2022-05,38,282264.7124986011
Exposure,month,cumulative,Synthetic,Portfolio,Auto,2022-05,38,10695.486076579438
Earned Premium,month,cumulative,Synthetic,Portfolio,Auto,2022-05,38,857656.0754840219
Claims Reported,month,cumulative,Synthetic,Portfolio,Auto,2022-05,39,54.99975545444636
Loss Incurred,month,cumulative,Synthetic,Portfolio,Auto,2022-05,39,280642.40257028287
Exposure,month,cumulative,Synthetic,Portfolio,Auto,2022-05,39,10691.764845918497
Earned Premium,month,cumulative,Synthetic,Portfolio,Auto,2022-05,39,857196.4444651915
Claims Reported,month,cumulative,Synthetic,Portfolio,Auto,2022-05,40,54.99982767143468
Loss Incurred,month,cumulative,Synthetic,Portfolio,Auto,2022-05,40,279022.60934321187
Exposure,month,cumulative,Synthetic,Portfolio,Auto,2022-05,40,10688.38707806617
Earned Premium,month,cumulative,Synthetic,Portfolio,Auto,2022-05,40,856768.755005539
Claims Reported,month,cumulative,Synthetic,Portfolio,Auto,2022-05,41,54.99987856200014
Loss Incurred,month,cumulative,Synthetic,Portfolio,Auto,2022-05,41,277405.407763743
Exposure,month,cumulative,Synthetic,Portfolio,Auto,2022-05,41,10685.321072031133
Earned Premium,month,cumulative,Synthetic,Portfolio,Auto,2022-05,41,856370.7873610507
Claims Reported,month,cumulative,Synthetic,Portfolio,Auto,2022-05,42,54.999914424032056
Loss Incurred,month,cumulative,Synthetic,Portfolio,Auto,2022-05,42,275790.8722798628
Exposure,month,cumulative,Synthetic,Portfolio,Auto,2022-05,42,10682.53805276579
Earned Premium,month,cumulative,Synthetic,Portfolio,Auto,2022-05,42,856000.4760464154
Claims Reported,month,cumulative,Synthetic,Portfolio,Auto,2022-05,43,54.99993969560691
Loss Incurred,month,cumulative,Synthetic,Portfolio,Auto,2022-05,43,274179.076828139
Exposure,month,cumulative,Synthetic,Portfolio,Auto,2022-05,43,10680.011901107002
Earned Premium,month,cumulative,Synthetic,Portfolio,Auto,2022-05,43,855655.8991149833
Claims Reported,month,cumulative,Synthetic,Portfolio,Auto,2022-06,0,13.254608364461747
Loss Incurred,month,cumulative,Synthetic,Portfolio,Auto,2022-06,0,399324.62182766496
Exposure,month,cumulative,Synthetic,Portfolio,Auto,2022-06,0,12860.311949524734
Earned Premium,month,cumulative,Synthetic,Portfolio,Auto,2022-06,0,956279.1789680568
Claims Reported,month,cumulative,Synthetic,Portfolio,Auto,2022-06,1,17.262626903373476
Loss Incurred,month,cumulative,Synthetic,Portfolio,Auto,2022-06,1,397409.70066206506
Exposure,month,cumulative,Synthetic,Portfolio,Auto,2022-06,1,12710.448124410686
Earned Premium,month,cumulative,Synthetic,Portfolio,Auto,2022-06,1,950223.5869352747
Claims Reported,month,cumulative,Synthetic,Portfolio,Auto,2022-06,2,21.937186216920345
Loss Incurred,month,cumulative,Synthetic,Portfolio,Auto,2022-06,2,395494.08777153713
Exposure,month,cumulative,Synthetic,Portfolio,Auto,2022-06,2,12573.973316655294
Earned Premium,month,cumulative,Synthetic,Portfolio,Auto,2022-06,2,944525.8978660036
Claims Reported,month,cumulative,Synthetic,Portfolio,Auto,2022-06,3,27.110491582584697
Loss Incurred,month,cumulative,Synthetic,Portfolio,Auto,2022-06,3,393577.8786097713
Exposure,month,cumulative,Synthetic,Portfolio,Auto,2022-06,3,12449.69133507837
Earned Premium,month,cumulative,Synthetic,Portfolio,Auto,2022-06,3,939164.9586623141
Claims Reported,month,cumulative,Synthetic,Portfolio,Auto,2022-06,4,32.51368206833396
Loss Incurred,month,cumulative,Synthetic,Portfolio,Auto,2022-06,4,391661.16874953255
Exposure,month,cumulative,Synthetic,Portfolio,Auto,2022-06,4,12336.512857682228
Earned Premium,month,cumulative,Synthetic,Portfolio,Auto,2022-06,4,934120.8664354052
Claims Reported,month,cumulative,Synthetic,Portfolio,Auto,2022-06,5,37.82623021161957
Loss Incurred,month,cumulative,Synthetic,Portfolio,Auto,2022-06,5,389744.05386361736
Exposure,month,cumulative,Synthetic,Portfolio,Auto,2022-06,5,12233.44588382825
Earned Premium,month,cumulative,Synthetic,Portfolio,Auto,2022-06,5,929374.8946146369
Claims Reported,month,cumulative,Synthetic,Portfolio,Auto,2022-06,6,42.74836066991195
Loss Incurred,month,cumulative,Synthetic,Portfolio,Auto,2022-06,6,387826.62970576866
Exposure,month,cumulative,Synthetic,Portfolio,Auto,2022-06,6,12139.587039427692
Earned Premium,month,cumulative,Synthetic,Portfolio,Auto,2022-06,6,924909.4234237322
Claims Reported,month,cumulative,Synthetic,Portfolio,Auto,2022-06,7,47.064007475165674
Loss Incurred,month,cumulative,Synthetic,Portfolio,Auto,2022-06,7,385908.99209155655
Exposure,month,cumulative,Synthetic,Portfolio,Auto,2022-06,7,12054.113658937362
Earned Premium,month,cumulative,Synthetic,Portfolio,Auto,2022-06,7,920707.8744660371
Claims Reported,month,cumulative,Synthetic,Portfolio,Auto,2022-06,8,50.66865439977099
Loss Incurred,month,cumulative,Synthetic,Portfolio,Auto,2022-06,8,383991.2368792319
Exposure,month,cumulative,Synthetic,Portfolio,Auto,2022-06,8,11976.276574759479
Earned Premium,month,cumulative,Synthetic,Portfolio,Auto,2022-06,8,916754.6491759794
Claims Reported,month,cumulative,Synthetic,Portfolio,Auto,2022-06,9,53.55937599917558
Loss Incurred,month,cumulative,Synthetic,Portfolio,Auto,2022-06,9,382073.4599505627
Exposure,month,cumulative,Synthetic,Portfolio,Auto,2022-06,9,11905.393550845385
Earned Premium,month,cumulative,Synthetic,Portfolio,Auto,2022-06,9,913035.0709082242
Claims Reported,month,cumulative,Synthetic,Portfolio,Auto,2022-06,10,55.80284551678493
Loss Incurred,month,cumulative,Synthetic,Portfolio,Auto,2022-06,10,380155.75719166006
Exposure,month,cumulative,Synthetic,Portfolio,Auto,2022-06,10,11840.843302949103
Earned Premium,month,cumulative,Synthetic,Portfolio,Auto,2022-06,10,909535.3304495278
Claims Reported,month,cumulative,Synthetic,Portfolio,Auto,2022-06,11,57.5001130123676
Loss Incurred,month,cumulative,Synthetic,Portfolio,Auto,2022-06,11,378238.22447380214
Exposure,month,cumulative,Synthetic,Portfolio,Auto,2022-06,11,11782.060053118774
Earned Premium,month,cumulative,Synthetic,Portfolio,Auto,2022-06,11,906242.434750998
Claims Reported,month,cumulative,Synthetic,Portfolio,Auto,2022-06,12,58.759528952782134
Loss Incurred,month,cumulative,Synthetic,Portfolio,Auto,2022-06,12,376320.9576342647
Exposure,month,cumulative,Synthetic,Portfolio,Auto,2022-06,12,11728.52857069647
Earned Premium,month,cumulative,Synthetic,Portfolio,Auto,2022-06,12,903144.1586904255
Claims Reported,month,cumulative,Synthetic,Portfolio,Auto,2022-06,13,59.68068071434403
Loss Incurred,month,cumulative,Synthetic,Portfolio,Auto,2022-06,13,374404.05245716637
Exposure,month,cumulative,Synthetic,Portfolio,Auto,2022-06,13,11679.779656361172
Earned Premium,month,cumulative,Synthetic,Portfolio,Auto,2022-06,13,900228.9996856009
Claims Reported,month,cumulative,Synthetic,Portfolio,Auto,2022-06,14,60.34734622744428
Loss Incurred,month,cumulative,Synthetic,Portfolio,Auto,2022-06,14,372487.60465433524
Exposure,month,cumulative,Synthetic,Portfolio,Auto,2022-06,14,11635.386029632833
Earned Premium,month,cumulative,Synthetic,Portfolio,Auto,2022-06,14,897486.1349901162
Claims Reported,month,cumulative,Synthetic,Portfolio,Auto,2022-06,15,60.82615435356387
Loss Incurred,month,cumulative,Synthetic,Portfolio,Auto,2022-06,15,370571.7098462084
Exposure,month,cumulative,Synthetic,Portfolio,Auto,2022-06,15,11594.958583791891
Earned Premium,month,cumulative,Synthetic,Portfolio,Auto,2022-06,15,894905.381513107
Claims Reported,month,cumulative,Synthetic,Portfolio,Auto,2022-06,16,61.16815398734344
Loss Incurred,month,cumulative,Synthetic,Portfolio,Auto,2022-06,16,368656.46354276733
Exposure,month,cumulative,Synthetic,Portfolio,Auto,2022-06,16,11558.142975388826
Earned Premium,month,cumulative,Synthetic,Portfolio,Auto,2022-06,16,892477.1580137635
Claims Reported,month,cumulative,Synthetic,Portfolio,Auto,2022-06,17,61.411476195832826
Loss Incurred,month,cumulative,Synthetic,Portfolio,Auto,2022-06,17,366741.96112452314
Exposure,month,cumulative,Synthetic,Portfolio,Auto,2022-06,17,11524.616518451121
Earned Premium,month,cumulative,Synthetic,Portfolio,Auto,2022-06,17,890192.4495302562
Claims Reported,month,cumulative,Synthetic,Portfolio,Auto,2022-06,18,61.584108459608565
Loss Incurred,month,cumulative,Synthetic,Portfolio,Auto,2022-06,18,364828.29782355455
Exposure,month,cumulative,Synthetic,Portfolio,Auto,2022-06,18,11494.085356165553
Earned Premium,month,cumulative,Synthetic,Portfolio,Auto,2022-06,18,888042.7739110139
Claims Reported,month,cumulative,Synthetic,Portfolio,Auto,2022-06,19,61.706344473520204
Loss Incurred,month,cumulative,Synthetic,Portfolio,Auto,2022-06,19,362915.56870460947
Exposure,month,cumulative,Synthetic,Portfolio,Auto,2022-06,19,11466.281885245866
Earned Premium,month,cumulative,Synthetic,Portfolio,Auto,2022-06,19,886020.1503240995
Claims Reported,month,cumulative,Synthetic,Portfolio,Auto,2022-06,20,61.79277459992238
Loss Incurred,month,cumulative,Synthetic,Portfolio,Auto,2022-06,20,361003.86864627793
Exposure,month,cumulative,Synthetic,Portfolio,Auto,2022-06,20,11440.962410410564
Earned Premium,month,cumulative,Synthetic,Portfolio,Auto,2022-06,20,884117.0696277736
Claims Reported,month,cumulative,Synthetic,Portfolio,Auto,2022-06,21,61.85382645036578
Loss Incurred,month,cumulative,Synthetic,Portfolio,Auto,2022-06,21,359093.29232224263
Exposure,month,cumulative,Synthetic,Portfolio,Auto,2022-06,21,11417.905008412548
Earned Premium,month,cumulative,Synthetic,Portfolio,Auto,2022-06,21,882326.4664922426
Claims Reported,month,cumulative,Synthetic,Portfolio,Auto,2022-06,22,61.896921473296764
Loss Incurred,month,cumulative,Synthetic,Portfolio,Auto,2022-06,22,357183.9341826174
Exposure,month,cumulative,Synthetic,Portfolio,Auto,2022-06,22,11396.90758289893
Earned Premium,month,cumulative,Synthetic,Portfolio,Auto,2022-06,22,880641.6931690916
Claims Reported,month,cumulative,Synthetic,Portfolio,Auto,2022-06,23,61.92732610901919
Loss Incurred,month,cumulative,Synthetic,Portfolio,Auto,2022-06,23,355275.88843537844
Exposure,month,cumulative,Synthetic,Portfolio,Auto,2022-06,23,11377.786093052073
Earned Premium,month,cumulative,Synthetic,Portfolio,Auto,2022-06,23,879056.4948110201
Claims Reported,month,cumulative,Synthetic,Portfolio,Auto,2022-06,24,61.948769841136
Loss Incurred,month,cumulative,Synthetic,Portfolio,Auto,2022-06,24,353369.24902789906
Exposure,month,cumulative,Synthetic,Portfolio,Auto,2022-06,24,11360.372940485999
Earned Premium,month,cumulative,Synthetic,Portfolio,Auto,2022-06,24,877564.9862502525
Claims Reported,month,cumulative,Synthetic,Portfolio,Auto,2022-06,25,61.96388990584092
Loss Incurred,month,cumulative,Synthetic,Portfolio,Auto,2022-06,25,351464.10962859326
Exposure,month,cumulative,Synthetic,Portfolio,Auto,2022-06,25,11344.515500259435
Earned Premium,month,cumulative,Synthetic,Portfolio,Auto,2022-06,25,876161.6301494113
Claims Reported,month,cumulative,Synthetic,Portfolio,Auto,2022-06,26,61.974549269308156
Loss Incurred,month,cumulative,Synthetic,Portfolio,Auto,2022-06,26,349560.5636086769
Exposure,month,cumulative,Synthetic,Portfolio,Auto,2022-06,26,11330.07478312996
Earned Premium,month,cumulative,Synthetic,Portfolio,Auto,2022-06,26,874841.216443737
Claims Reported,month,cumulative,Synthetic,Portfolio,Auto,2022-06,27,61.982062998807194
Loss Incurred,month,cumulative,Synthetic,Portfolio,Auto,2022-06,27,347658.704024053
Exposure,month,cumulative,Synthetic,Portfolio,Auto,2022-06,27,11316.924217324002
Earned Premium,month,cumulative,Synthetic,Portfolio,Auto,2022-06,27,873598.8429983319
Claims Reported,month,cumulative,Synthetic,Portfolio,Auto,2022-06,28,61.98735892889608
Loss Incurred,month,cumulative,Synthetic,Portfolio,Auto,2022-06,28,345758.62359733024
Exposure,month,cumulative,Synthetic,Portfolio,Auto,2022-06,28,11304.94853914498
Earned Premium,month,cumulative,Synthetic,Portfolio,Auto,2022-06,28,872429.8974086163
Claims Reported,month,cumulative,Synthetic,Portfolio,Auto,2022-06,29,61.99109145136248
Loss Incurred,month,cumulative,Synthetic,Portfolio,Auto,2022-06,29,343860.4146999796
Exposure,month,cumulative,Synthetic,Portfolio,Auto,2022-06,29,11294.042782695895
Earned Premium,month,cumulative,Synthetic,Portfolio,Auto,2022-06,29,871330.0398764312
Claims Reported,month,cumulative,Synthetic,Portfolio,Auto,2022-06,30,61.99372198548807
Loss Incurred,month,cumulative,Synthetic,Portfolio,Auto,2022-06,30,341964.1693346382
Exposure,month,cumulative,Synthetic,Portfolio,Auto,2022-06,30,11284.111359861306
Earned Premium,month,cumulative,Synthetic,Portfolio,Auto,2022-06,30,870295.1870982121
Claims Reported,month,cumulative,Synthetic,Portfolio,Auto,2022-06,31,61.99557582565125
Loss Incurred,month,cumulative,Synthetic,Portfolio,Auto,2022-06,31,340069.97911756724
Exposure,month,cumulative,Synthetic,Portfolio,Auto,2022-06,31,11275.067222484882
Earned Premium,month,cumulative,Synthetic,Portfolio,Auto,2022-06,31,869321.4971054179
Claims Reported,month,cumulative,Synthetic,Portfolio,Auto,2022-06,32,61.99688227133044
Loss Incurred,month,cumulative,Synthetic,Portfolio,Auto,2022-06,32,338177.93526126916
Exposure,month,cumulative,Synthetic,Portfolio,Auto,2022-06,32,11266.831099398998
Earned Premium,month,cumulative,Synthetic,Portfolio,Auto,2022-06,32,868405.3550009351
Claims Reported,month,cumulative,Synthetic,Portfolio,Auto,2022-06,33,61.99780294111318
Loss Incurred,month,cumulative,Synthetic,Portfolio,Auto,2022-06,33,336288.1285572738
Exposure,month,cumulative,Synthetic,Portfolio,Auto,2022-06,33,11259.33080161906
Earned Premium,month,cumulative,Synthetic,Portfolio,Auto,2022-06,33,867543.3595385011
Claims Reported,month,cumulative,Synthetic,Portfolio,Auto,2022-06,34,61.99845174256784
Loss Incurred,month,cumulative,Synthetic,Portfolio,Auto,2022-06,34,334400.64935909794
Exposure,month,cumulative,Synthetic,Portfolio,Auto,2022-06,34,11252.500589612619
Earned Premium,month,cumulative,Synthetic,Portfolio,Auto,2022-06,34,866732.3104953218
Claims Reported,month,cumulative,Synthetic,Portfolio,Auto,2022-06,35,61.998908953381815
Loss Incurred,month,cumulative,Synthetic,Portfolio,Auto,2022-06,35,332515.58756538545
Exposure,month,cumulative,Synthetic,Portfolio,Auto,2022-06,35,11246.280597097424
Earned Premium,month,cumulative,Synthetic,Portfolio,Auto,2022-06,35,865969.1967910054
Claims Reported,month,cumulative,Synthetic,Portfolio,Auto,2022-06,36,61.99923114844729
Loss Incurred,month,cumulative,Synthetic,Portfolio,Auto,2022-06,36,330633.032603236
Exposure,month,cumulative,Synthetic,Portfolio,Auto,2022-06,36,11240.61630631808
Earned Premium,month,cumulative,Synthetic,Portfolio,Auto,2022-06,36,865251.1853087001
Claims Reported,month,cumulative,Synthetic,Portfolio,Auto,2022-06,37,61.99945819748392
Loss Incurred,month,cumulative,Synthetic,Portfolio,Auto,2022-06,37,328753.0734117255
Exposure,month,cumulative,Synthetic,Portfolio,Auto,2022-06,37,11235.458070202101
Earned Premium,month,cumulative,Synthetic,Portfolio,Auto,2022-06,37,864575.6103769352
Claims Reported,month,cumulative,Synthetic,Portfolio,Auto,2022-06,38,61.99961819723463
Loss Incurred,month,cumulative,Synthetic,Portfolio,Auto,2022-06,38,326875.7984256285
Exposure,month,cumulative,Synthetic,Portfolio,Auto,2022-06,38,11230.760677207165
Earned Premium,month,cumulative,Synthetic,Portfolio,Auto,2022-06,38,863939.9638731165
Claims Reported,month,cumulative,Synthetic,Portfolio,Auto,2022-06,39,61.99973094764933
Loss Incurred,month,cumulative,Synthetic,Portfolio,Auto,2022-06,39,325001.29555934545
Exposure,month,cumulative,Synthetic,Portfolio,Auto,2022-06,39,11226.482955045412
Earned Premium,month,cumulative,Synthetic,Portfolio,Auto,2022-06,39,863341.8859119327
Claims Reported,month,cumulative,Synthetic,Portfolio,Auto,2022-06,40,61.99981040177
Loss Incurred,month,cumulative,Synthetic,Portfolio,Auto,2022-06,40,323129.65219104156
Exposure,month,cumulative,Synthetic,Portfolio,Auto,2022-06,40,11222.587409811516
Earned Premium,month,cumulative,Synthetic,Portfolio,Auto,2022-06,40,862779.1560841037
Claims Reported,month,cumulative,Synthetic,Portfolio,Auto,2022-06,41,61.99986639226483
Loss Incurred,month,cumulative,Synthetic,Portfolio,Auto,2022-06,41,321260.9551470043
Exposure,month,cumulative,Synthetic,Portfolio,Auto,2022-06,41,11219.0398973515
Earned Premium,month,cumulative,Synthetic,Portfolio,Auto,2022-06,41,862249.6852129459
Claims Reported,month,cumulative,Synthetic,Portfolio,Auto,2022-06,42,61.99990584816041
Loss Incurred,month,cumulative,Synthetic,Portfolio,Auto,2022-06,42,319395.2906862242
Exposure,month,cumulative,Synthetic,Portfolio,Auto,2022-06,42,11215.809323991834
Earned Premium,month,cumulative,Synthetic,Portfolio,Auto,2022-06,42,861751.507598146
Claims Reported,month,cumulative,Synthetic,Portfolio,Auto,2022-07,0,8.200245550843317
Loss Incurred,month,cumulative,Synthetic,Portfolio,Auto,2022-07,0,240986.0267792306
Exposure,month,cumulative,Synthetic,Portfolio,Auto,2022-07,0,11512.090099369687
Earned Premium,month,cumulative,Synthetic,Portfolio,Auto,2022-07,0,831676.2473904961
Claims Reported,month,cumulative,Synthetic,Portfolio,Auto,2022-07,1,10.716069595684905
Loss Incurred,month,cumulative,Synthetic,Portfolio,Auto,2022-07,1,239829.4973326415
Exposure,month,cumulative,Synthetic,Portfolio,Auto,2022-07,1,11389.305671494509
Earned Premium,month,cumulative,Synthetic,Portfolio,Auto,2022-07,1,826553.3742575457
Claims Reported,month,cumulative,Synthetic,Portfolio,Auto,2022-07,2,13.671897384194443
Loss Incurred,month,cumulative,Synthetic,Portfolio,Auto,2022-07,2,238672.5588484319
Exposure,month,cumulative,Synthetic,Portfolio,Auto,2022-07,2,11276.561365461255
Earned Premium,month,cumulative,Synthetic,Portfolio,Auto,2022-07,2,821725.0176579708
Claims Reported,month,cumulative,Synthetic,Portfolio,Auto,2022-07,3,16.970548767079617
Loss Incurred,month,cumulative,Synthetic,Portfolio,Auto,2022-07,3,237515.26898477259
Exposure,month,cumulative,Synthetic,Portfolio,Auto,2022-07,3,11173.036197303592
Earned Premium,month,cumulative,Synthetic,Portfolio,Auto,2022-07,3,817174.2456892666
Claims Reported,month,cumulative,Synthetic,Portfolio,Auto,2022-07,4,20.446980868542838
Loss Incurred,month,cumulative,Synthetic,Portfolio,Auto,2022-07,4,236357.68547000954
Exposure,month,cumulative,Synthetic,Portfolio,Auto,2022-07,4,11077.976315176053
Earned Premium,month,cumulative,Synthetic,Portfolio,Auto,2022-07,4,812885.0998724544
Claims Reported,month,cumulative,Synthetic,Portfolio,Auto,2022-07,5,23.896597801070065
Loss Incurred,month,cumulative,Synthetic,Portfolio,Auto,2022-07,5,235199.86609115876
Exposure,month,cumulative,Synthetic,Portfolio,Auto,2022-07,5,10990.689509939091
Earned Premium,month,cumulative,Synthetic,Portfolio,Auto,2022-07,5,808842.5391894776
Claims Reported,month,cumulative,Synthetic,Portfolio,Auto,2022-07,6,27.120958725748906
Loss Incurred,month,cumulative,Synthetic,Portfolio,Auto,2022-07,6,234041.86868237724
Exposure,month,cumulative,Synthetic,Portfolio,Auto,2022-07,6,10910.540174615351
Earned Premium,month,cumulative,Synthetic,Portfolio,Auto,2022-07,6,805032.3873379144
Claims Reported,month,cumulative,Synthetic,Portfolio,Auto,2022-07,7,29.970670709297504
Loss Incurred,month,cumulative,Synthetic,Portfolio,Auto,2022-07,7,232883.75111341354
Exposure,month,cumulative,Synthetic,Portfolio,Auto,2022-07,7,10836.944676012808
Earned Premium,month,cumulative,Synthetic,Portfolio,Auto,2022-07,7,801441.2830180458
Claims Reported,month,cumulative,Synthetic,Portfolio,Auto,2022-07,8,32.36729089706355
Loss Incurred,month,cumulative,Synthetic,Portfolio,Auto,2022-07,8,231725.57127804295
Exposure,month,cumulative,Synthetic,Portfolio,Auto,2022-07,8,10769.36710481176
Earned Premium,month,cumulative,Synthetic,Portfolio,Auto,2022-07,8,798056.6330779421
Claims Reported,month,cumulative,Synthetic,Portfolio,Auto,2022-07,9,34.30012879922801
Loss Incurred,month,cumulative,Synthetic,Portfolio,Auto,2022-07,9,230567.38708249276
Exposure,month,cumulative,Synthetic,Portfolio,Auto,2022-07,9,10707.315373168552
Earned Premium,month,cumulative,Synthetic,Portfolio,Auto,2022-07,9,794866.5683522637
Claims Reported,month,cumulative,Synthetic,Portfolio,Auto,2022-07,10,35.8069196532596
Loss Incurred,month,cumulative,Synthetic,Portfolio,Auto,2022-07,10,229409.25643386247
Exposure,month,cumulative,Synthetic,Portfolio,Auto,2022-07,10,10650.337631419516
Earned Premium,month,cumulative,Synthetic,Portfolio,Auto,2022-07,10,791859.9020399106
Claims Reported,month,cumulative,Synthetic,Portfolio,Auto,2022-07,11,36.950792941496175
Loss Incurred,month,cumulative,Synthetic,Portfolio,Auto,2022-07,11,228251.23722854292
Exposure,month,cumulative,Synthetic,Portfolio,Auto,2022-07,11,10598.018977792137
Earned Premium,month,cumulative,Synthetic,Portfolio,Auto,2022-07,11,789026.0904745618
Claims Reported,month,cumulative,Synthetic,Portfolio,Auto,2022-07,12,37.80177435257073
Loss Incurred,month,cumulative,Synthetic,Portfolio,Auto,2022-07,12,227093.38734064062
Exposure,month,cumulative,Synthetic,Portfolio,Auto,2022-07,12,10549.978437164222
Earned Premium,month,cumulative,Synthetic,Portfolio,Auto,2022-07,12,786355.1961505355
Claims Reported,month,cumulative,Synthetic,Portfolio,Auto,2022-07,13,38.42538200510196
Loss Incurred,month,cumulative,Synthetic,Portfolio,Auto,2022-07,13,225935.7646104113
Exposure,month,cumulative,Synthetic,Portfolio,Auto,2022-07,13,10505.86618687086
Earned Premium,month,cumulative,Synthetic,Portfolio,Auto,2022-07,13,783837.852874312
Claims Reported,month,cumulative,Synthetic,Portfolio,Auto,2022-07,14,38.8773343683964
Loss Incurred,month,cumulative,Synthetic,Portfolio,Auto,2022-07,14,224778.42683270798
Exposure,month,cumulative,Synthetic,Portfolio,Auto,2022-07,14,10465.361009358074
Earned Premium,month,cumulative,Synthetic,Portfolio,Auto,2022-07,14,781465.2329195114
Claims Reported,month,cumulative,Synthetic,Portfolio,Auto,2022-07,15,39.20225889266289
Loss Incurred,month,cumulative,Synthetic,Portfolio,Auto,2022-07,15,223621.43174544792
Exposure,month,cumulative,Synthetic,Portfolio,Auto,2022-07,15,10428.167953133749
Earned Premium,month,cumulative,Synthetic,Portfolio,Auto,2022-07,15,779229.0160701501
Claims Reported,month,cumulative,Synthetic,Portfolio,Auto,2022-07,16,39.43451086005008
Loss Incurred,month,cumulative,Synthetic,Portfolio,Auto,2022-07,16,222464.83701810418
Exposure,month,cumulative,Synthetic,Portfolio,Auto,2022-07,16,10394.016184983393
Earned Premium,month,cumulative,Synthetic,Portfolio,Auto,2022-07,16,777121.3604436137
Claims Reported,month,cumulative,Synthetic,Portfolio,Auto,2022-07,17,39.59983589631524
Loss Incurred,month,cumulative,Synthetic,Portfolio,Auto,2022-07,17,221308.7002402261
Exposure,month,cumulative,Synthetic,Portfolio,Auto,2022-07,17,10362.657017810867
Earned Premium,month,cumulative,Synthetic,Portfolio,Auto,2022-07,17,775134.8749910339
Claims Reported,month,cumulative,Synthetic,Portfolio,Auto,2022-07,18,39.71717355937905
Loss Incurred,month,cumulative,Synthetic,Portfolio,Auto,2022-07,18,220153.0789099934
Exposure,month,cumulative,Synthetic,Portfolio,Auto,2022-07,18,10333.862099743232
Earned Premium,month,cumulative,Synthetic,Portfolio,Auto,2022-07,18,773262.5935786307
Claims Reported,month,cumulative,Synthetic,Portfolio,Auto,2022-07,19,39.800278547375555
Loss Incurred,month,cumulative,Synthetic,Portfolio,Auto,2022-07,19,218998.03042280942
Exposure,month,cumulative,Synthetic,Portfolio,Auto,2022-07,19,10307.421751313052
Earned Premium,month,cumulative,Synthetic,Portfolio,Auto,2022-07,19,771497.9505591319
Claims Reported,month,cumulative,Synthetic,Portfolio,Auto,2022-07,20,39.85905084110355
Loss Incurred,month,cumulative,Synthetic,Portfolio,Auto,2022-07,20,217843.61205993753
Exposure,month,cumulative,Synthetic,Portfolio,Auto,2022-07,20,10283.143438609843
Earned Premium,month,cumulative,Synthetic,Portfolio,Auto,2022-07,20,769834.7577476044
Claims Reported,month,cumulative,Synthetic,Portfolio,Auto,2022-07,21,39.90057134109344
Loss Incurred,month,cumulative,Synthetic,Portfolio,Auto,2022-07,21,216689.88097718585
Exposure,month,cumulative,Synthetic,Portfolio,Auto,2022-07,21,10260.850371282411
Earned Premium,month,cumulative,Synthetic,Portfolio,Auto,2022-07,21,768267.1827209552
Claims Reported,month,cumulative,Synthetic,Portfolio,Auto,2022-07,22,39.92988233760279
Loss Incurred,month,cumulative,Synthetic,Portfolio,Auto,2022-07,22,215536.89419364504
Exposure,month,cumulative,Synthetic,Portfolio,Auto,2022-07,22,10240.380215182982
Earned Premium,month,cumulative,Synthetic,Portfolio,Auto,2022-07,22,766789.7283650065
Claims Reported,month,cumulative,Synthetic,Portfolio,Auto,2022-07,23,39.95056332681804
Loss Incurred,month,cumulative,Synthetic,Portfolio,Auto,2022-07,23,214384.708580484
Exposure,month,cumulative,Synthetic,Portfolio,Auto,2022-07,23,10221.58391027884
Earned Premium,month,cumulative,Synthetic,Portfolio,Auto,2022-07,23,765397.213597418
Claims Reported,month,cumulative,Synthetic,Portfolio,Auto,2022-07,24,39.965149845570544
Loss Incurred,month,cumulative,Synthetic,Portfolio,Auto,2022-07,24,213233.38084980712
Exposure,month,cumulative,Synthetic,Portfolio,Auto,2022-07,24,10204.3245852237
Earned Premium,month,cumulative,Synthetic,Portfolio,Auto,2022-07,24,764084.7551988595
Claims Reported,month,cumulative,Synthetic,Portfolio,Auto,2022-07,25,39.97543519092864
Loss Incurred,month,cumulative,Synthetic,Portfolio,Auto,2022-07,25,212082.96754357943
Exposure,month,cumulative,Synthetic,Portfolio,Auto,2022-07,25,10188.476560684936
Earned Premium,month,cumulative,Synthetic,Portfolio,Auto,2022-07,25,762847.7506887169
Claims Reported,month,cumulative,Synthetic,Portfolio,Auto,2022-07,26,39.98268633166595
Loss Incurred,month,cumulative,Synthetic,Portfolio,Auto,2022-07,26,210933.52502262255
Exposure,month,cumulative,Synthetic,Portfolio,Auto,2022-07,26,10173.924434169043
Earned Premium,month,cumulative,Synthetic,Portfolio,Auto,2022-07,26,761681.8621852843
Claims Reported,month,cumulative,Synthetic,Portfolio,Auto,2022-07,27,39.98779770439782
Loss Incurred,month,cumulative,Synthetic,Portfolio,Auto,2022-07,27,209785.10945568702
Exposure,month,cumulative,Synthetic,Portfolio,Auto,2022-07,27,10160.562239681236
Earned Premium,month,cumulative,Synthetic,Portfolio,Auto,2022-07,27,760583.0011938397
Claims Reported,month,cumulative,Synthetic,Portfolio,Auto,2022-07,28,39.991400412910224
Loss Incurred,month,cumulative,Synthetic,Portfolio,Auto,2022-07,28,208637.7768086048
Exposure,month,cumulative,Synthetic,Portfolio,Auto,2022-07,28,10148.292676099925
Earned Premium,month,cumulative,Synthetic,Portfolio,Auto,2022-07,28,759547.3142692642
Claims Reported,month,cumulative,Synthetic,Portfolio,Auto,2022-07,29,39.9939395886318
Loss Incurred,month,cumulative,Synthetic,Portfolio,Auto,2022-07,29,207491.58283352686
Exposure,month,cumulative,Synthetic,Portfolio,Auto,2022-07,29,10137.026398647282
Earned Premium,month,cumulative,Synthetic,Portfolio,Auto,2022-07,29,758571.1695029214
Claims Reported,month,cumulative,Synthetic,Portfolio,Auto,2022-07,30,39.99572910919846
Loss Incurred,month,cumulative,Synthetic,Portfolio,Auto,2022-07,30,206346.58305824958
Exposure,month,cumulative,Synthetic,Portfolio,Auto,2022-07,30,10126.681368296466
Earned Premium,month,cumulative,Synthetic,Portfolio,Auto,2022-07,30,757651.1437864155
Claims Reported,month,cumulative,Synthetic,Portfolio,Auto,2022-07,31,39.99699025921916
Loss Incurred,month,cumulative,Synthetic,Portfolio,Auto,2022-07,31,205202.83277563492
Exposure,month,cumulative,Synthetic,Portfolio,Auto,2022-07,31,10117.182254378033
Earned Premium,month,cumulative,Synthetic,Portfolio,Auto,2022-07,31,756784.0108075608
Claims Reported,month,cumulative,Synthetic,Portfolio,Auto,2022-07,32,39.997879024389874
Loss Incurred,month,cumulative,Synthetic,Portfolio,Auto,2022-07,32,204060.38703312812
Exposure,month,cumulative,Synthetic,Portfolio,Auto,2022-07,32,10108.45988603542
Earned Premium,month,cumulative,Synthetic,Portfolio,Auto,2022-07,32,755966.7297364695
Claims Reported,month,cumulative,Synthetic,Portfolio,Auto,2022-07,33,39.99850535034463
Loss Incurred,month,cumulative,Synthetic,Portfolio,Auto,2022-07,33,202919.30062237708
Exposure,month,cumulative,Synthetic,Portfolio,Auto,2022-07,33,10100.450748535068
Earned Premium,month,cumulative,Synthetic,Portfolio,Auto,2022-07,33,755196.434562082
Claims Reported,month,cumulative,Synthetic,Portfolio,Auto,2022-07,34,39.99894672656701
Loss Incurred,month,cumulative,Synthetic,Portfolio,Auto,2022-07,34,201779.62806895754
Exposure,month,cumulative,Synthetic,Portfolio,Auto,2022-07,34,10093.096520763447
Earned Premium,month,cumulative,Synthetic,Portfolio,Auto,2022-07,34,754470.4240417448
Claims Reported,month,cumulative,Synthetic,Portfolio,Auto,2022-07,35,39.999257764984854
Loss Incurred,month,cumulative,Synthetic,Portfolio,Auto,2022-07,35,200641.42362220833
Exposure,month,cumulative,Synthetic,Portfolio,Auto,2022-07,35,10086.34365054309
Earned Premium,month,cumulative,Synthetic,Portfolio,Auto,2022-07,35,753786.1522285929
Claims Reported,month,cumulative,Synthetic,Portfolio,Auto,2022-07,36,39.99947695295889
Loss Incurred,month,cumulative,Synthetic,Portfolio,Auto,2022-07,36,199504.74124517993
Exposure,month,cumulative,Synthetic,Portfolio,Auto,2022-07,36,10080.142964675166
Earned Premium,month,cumulative,Synthetic,Portfolio,Auto,2022-07,36,753141.2195435175
Claims Reported,month,cumulative,Synthetic,Portfolio,Auto,2022-07,37,39.99963141355644
Loss Incurred,month,cumulative,Synthetic,Portfolio,Auto,2022-07,37,198369.63460470093
Exposure,month,cumulative,Synthetic,Portfolio,Auto,2022-07,37,10074.449310869
Earned Premium,month,cumulative,Synthetic,Portfolio,Auto,2022-07,37,752533.36436041
Claims Reported,month,cumulative,Synthetic,Portfolio,Auto,2022-07,38,39.999740260816395
Loss Incurred,month,cumulative,Synthetic,Portfolio,Auto,2022-07,38,197236.1570615656
Exposure,month,cumulative,Synthetic,Portfolio,Auto,2022-07,38,10069.221228951135
Earned Premium,month,cumulative,Synthetic,Portfolio,Auto,2022-07,38,751960.4550751761
Claims Reported,month,cumulative,Synthetic,Portfolio,Auto,2022-07,39,39.99981696453989
Loss Incurred,month,cumulative,Synthetic,Portfolio,Auto,2022-07,39,196104.3616608464
Exposure,month,cumulative,Synthetic,Portfolio,Auto,2022-07,39,10064.420648959722
Earned Premium,month,cumulative,Synthetic,Portfolio,Auto,2022-07,39,751420.4826307045
Claims Reported,month,cumulative,Synthetic,Portfolio,Auto,2022-07,40,39.99987101691697
Loss Incurred,month,cumulative,Synthetic,Portfolio,Auto,2022-07,40,194974.30112233516
Exposure,month,cumulative,Synthetic,Portfolio,Auto,2022-07,40,10060.01261392584
Earned Premium,month,cumulative,Synthetic,Portfolio,Auto,2022-07,40,750911.5534715803
Claims Reported,month,cumulative,Synthetic,Portfolio,Auto,2022-07,41,39.999909107071055
Loss Incurred,month,cumulative,Synthetic,Portfolio,Auto,2022-07,41,193846.0278311161
Exposure,month,cumulative,Synthetic,Portfolio,Auto,2022-07,41,10055.965025323067
Earned Premium,month,cumulative,Synthetic,Portfolio,Auto,2022-07,41,750431.8829038341
Claims Reported,month,cumulative,Synthetic,Portfolio,Auto,2022-08,0,11.372001286568118
Loss Incurred,month,cumulative,Synthetic,Portfolio,Auto,2022-08,0,323011.0556360247
Exposure,month,cumulative,Synthetic,Portfolio,Auto,2022-08,0,11722.147878905886
Earned Premium,month,cumulative,Synthetic,Portfolio,Auto,2022-08,0,869651.6620203461
Claims Reported,month,cumulative,Synthetic,Portfolio,Auto,2022-08,1,14.806290767593794
Loss Incurred,month,cumulative,Synthetic,Portfolio,Auto,2022-08,1,321469.1336231496
Exposure,month,cumulative,Synthetic,Portfolio,Auto,2022-08,1,11620.553426091998
Earned Premium,month,cumulative,Synthetic,Portfolio,Auto,2022-08,1,865220.9103295841
Claims Reported,month,cumulative,Synthetic,Portfolio,Auto,2022-08,2,18.809100625712606
Loss Incurred,month,cumulative,Synthetic,Portfolio,Auto,2022-08,2,319926.58700039046
Exposure,month,cumulative,Synthetic,Portfolio,Auto,2022-08,2,11525.709526670176
Earned Premium,month,cumulative,Synthetic,Portfolio,Auto,2022-08,2,861000.8497769224
Claims Reported,month,cumulative,Synthetic,Portfolio,Auto,2022-08,3,23.235714611980875
Loss Incurred,month,cumulative,Synthetic,Portfolio,Auto,2022-08,3,318383.4925591356
Exposure,month,cumulative,Synthetic,Portfolio,Auto,2022-08,3,11437.167632812887
Earned Premium,month,cumulative,Synthetic,Portfolio,Auto,2022-08,3,856981.4615757592
Claims Reported,month,cumulative,Synthetic,Portfolio,Auto,2022-08,4,27.855368790231203
Loss Incurred,month,cumulative,Synthetic,Portfolio,Auto,2022-08,4,316839.92720012367
Exposure,month,cumulative,Synthetic,Portfolio,Auto,2022-08,4,11354.509000938544
Earned Premium,month,cumulative,Synthetic,Portfolio,Auto,2022-08,4,853153.20335291
Claims Reported,month,cumulative,Synthetic,Portfolio,Auto,2022-08,5,32.39387903070927
Loss Incurred,month,cumulative,Synthetic,Portfolio,Auto,2022-08,5,315295.9679181404
Exposure,month,cumulative,Synthetic,Portfolio,Auto,2022-08,5,11277.342711336125
Earned Premium,month,cumulative,Synthetic,Portfolio,Auto,2022-08,5,849506.986494192
Claims Reported,month,cumulative,Synthetic,Portfolio,Auto,2022-08,6,36.59563281397959
Loss Incurred,month,cumulative,Synthetic,Portfolio,Auto,2022-08,6,313751.6917866749
Exposure,month,cumulative,Synthetic,Portfolio,Auto,2022-08,6,11205.303819377978
Earned Premium,month,cumulative,Synthetic,Portfolio,Auto,2022-08,6,846034.1545672737
Claims Reported,month,cumulative,Synthetic,Portfolio,Auto,2022-08,7,40.27711711526451
Loss Incurred,month,cumulative,Synthetic,Portfolio,Auto,2022-08,7,312207.1759425426
Exposure,month,cumulative,Synthetic,Portfolio,Auto,2022-08,7,11138.051629577272
Earned Premium,month,cumulative,Synthetic,Portfolio,Auto,2022-08,7,842726.462770559
Claims Reported,month,cumulative,Synthetic,Portfolio,Auto,2022-08,8,43.35025677290858
Loss Incurred,month,cumulative,Synthetic,Portfolio,Auto,2022-08,8,310662.4975704817
Exposure,month,cumulative,Synthetic,Portfolio,Auto,2022-08,8,11075.268084327612
Earned Premium,month,cumulative,Synthetic,Portfolio,Auto,2022-08,8,839576.0583593206
Claims Reported,month,cumulative,Synthetic,Portfolio,Auto,2022-08,9,45.813542108602405
Loss Incurred,month,cumulative,Synthetic,Portfolio,Auto,2022-08,9,309117.7338877286
Exposure,month,cumulative,Synthetic,Portfolio,Auto,2022-08,9,11016.656259704545
Earned Premium,month,cumulative,Synthetic,Portfolio,Auto,2022-08,9,836575.462002608
Claims Reported,month,cumulative,Synthetic,Portfolio,Auto,2022-08,10,47.72454697539395
Loss Incurred,month,cumulative,Synthetic,Portfolio,Auto,2022-08,10,307572.9621285805
Exposure,month,cumulative,Synthetic,Portfolio,Auto,2022-08,10,10961.938961215194
Earned Premium,month,cumulative,Synthetic,Portfolio,Auto,2022-08,10,833717.5500266728
Claims Reported,month,cumulative,Synthetic,Portfolio,Auto,2022-08,11,49.16986654507817
Loss Incurred,month,cumulative,Synthetic,Portfolio,Auto,2022-08,11,306028.2595289494
Exposure,month,cumulative,Synthetic,Portfolio,Auto,2022-08,11,10910.857412854823
Earned Premium,month,cumulative,Synthetic,Portfolio,Auto,2022-08,11,830995.537502755
Claims Reported,month,cumulative,Synthetic,Portfolio,Auto,2022-08,12,50.24209351620132
Loss Incurred,month,cumulative,Synthetic,Portfolio,Auto,2022-08,12,304483.7033109167
Exposure,month,cumulative,Synthetic,Portfolio,Auto,2022-08,12,10863.170033270457
Earned Premium,month,cumulative,Synthetic,Portfolio,Auto,2022-08,12,828402.9621390786
Claims Reported,month,cumulative,Synthetic,Portfolio,Auto,2022-08,13,51.026205154551164
Loss Incurred,month,cumulative,Synthetic,Portfolio,Auto,2022-08,13,302939.37066729326
Exposure,month,cumulative,Synthetic,Portfolio,Auto,2022-08,13,10818.651293243624
Earned Premium,month,cumulative,Synthetic,Portfolio,Auto,2022-08,13,825933.6689388154
Claims Reported,month,cumulative,Synthetic,Portfolio,Auto,2022-08,14,51.593623184109795
Loss Incurred,month,cumulative,Synthetic,Portfolio,Auto,2022-08,14,301395.3387461912
Exposure,month,cumulative,Synthetic,Portfolio,Auto,2022-08,14,10777.090649088905
Earned Premium,month,cumulative,Synthetic,Portfolio,Auto,2022-08,14,823581.7955875929
Claims Reported,month,cumulative,Synthetic,Portfolio,Auto,2022-08,15,52.00111552660522
Loss Incurred,month,cumulative,Synthetic,Portfolio,Auto,2022-08,15,299851.68463561573
Exposure,month,cumulative,Synthetic,Portfolio,Auto,2022-08,15,10738.291546923976
Earned Premium,month,cumulative,Synthetic,Portfolio,Auto,2022-08,15,821341.7585358566
Claims Reported,month,cumulative,Synthetic,Portfolio,Auto,2022-08,16,52.29215836932828
Loss Incurred,month,cumulative,Synthetic,Portfolio,Auto,2022-08,16,298308.4853480819
Exposure,month,cumulative,Synthetic,Portfolio,Auto,2022-08,16,10702.070493101983
Earned Premium,month,cumulative,Synthetic,Portfolio,Auto,2022-08,16,819208.2397430425
Claims Reported,month,cumulative,Synthetic,Portfolio,Auto,2022-08,17,52.49921732709321
Loss Incurred,month,cumulative,Synthetic,Portfolio,Auto,2022-08,17,296765.8178052636
Exposure,month,cumulative,Synthetic,Portfolio,Auto,2022-08,17,10668.256186410075
Earned Premium,month,cumulative,Synthetic,Portfolio,Auto,2022-08,17,817176.1740520922
Claims Reported,month,cumulative,Synthetic,Portfolio,Auto,2022-08,18,52.6461169671076
Loss Incurred,month,cumulative,Synthetic,Portfolio,Auto,2022-08,18,295223.75882268086
Exposure,month,cumulative,Synthetic,Portfolio,Auto,2022-08,18,10636.688707929916
Earned Premium,month,cumulative,Synthetic,Portfolio,Auto,2022-08,18,815240.7371643343
Claims Reported,month,cumulative,Synthetic,Portfolio,Auto,2022-08,19,52.750130145952134
Loss Incurred,month,cumulative,Synthetic,Portfolio,Auto,2022-08,19,293682.38509443274
Exposure,month,cumulative,Synthetic,Portfolio,Auto,2022-08,19,10607.21876472881
Earned Premium,month,cumulative,Synthetic,Portfolio,Auto,2022-08,19,813397.3341861842
Claims Reported,month,cumulative,Synthetic,Portfolio,Auto,2022-08,20,52.823674199298836
Loss Incurred,month,cumulative,Synthetic,Portfolio,Auto,2022-08,20,292141.77317798056
Exposure,month,cumulative,Synthetic,Portfolio,Auto,2022-08,20,10579.70698380458
Earned Premium,month,cumulative,Synthetic,Portfolio,Auto,2022-08,20,811641.5887204724
Claims Reported,month,cumulative,Synthetic,Portfolio,Auto,2022-08,21,52.87562311130686
Loss Incurred,month,cumulative,Synthetic,Portfolio,Auto,2022-08,21,290601.9994789902
Exposure,month,cumulative,Synthetic,Portfolio,Auto,2022-08,21,10554.023252945055
Earned Premium,month,cumulative,Synthetic,Portfolio,Auto,2022-08,21,809969.3324765005
Claims Reported,month,cumulative,Synthetic,Portfolio,Auto,2022-08,22,52.912292304852805
Loss Incurred,month,cumulative,Synthetic,Portfolio,Auto,2022-08,22,289063.14023623796
Exposure,month,cumulative,Synthetic,Portfolio,Auto,2022-08,22,10530.046105384836
Earned Premium,month,cumulative,Synthetic,Portfolio,Auto,2022-08,22,808376.5953741617
Claims Reported,month,cumulative,Synthetic,Portfolio,Auto,2022-08,23,52.93816321218339
Loss Incurred,month,cumulative,Synthetic,Portfolio,Auto,2022-08,23,287525.27150658664
Exposure,month,cumulative,Synthetic,Portfolio,Auto,2022-08,23,10507.66214534925
Earned Premium,month,cumulative,Synthetic,Portfolio,Auto,2022-08,23,806859.5961186278
Claims Reported,month,cumulative,Synthetic,Portfolio,Auto,2022-08,24,52.95640933296311
Loss Incurred,month,cumulative,Synthetic,Portfolio,Auto,2022-08,24,285988.469150039
Exposure,month,cumulative,Synthetic,Portfolio,Auto,2022-08,24,10486.76551176861
Earned Premium,month,cumulative,Synthetic,Portfolio,Auto,2022-08,24,805414.7332232315
Claims Reported,month,cumulative,Synthetic,Portfolio,Auto,2022-08,25,52.969274713440846
Loss Incurred,month,cumulative,Synthetic,Portfolio,Auto,2022-08,25,284452.8088148739
Exposure,month,cumulative,Synthetic,Portfolio,Auto,2022-08,25,10467.257377626607
Earned Premium,month,cumulative,Synthetic,Portfolio,Auto,2022-08,25,804038.5764592271
Claims Reported,month,cumulative,Synthetic,Portfolio,Auto,2022-08,26,52.97834454911864
Loss Incurred,month,cumulative,Synthetic,Portfolio,Auto,2022-08,26,282918.3659228715
Exposure,month,cumulative,Synthetic,Portfolio,Auto,2022-08,26,10449.045482575004
Earned Premium,month,cumulative,Synthetic,Portfolio,Auto,2022-08,26,802727.8587121319
Claims Reported,month,cumulative,Synthetic,Portfolio,Auto,2022-08,27,52.984737820113615
Loss Incurred,month,cumulative,Synthetic,Portfolio,Auto,2022-08,27,281385.21565463324
Exposure,month,cumulative,Synthetic,Portfolio,Auto,2022-08,27,10432.043696604274
Earned Premium,month,cumulative,Synthetic,Portfolio,Auto,2022-08,27,801479.4682253161
Claims Reported,month,cumulative,Synthetic,Portfolio,Auto,2022-08,28,52.989244008924786
Loss Incurred,month,cumulative,Synthetic,Portfolio,Auto,2022-08,28,279853.432935004
Exposure,month,cumulative,Synthetic,Portfolio,Auto,2022-08,28,10416.171612706612
Earned Premium,month,cumulative,Synthetic,Portfolio,Auto,2022-08,28,800290.4412124249
Claims Reported,month,cumulative,Synthetic,Portfolio,Auto,2022-08,29,52.992419926910635
Loss Incurred,month,cumulative,Synthetic,Portfolio,Auto,2022-08,29,278323.0924186004
Exposure,month,cumulative,Synthetic,Portfolio,Auto,2022-08,29,10401.354166604879
Earned Premium,month,cumulative,Synthetic,Portfolio,Auto,2022-08,29,799157.9548210945
Claims Reported,month,cumulative,Synthetic,Portfolio,Auto,2022-08,30,52.994658187160155
Loss Incurred,month,cumulative,Synthetic,Portfolio,Auto,2022-08,30,276794.26847545267
Exposure,month,cumulative,Synthetic,Portfolio,Auto,2022-08,30,10387.521281749096
Earned Premium,month,cumulative,Synthetic,Portfolio,Auto,2022-08,30,798079.3204312586
Claims Reported,month,cumulative,Synthetic,Portfolio,Auto,2022-08,31,52.9962355760693
Loss Incurred,month,cumulative,Synthetic,Portfolio,Auto,2022-08,31,275267.0351767649
Exposure,month,cumulative,Synthetic,Portfolio,Auto,2022-08,31,10374.607537901495
Earned Premium,month,cumulative,Synthetic,Portfolio,Auto,2022-08,31,797051.9772721325
Claims Reported,month,cumulative,Synthetic,Portfolio,Auto,2022-08,32,52.99734719964869
Loss Incurred,month,cumulative,Synthetic,Portfolio,Auto,2022-08,32,273741.46628079994
Exposure,month,cumulative,Synthetic,Portfolio,Auto,2022-08,32,10362.551861742832
Earned Premium,month,cumulative,Synthetic,Portfolio,Auto,2022-08,32,796073.4863427234
Claims Reported,month,cumulative,Synthetic,Portfolio,Auto,2022-08,33,52.99813057555569
Loss Incurred,month,cumulative,Synthetic,Portfolio,Auto,2022-08,33,272217.6352188943
Exposure,month,cumulative,Synthetic,Portfolio,Auto,2022-08,33,10351.297238036663
Earned Premium,month,cumulative,Synthetic,Portfolio,Auto,2022-08,33,795141.524621432
Claims Reported,month,cumulative,Synthetic,Portfolio,Auto,2022-08,34,52.998682625137306
Loss Incurred,month,cumulative,Synthetic,Portfolio,Auto,2022-08,34,270695.6150816087
Exposure,month,cumulative,Synthetic,Portfolio,Auto,2022-08,34,10340.790439985652
Earned Premium,month,cumulative,Synthetic,Portfolio,Auto,2022-08,34,794253.8795510001
Claims Reported,month,cumulative,Synthetic,Portfolio,Auto,2022-08,35,52.99907165481022
Loss Incurred,month,cumulative,Synthetic,Portfolio,Auto,2022-08,35,269175.47860501974
Exposure,month,cumulative,Synthetic,Portfolio,Auto,2022-08,35,10330.981777504632
Earned Premium,month,cumulative,Synthetic,Portfolio,Auto,2022-08,35,793408.443785709
Claims Reported,month,cumulative,Synthetic,Portfolio,Auto,2022-08,36,52.99934580281768
Loss Incurred,month,cumulative,Synthetic,Portfolio,Auto,2022-08,36,267657.2981571569
Exposure,month,cumulative,Synthetic,Portfolio,Auto,2022-08,36,10321.82486221993
Earned Premium,month,cumulative,Synthetic,Portfolio,Auto,2022-08,36,792603.2101883595
Claims Reported,month,cumulative,Synthetic,Portfolio,Auto,2022-08,37,52.99953899335685
Loss Incurred,month,cumulative,Synthetic,Portfolio,Auto,2022-08,37,266141.1457245929
Exposure,month,cumulative,Synthetic,Portfolio,Auto,2022-08,37,10313.276388083577
Earned Premium,month,cumulative,Synthetic,Portfolio,Auto,2022-08,37,791836.2670651559
Claims Reported,month,cumulative,Synthetic,Portfolio,Auto,2022-08,38,52.999675133274806
Loss Incurred,month,cumulative,Synthetic,Portfolio,Auto,2022-08,38,264627.09289918886
Exposure,month,cumulative,Synthetic,Portfolio,Auto,2022-08,38,10305.29592656484
Earned Premium,month,cumulative,Synthetic,Portfolio,Auto,2022-08,38,791105.7936271804
Claims Reported,month,cumulative,Synthetic,Portfolio,Auto,2022-08,39,52.999771069873624
Loss Incurred,month,cumulative,Synthetic,Portfolio,Auto,2022-08,39,263115.21086500207
Exposure,month,cumulative,Synthetic,Portfolio,Auto,2022-08,39,10297.845735450475
Earned Premium,month,cumulative,Synthetic,Portfolio,Auto,2022-08,39,790410.0556676837
Claims Reported,month,cumulative,Synthetic,Portfolio,Auto,2022-08,40,52.99983867546078
Loss Incurred,month,cumulative,Synthetic,Portfolio,Auto,2022-08,40,261605.57038536004
Exposure,month,cumulative,Synthetic,Portfolio,Auto,2022-08,40,10290.890580349453
Earned Premium,month,cumulative,Synthetic,Portfolio,Auto,2022-08,40,789747.4014449288
Claims Reported,month,cumulative,Synthetic,Portfolio,Auto,2022-09,0,4.6375854203705895
Loss Incurred,month,cumulative,Synthetic,Portfolio,Auto,2022-09,0,148812.43136031655
Exposure,month,cumulative,Synthetic,Portfolio,Auto,2022-09,0,10797.903112206077
Earned Premium,month,cumulative,Synthetic,Portfolio,Auto,2022-09,0,807282.9786303802
Claims Reported,month,cumulative,Synthetic,Portfolio,Auto,2022-09,1,6.12333661644484
Loss Incurred,month,cumulative,Synthetic,Portfolio,Auto,2022-09,1,148093.89577665276
Exposure,month,cumulative,Synthetic,Portfolio,Auto,2022-09,1,10666.534772689427
Earned Premium,month,cumulative,Synthetic,Portfolio,Auto,2022-09,1,801204.5034352008
Claims Reported,month,cumulative,Synthetic,Portfolio,Auto,2022-09,2,7.9088570452061315
Loss Incurred,month,cumulative,Synthetic,Portfolio,Auto,2022-09,2,147375.1484072892
Exposure,month,cumulative,Synthetic,Portfolio,Auto,2022-09,2,10547.419606475798
Earned Premium,month,cumulative,Synthetic,Portfolio,Auto,2022-09,2,795553.1977815332
Claims Reported,month,cumulative,Synthetic,Portfolio,Auto,2022-09,3,9.954282060076011
Loss Incurred,month,cumulative,Synthetic,Portfolio,Auto,2022-09,3,146656.2251103402
Exposure,month,cumulative,Synthetic,Portfolio,Auto,2022-09,3,10439.41471827896
Earned Premium,month,cumulative,Synthetic,Portfolio,Auto,2022-09,3,790299.0419997504
Claims Reported,month,cumulative,Synthetic,Portfolio,Auto,2022-09,4,12.17276445752743
Loss Incurred,month,cumulative,Synthetic,Portfolio,Auto,2022-09,4,145937.16177907208
Exposure,month,cumulative,Synthetic,Portfolio,Auto,2022-09,4,10341.483814555995
Earned Premium,month,cumulative,Synthetic,Portfolio,Auto,2022-09,4,785414.1260757062
Claims Reported,month,cumulative,Synthetic,Portfolio,Auto,2022-09,5,14.440703187380434
Loss Incurred,month,cumulative,Synthetic,Portfolio,Auto,2022-09,5,145217.99433474065
Exposure,month,cumulative,Synthetic,Portfolio,Auto,2022-09,5,10252.687260398947
Earned Premium,month,cumulative,Synthetic,Portfolio,Auto,2022-09,5,780872.5013930664
Claims Reported,month,cumulative,Synthetic,Portfolio,Auto,2022-09,6,16.623200244920174
Loss Incurred,month,cumulative,Synthetic,Portfolio,Auto,2022-09,6,144498.75871941657
Exposure,month,cumulative,Synthetic,Portfolio,Auto,2022-09,6,10172.173063854098
Earned Premium,month,cumulative,Synthetic,Portfolio,Auto,2022-09,6,776650.0428945608
Claims Reported,month,cumulative,Synthetic,Portfolio,Auto,2022-09,7,18.604653557573165
Loss Incurred,month,cumulative,Synthetic,Portfolio,Auto,2022-09,7,143779.49088880222
Exposure,month,cumulative,Synthetic,Portfolio,Auto,2022-09,7,10099.168701164555
Earned Premium,month,cumulative,Synthetic,Portfolio,Auto,2022-09,7,772724.3209299629
Claims Reported,month,cumulative,Synthetic,Portfolio,Auto,2022-09,8,20.310700774985428
Loss Incurred,month,cumulative,Synthetic,Portfolio,Auto,2022-09,8,143060.2268050424
Exposure,month,cumulative,Synthetic,Portfolio,Auto,2022-09,8,10032.973704500366
Earned Premium,month,cumulative,Synthetic,Portfolio,Auto,2022-09,8,769074.4821100472
Claims Reported,month,cumulative,Synthetic,Portfolio,Auto,2022-09,9,21.713847801197794
Loss Incurred,month,cumulative,Synthetic,Portfolio,Auto,2022-09,9,142341.0024295326
Exposure,month,cumulative,Synthetic,Portfolio,Auto,2022-09,9,9972.952941056325
Earned Premium,month,cumulative,Synthetic,Portfolio,Auto,2022-09,9,765681.1385336315
Claims Reported,month,cumulative,Synthetic,Portfolio,Auto,2022-09,10,22.82503345643274
Loss Incurred,month,cumulative,Synthetic,Portfolio,Auto,2022-09,10,141621.8537157275
Exposure,month,cumulative,Synthetic,Portfolio,Auto,2022-09,10,9918.53051903127
Earned Premium,month,cumulative,Synthetic,Portfolio,Auto,2022-09,10,762526.2647992708
Claims Reported,month,cumulative,Synthetic,Portfolio,Auto,2022-09,11,23.67893731500961
Loss Incurred,month,cumulative,Synthetic,Portfolio,Auto,2022-09,11,140902.81660195274
Exposure,month,cumulative,Synthetic,Portfolio,Auto,2022-09,11,9869.184262017487
Earned Premium,month,cumulative,Synthetic,Portfolio,Auto,2022-09,11,759593.1022545359
Claims Reported,month,cumulative,Synthetic,Portfolio,Auto,2022-09,12,24.320087266183673
Loss Incurred,month,cumulative,Synthetic,Portfolio,Auto,2022-09,12,140183.92700422325
Exposure,month,cumulative,Synthetic,Portfolio,Auto,2022-09,12,9824.44069878266
Earned Premium,month,cumulative,Synthetic,Portfolio,Auto,2022-09,12,756866.0699742475
Claims Reported,month,cumulative,Synthetic,Portfolio,Auto,2022-09,13,24.79315811496871
Loss Incurred,month,cumulative,Synthetic,Portfolio,Auto,2022-09,13,139465.22080907095
Exposure,month,cumulative,Synthetic,Portfolio,Auto,2022-09,13,9783.870520371973
Earned Premium,month,cumulative,Synthetic,Portfolio,Auto,2022-09,13,754330.6819947836
Claims Reported,month,cumulative,Synthetic,Portfolio,Auto,2022-09,14,25.137733385034107
Loss Incurred,month,cumulative,Synthetic,Portfolio,Auto,2022-09,14,138746.733866385
Exposure,month,cumulative,Synthetic,Portfolio,Auto,2022-09,14,9747.08446094178
Earned Premium,month,cumulative,Synthetic,Portfolio,Auto,2022-09,14,751973.4703648095
Claims Reported,month,cumulative,Synthetic,Portfolio,Auto,2022-09,15,25.386361158477953
Loss Incurred,month,cumulative,Synthetic,Portfolio,Auto,2022-09,15,138028.50198226783
Exposure,month,cumulative,Synthetic,Portfolio,Auto,2022-09,15,9713.729562801982
Earned Premium,month,cumulative,Synthetic,Portfolio,Auto,2022-09,15,749781.9136036785
Claims Reported,month,cumulative,Synthetic,Portfolio,Auto,2022-09,16,25.564540953548672
Loss Incurred,month,cumulative,Synthetic,Portfolio,Auto,2022-09,16,137310.56091190915
Exposure,month,cumulative,Synthetic,Portfolio,Auto,2022-09,16,9683.485789830665
Earned Premium,month,cumulative,Synthetic,Portfolio,Auto,2022-09,16,747744.3701874717
Claims Reported,month,cumulative,Synthetic,Portfolio,Auto,2022-09,17,25.691611906012078
Loss Incurred,month,cumulative,Synthetic,Portfolio,Auto,2022-09,17,136592.9463524823
Exposure,month,cumulative,Synthetic,Portfolio,Auto,2022-09,17,9656.06295676708
Earned Premium,month,cumulative,Synthetic,Portfolio,Auto,2022-09,17,745850.0167093603
Claims Reported,month,cumulative,Synthetic,Portfolio,Auto,2022-09,18,25.78191870580432
Loss Incurred,month,cumulative,Synthetic,Portfolio,Auto,2022-09,18,135875.6939360646
Exposure,month,cumulative,Synthetic,Portfolio,Auto,2022-09,18,9631.197944919963
Earned Premium,month,cumulative,Synthetic,Portfolio,Auto,2022-09,18,744088.7903857939
Claims Reported,month,cumulative,Synthetic,Portfolio,Auto,2022-09,19,25.845939100520603
Loss Incurred,month,cumulative,Synthetic,Portfolio,Auto,2022-09,19,135158.83922258546
Exposure,month,cumulative,Synthetic,Portfolio,Auto,2022-09,19,9608.652177576243
Earned Premium,month,cumulative,Synthetic,Portfolio,Auto,2022-09,19,742451.335603112
Claims Reported,month,cumulative,Synthetic,Portfolio,Auto,2022-09,20,25.891244814124313
Loss Incurred,month,cumulative,Synthetic,Portfolio,Auto,2022-09,20,134442.417692805
Exposure,month,cumulative,Synthetic,Portfolio,Auto,2022-09,20,9588.209330886986
Earned Premium,month,cumulative,Synthetic,Portfolio,Auto,2022-09,20,740928.9542206341
Claims Reported,month,cumulative,Synthetic,Portfolio,Auto,2022-09,21,25.923266730451793
Loss Incurred,month,cumulative,Synthetic,Portfolio,Auto,2022-09,21,133726.46474132608
Exposure,month,cumulative,Synthetic,Portfolio,Auto,2022-09,21,9569.673258266826
Earned Premium,month,cumulative,Synthetic,Portfolio,Auto,2022-09,21,739513.5593662373
Claims Reported,month,cumulative,Synthetic,Portfolio,Auto,2022-09,22,25.945879810520445
Loss Incurred,month,cumulative,Synthetic,Portfolio,Auto,2022-09,22,133011.01566964266
Exposure,month,cumulative,Synthetic,Portfolio,Auto,2022-09,22,9552.866108391738
Earned Premium,month,cumulative,Synthetic,Portfolio,Auto,2022-09,22,738197.6324789863
Claims Reported,month,cumulative,Synthetic,Portfolio,Auto,2022-09,23,25.961838689102223
Loss Incurred,month,cumulative,Synthetic,Portfolio,Auto,2022-09,23,132296.10567922733
Exposure,month,cumulative,Synthetic,Portfolio,Auto,2022-09,23,9537.626618737571
Earned Premium,month,cumulative,Synthetic,Portfolio,Auto,2022-09,23,736974.1833706256
Claims Reported,month,cumulative,Synthetic,Portfolio,Auto,2022-09,24,25.973096517625542
Loss Incurred,month,cumulative,Synthetic,Portfolio,Auto,2022-09,24,131581.76986466112
Exposure,month,cumulative,Synthetic,Portfolio,Auto,2022-09,24,9523.808568286104
Earned Premium,month,cumulative,Synthetic,Portfolio,Auto,2022-09,24,735836.713093781
Claims Reported,month,cumulative,Synthetic,Portfolio,Auto,2022-09,25,25.981035641387656
Loss Incurred,month,cumulative,Synthetic,Portfolio,Auto,2022-09,25,130868.04320680787
Exposure,month,cumulative,Synthetic,Portfolio,Auto,2022-09,25,9511.279374552432
Earned Premium,month,cumulative,Synthetic,Portfolio,Auto,2022-09,25,734779.1794196273
Claims Reported,month,cumulative,Synthetic,Portfolio,Auto,2022-09,26,25.986633163139565
Loss Incurred,month,cumulative,Synthetic,Portfolio,Auto,2022-09,26,130154.96056603662
Exposure,month,cumulative,Synthetic,Portfolio,Auto,2022-09,26,9499.91882147244
Earned Premium,month,cumulative,Synthetic,Portfolio,Auto,2022-09,26,733795.964741639
Claims Reported,month,cumulative,Synthetic,Portfolio,Auto,2022-09,27,25.99057911896512
Loss Incurred,month,cumulative,Synthetic,Portfolio,Auto,2022-09,27,129442.5566754944
Exposure,month,cumulative,Synthetic,Portfolio,Auto,2022-09,27,9489.617905944539
Earned Premium,month,cumulative,Synthetic,Portfolio,Auto,2022-09,27,732881.84623493
Claims Reported,month,cumulative,Synthetic,Portfolio,Auto,2022-09,28,25.99336050688918
Loss Incurred,month,cumulative,Synthetic,Portfolio,Auto,2022-09,28,128730.86613443182
Exposure,month,cumulative,Synthetic,Portfolio,Auto,2022-09,28,9480.277791958375
Earned Premium,month,cumulative,Synthetic,Portfolio,Auto,2022-09,28,732031.9681126695
Claims Reported,month,cumulative,Synthetic,Portfolio,Auto,2022-09,29,25.9953208754192
Loss Incurred,month,cumulative,Synthetic,Portfolio,Auto,2022-09,29,128019.92340158502
Exposure,month,cumulative,Synthetic,Portfolio,Auto,2022-09,29,9471.808862275548
Earned Premium,month,cumulative,Synthetic,Portfolio,Auto,2022-09,29,731241.8158321981
Claims Reported,month,cumulative,Synthetic,Portfolio,Auto,2022-09,30,25.99670250138808
Loss Incurred,month,cumulative,Synthetic,Portfolio,Auto,2022-09,30,127309.7627886159
Exposure,month,cumulative,Synthetic,Portfolio,Auto,2022-09,30,9464.12985856329
Earned Premium,month,cumulative,Synthetic,Portfolio,Auto,2022-09,30,730507.1921138308
Claims Reported,month,cumulative,Synthetic,Portfolio,Auto,2022-09,31,25.99767620496809
Loss Incurred,month,cumulative,Synthetic,Portfolio,Auto,2022-09,31,126600.4184536132
Exposure,month,cumulative,Synthetic,Portfolio,Auto,2022-09,31,9457.167101730814
Earned Premium,month,cumulative,Synthetic,Portfolio,Auto,2022-09,31,729824.1946449559
Claims Reported,month,cumulative,Synthetic,Portfolio,Auto,2022-09,32,25.998362406095392
Loss Incurred,month,cumulative,Synthetic,Portfolio,Auto,2022-09,32,125891.92439465775
Exposure,month,cumulative,Synthetic,Portfolio,Auto,2022-09,32,9450.85378498755
Earned Premium,month,cumulative,Synthetic,Portfolio,Auto,2022-09,32,729189.1953509955
Claims Reported,month,cumulative,Synthetic,Portfolio,Auto,2022-09,33,25.998845985614913
Loss Incurred,month,cumulative,Synthetic,Portfolio,Auto,2022-09,33,125184.31444345338
Exposure,month,cumulative,Synthetic,Portfolio,Auto,2022-09,33,9445.12933284025
Earned Premium,month,cumulative,Synthetic,Portfolio,Auto,2022-09,33,728598.821123117
Claims Reported,month,cumulative,Synthetic,Portfolio,Auto,2022-09,34,25.99918676914807
Loss Incurred,month,cumulative,Synthetic,Portfolio,Auto,2022-09,34,124477.62225902676
Exposure,month,cumulative,Synthetic,Portfolio,Auto,2022-09,34,9439.938819878631
Earned Premium,month,cumulative,Synthetic,Portfolio,Auto,2022-09,34,728049.9359003172
Claims Reported,month,cumulative,Synthetic,Portfolio,Auto,2022-09,35,25.999426920611036
Loss Incurred,month,cumulative,Synthetic,Portfolio,Auto,2022-09,35,123771.88132149834
Exposure,month,cumulative,Synthetic,Portfolio,Auto,2022-09,35,9435.23244377285
Earned Premium,month,cumulative,Synthetic,Portfolio,Auto,2022-09,35,727539.6240107032
Claims Reported,month,cumulative,Synthetic,Portfolio,Auto,2022-09,36,25.999596155151455
Loss Incurred,month,cumulative,Synthetic,Portfolio,Auto,2022-09,36,123067.12492592636
Exposure,month,cumulative,Synthetic,Portfolio,Auto,2022-09,36,9430.965047426313
Earned Premium,month,cumulative,Synthetic,Portfolio,Auto,2022-09,36,727065.1746834777
Claims Reported,month,cumulative,Synthetic,Portfolio,Auto,2022-09,37,25.999715414039756
Loss Incurred,month,cumulative,Synthetic,Portfolio,Auto,2022-09,37,122363.3861762269
Exposure,month,cumulative,Synthetic,Portfolio,Auto,2022-09,37,9427.095685698918
Earned Premium,month,cumulative,Synthetic,Portfolio,Auto,2022-09,37,726624.0676493561
Claims Reported,month,cumulative,Synthetic,Portfolio,Auto,2022-09,38,25.999799455015086
Loss Incurred,month,cumulative,Synthetic,Portfolio,Auto,2022-09,38,121660.69797917195
Exposure,month,cumulative,Synthetic,Portfolio,Auto,2022-09,38,9423.5872325435
Earned Premium,month,cumulative,Synthetic,Portfolio,Auto,2022-09,38,726213.959752925
Claims Reported,month,cumulative,Synthetic,Portfolio,Auto,2022-09,39,25.99985867801577
Loss Incurred,month,cumulative,Synthetic,Portfolio,Auto,2022-09,39,120959.09303846744
Exposure,month,cumulative,Synthetic,Portfolio,Auto,2022-09,39,9420.406024785998
Earned Premium,month,cumulative,Synthetic,Portfolio,Auto,2022-09,39,725832.6725058283
Claims Reported,month,cumulative,Synthetic,Portfolio,Auto,2022-10,0,11.215588076129933
Loss Incurred,month,cumulative,Synthetic,Portfolio,Auto,2022-10,0,374156.9607485668
Exposure,month,cumulative,Synthetic,Portfolio,Auto,2022-10,0,10939.768842003281
Earned Premium,month,cumulative,Synthetic,Portfolio,Auto,2022-10,0,801793.1996356527
Claims Reported,month,cumulative,Synthetic,Portfolio,Auto,2022-10,1,14.900683746965798
Loss Incurred,month,cumulative,Synthetic,Portfolio,Auto,2022-10,1,372366.07498344994
Exposure,month,cumulative,Synthetic,Portfolio,Auto,2022-10,1,10835.944828945734
Earned Premium,month,cumulative,Synthetic,Portfolio,Auto,2022-10,1,796115.6941296096
Claims Reported,month,cumulative,Synthetic,Portfolio,Auto,2022-10,2,19.39028594525143
Loss Incurred,month,cumulative,Synthetic,Portfolio,Auto,2022-10,2,370574.5100916335
Exposure,month,cumulative,Synthetic,Portfolio,Auto,2022-10,2,10739.67511294846
Earned Premium,month,cumulative,Synthetic,Portfolio,Auto,2022-10,2,790813.4116968821
Claims Reported,month,cumulative,Synthetic,Portfolio,Auto,2022-10,3,24.617076097487004
Loss Incurred,month,cumulative,Synthetic,Portfolio,Auto,2022-10,3,368782.35531222296
Exposure,month,cumulative,Synthetic,Portfolio,Auto,2022-10,3,10650.410038855638
Earned Premium,month,cumulative,Synthetic,Portfolio,Auto,2022-10,3,785861.5540603747
Claims Reported,month,cumulative,Synthetic,Portfolio,Auto,2022-10,4,30.389715284268547
Loss Incurred,month,cumulative,Synthetic,Portfolio,Auto,2022-10,4,366989.7000021038
Exposure,month,cumulative,Synthetic,Portfolio,Auto,2022-10,4,10567.639944748136
Earned Premium,month,cumulative,Synthetic,Portfolio,Auto,2022-10,4,781236.9618468623
Claims Reported,month,cumulative,Synthetic,Portfolio,Auto,2022-10,5,36.405659146444954
Loss Incurred,month,cumulative,Synthetic,Portfolio,Auto,2022-10,5,365196.63361814455
Exposure,month,cumulative,Synthetic,Portfolio,Auto,2022-10,5,10490.892252011772
Earned Premium,month,cumulative,Synthetic,Portfolio,Auto,2022-10,5,776918.006272775
Claims Reported,month,cumulative,Synthetic,Portfolio,Auto,2022-10,6,42.30756228343116
Loss Incurred,month,cumulative,Synthetic,Portfolio,Auto,2022-10,6,363403.24569935957
Exposure,month,cumulative,Synthetic,Portfolio,Auto,2022-10,6,10419.728767133945
Earned Premium,month,cumulative,Synthetic,Portfolio,Auto,2022-10,6,772884.4879884089
Claims Reported,month,cumulative,Synthetic,Portfolio,Auto,2022-10,7,47.764164507203944
Loss Incurred,month,cumulative,Synthetic,Portfolio,Auto,2022-10,7,361609.62584903557
Exposure,month,cumulative,Synthetic,Portfolio,Auto,2022-10,7,10353.743179823163
Earned Premium,month,cumulative,Synthetic,Portfolio,Auto,2022-10,7,769117.5426074637
Claims Reported,month,cumulative,Synthetic,Portfolio,Auto,2022-10,8,52.53929767444368
Loss Incurred,month,cumulative,Synthetic,Portfolio,Auto,2022-10,8,359815.8637168313
Exposure,month,cumulative,Synthetic,Portfolio,Auto,2022-10,8,10292.558743166861
Earned Premium,month,cumulative,Synthetic,Portfolio,Auto,2022-10,8,765599.5524800792
Claims Reported,month,cumulative,Synthetic,Portfolio,Auto,2022-10,9,56.521209907333564
Loss Incurred,month,cumulative,Synthetic,Portfolio,Auto,2022-10,9,358022.04898085794
Exposure,month,cumulative,Synthetic,Portfolio,Auto,2022-10,9,10235.826122582346
Earned Premium,month,cumulative,Synthetic,Portfolio,Auto,2022-10,9,762314.0642967414
Claims Reported,month,cumulative,Synthetic,Portfolio,Auto,2022-10,10,59.7101977309955
Loss Incurred,month,cumulative,Synthetic,Portfolio,Auto,2022-10,10,356228.27132974664
Exposure,month,cumulative,Synthetic,Portfolio,Auto,2022-10,10,10183.221401279336
Earned Premium,month,cumulative,Synthetic,Portfolio,Auto,2022-10,10,759245.7121376984
Claims Reported,month,cumulative,Synthetic,Portfolio,Auto,2022-10,11,62.182529366695
Loss Incurred,month,cumulative,Synthetic,Portfolio,Auto,2022-10,11,354434.6204447118
Exposure,month,cumulative,Synthetic,Portfolio,Auto,2022-10,11,10134.444230846233
Earned Premium,month,cumulative,Synthetic,Portfolio,Auto,2022-10,11,756380.1456079965
Claims Reported,month,cumulative,Synthetic,Portfolio,Auto,2022-10,12,64.05142010208368
Loss Incurred,month,cumulative,Synthetic,Portfolio,Auto,2022-10,12,352641.18598161807
Exposure,month,cumulative,Synthetic,Portfolio,Auto,2022-10,12,10089.216116400852
Earned Premium,month,cumulative,Synthetic,Portfolio,Auto,2022-10,12,753703.9627220302
Claims Reported,month,cumulative,Synthetic,Portfolio,Auto,2022-10,13,65.43733988877463
Loss Incurred,month,cumulative,Synthetic,Portfolio,Auto,2022-10,13,350848.0575530576
Exposure,month,cumulative,Synthetic,Portfolio,Auto,2022-10,13,10047.278826514594
Earned Premium,month,cumulative,Synthetic,Portfolio,Auto,2022-10,13,751204.6472237149
Claims Reported,month,cumulative,Synthetic,Portfolio,Auto,2022-10,14,66.45056262332012
Loss Incurred,month,cumulative,Synthetic,Portfolio,Auto,2022-10,14,349055.32471044536
Exposure,month,cumulative,Synthetic,Portfolio,Auto,2022-10,14,10008.392918831485
Earned Premium,month,cumulative,Synthetic,Portfolio,Auto,2022-10,14,748870.5100491305
Claims Reported,month,cumulative,Synthetic,Portfolio,Auto,2022-10,15,67.18362282144862
Loss Incurred,month,cumulative,Synthetic,Portfolio,Auto,2022-10,15,347263.07692614157
Exposure,month,cumulative,Synthetic,Portfolio,Auto,2022-10,15,9972.336372964066
Earned Premium,month,cumulative,Synthetic,Portfolio,Auto,2022-10,15,746690.6346578692
Claims Reported,month,cumulative,Synthetic,Portfolio,Auto,2022-10,16,67.70999226877163
Loss Incurred,month,cumulative,Synthetic,Portfolio,Auto,2022-10,16,345471.40357560624
Exposure,month,cumulative,Synthetic,Portfolio,Auto,2022-10,16,9938.903322860566
Earned Premium,month,cumulative,Synthetic,Portfolio,Auto,2022-10,16,744654.8259773989
Claims Reported,month,cumulative,Synthetic,Portfolio,Auto,2022-10,17,68.08590009577148
Loss Incurred,month,cumulative,Synthetic,Portfolio,Auto,2022-10,17,343680.3939195963
Exposure,month,cumulative,Synthetic,Portfolio,Auto,2022-10,17,9907.90288140583
Earned Premium,month,cumulative,Synthetic,Portfolio,Auto,2022-10,17,742753.5627216676
Claims Reported,month,cumulative,Synthetic,Portfolio,Auto,2022-10,18,68.35331469629367
Loss Incurred,month,cumulative,Synthetic,Portfolio,Auto,2022-10,18,341890.1370864098
Exposure,month,cumulative,Synthetic,Portfolio,Auto,2022-10,18,9879.158050544942
Earned Premium,month,cumulative,Synthetic,Portfolio,Auto,2022-10,18,740977.9528609419
Claims Reported,month,cumulative,Synthetic,Portfolio,Auto,2022-10,19,68.5430237785574
Loss Incurred,month,cumulative,Synthetic,Portfolio,Auto,2022-10,19,340100.7220541878
Exposure,month,cumulative,Synthetic,Portfolio,Auto,2022-10,19,9852.504710706944
Earned Premium,month,cumulative,Synthetic,Portfolio,Auto,2022-10,19,739319.6920346189
Claims Reported,month,cumulative,Synthetic,Portfolio,Auto,2022-10,20,68.67734324588442
Loss Incurred,month,cumulative,Synthetic,Portfolio,Auto,2022-10,20,338312.2376332788
Exposure,month,cumulative,Synthetic,Portfolio,Auto,2022-10,20,9827.790683758665
Earned Premium,month,cumulative,Synthetic,Portfolio,Auto,2022-10,20,737771.0247125117
Claims Reported,month,cumulative,Synthetic,Portfolio,Auto,2022-10,21,68.77231320808494
Loss Incurred,month,cumulative,Synthetic,Portfolio,Auto,2022-10,21,336524.7724486748
Exposure,month,cumulative,Synthetic,Portfolio,Auto,2022-10,21,9804.874864138581
Earned Premium,month,cumulative,Synthetic,Portfolio,Auto,2022-10,21,736324.7079229625
Claims Reported,month,cumulative,Synthetic,Portfolio,Auto,2022-10,22,68.83939532466756
Loss Incurred,month,cumulative,Synthetic,Portfolio,Auto,2022-10,22,334738.4149225244
Exposure,month,cumulative,Synthetic,Portfolio,Auto,2022-10,22,9783.626413209917
Earned Premium,month,cumulative,Synthetic,Portfolio,Auto,2022-10,22,734973.9773781443
Claims Reported,month,cumulative,Synthetic,Portfolio,Auto,2022-10,23,68.88674595079706
Loss Incurred,month,cumulative,Synthetic,Portfolio,Auto,2022-10,23,332953.25325673394
Exposure,month,cumulative,Synthetic,Portfolio,Auto,2022-10,23,9763.924012233078
Earned Premium,month,cumulative,Synthetic,Portfolio,Auto,2022-10,23,733712.5158381219
Claims Reported,month,cumulative,Synthetic,Portfolio,Auto,2022-10,24,68.92015251721732
Loss Incurred,month,cumulative,Synthetic,Portfolio,Auto,2022-10,24,331169.37541565875
Exposure,month,cumulative,Synthetic,Portfolio,Auto,2022-10,24,9745.655169692252
Earned Premium,month,cumulative,Synthetic,Portfolio,Auto,2022-10,24,732534.4235657143
Claims Reported,month,cumulative,Synthetic,Portfolio,Auto,2022-10,25,68.94371319455632
Loss Incurred,month,cumulative,Synthetic,Portfolio,Auto,2022-10,25,329386.8691088967
Exposure,month,cumulative,Synthetic,Portfolio,Auto,2022-10,25,9728.71557902136
Earned Premium,month,cumulative,Synthetic,Portfolio,Auto,2022-10,25,731434.1907339765
Claims Reported,month,cumulative,Synthetic,Portfolio,Auto,2022-10,26,68.96032580104416
Loss Incurred,month,cumulative,Synthetic,Portfolio,Auto,2022-10,26,327605.82177418726
Exposure,month,cumulative,Synthetic,Portfolio,Auto,2022-10,26,9713.008523062226
Earned Premium,month,cumulative,Synthetic,Portfolio,Auto,2022-10,26,730406.6716572582
Claims Reported,month,cumulative,Synthetic,Portfolio,Auto,2022-10,27,68.97203731643731
Loss Incurred,month,cumulative,Synthetic,Portfolio,Auto,2022-10,27,325826.3205604257
Exposure,month,cumulative,Synthetic,Portfolio,Auto,2022-10,27,9698.444321854737
Earned Premium,month,cumulative,Synthetic,Portfolio,Auto,2022-10,27,729447.0607253135
Claims Reported,month,cumulative,Synthetic,Portfolio,Auto,2022-10,28,68.98029267142269
Loss Incurred,month,cumulative,Synthetic,Portfolio,Auto,2022-10,28,324048.4523107978
Exposure,month,cumulative,Synthetic,Portfolio,Auto,2022-10,28,9684.939820606118
Earned Premium,month,cumulative,Synthetic,Portfolio,Auto,2022-10,28,728550.8699279133
Claims Reported,month,cumulative,Synthetic,Portfolio,Auto,2022-10,29,68.98611130882897
Loss Incurred,month,cumulative,Synthetic,Portfolio,Auto,2022-10,29,322272.303546043
Exposure,month,cumulative,Synthetic,Portfolio,Auto,2022-10,29,9672.417914915874
Earned Premium,month,cumulative,Synthetic,Portfolio,Auto,2022-10,29,727713.9078648436
Claims Reported,month,cumulative,Synthetic,Portfolio,Auto,2022-10,30,68.99021222294523
Loss Incurred,month,cumulative,Synthetic,Portfolio,Auto,2022-10,30,320497.9604478515
Exposure,month,cumulative,Synthetic,Portfolio,Auto,2022-10,30,9660.807110545631
Earned Premium,month,cumulative,Synthetic,Portfolio,Auto,2022-10,30,726932.2601431197
Claims Reported,month,cumulative,Synthetic,Portfolio,Auto,2022-10,31,68.99310238113974
Loss Incurred,month,cumulative,Synthetic,Portfolio,Auto,2022-10,31,318725.50884240365
Exposure,month,cumulative,Synthetic,Portfolio,Auto,2022-10,31,9650.041115220412
Earned Premium,month,cumulative,Synthetic,Portfolio,Auto,2022-10,31,726202.2710697375
Claims Reported,month,cumulative,Synthetic,Portfolio,Auto,2022-10,32,68.99513918664567
Loss Incurred,month,cumulative,Synthetic,Portfolio,Auto,2022-10,32,316955.03418405604
Exposure,month,cumulative,Synthetic,Portfolio,Auto,2022-10,32,9640.058460130665
Earned Premium,month,cumulative,Synthetic,Portfolio,Auto,2022-10,32,725520.5265543413
Claims Reported,month,cumulative,Synthetic,Portfolio,Auto,2022-10,33,68.99657457146124
Loss Incurred,month,cumulative,Synthetic,Portfolio,Auto,2022-10,33,315186.6215391832
Exposure,month,cumulative,Synthetic,Portfolio,Auto,2022-10,33,9630.802148974055
Earned Premium,month,cumulative,Synthetic,Portfolio,Auto,2022-10,33,724883.8381418427
Claims Reported,month,cumulative,Synthetic,Portfolio,Auto,2022-10,34,68.9975861059178
Loss Incurred,month,cumulative,Synthetic,Portfolio,Auto,2022-10,34,313420.35557017894
Exposure,month,cumulative,Synthetic,Portfolio,Auto,2022-10,34,9622.219332533166
Earned Premium,month,cumulative,Synthetic,Portfolio,Auto,2022-10,34,724289.2281003168
Claims Reported,month,cumulative,Synthetic,Portfolio,Auto,2022-10,35,68.99829894001648
Loss Incurred,month,cumulative,Synthetic,Portfolio,Auto,2022-10,35,311656.32051962573
Exposure,month,cumulative,Synthetic,Portfolio,Auto,2022-10,35,9614.26100693114
Earned Premium,month,cumulative,Synthetic,Portfolio,Auto,2022-10,35,723733.9154944284
Claims Reported,month,cumulative,Synthetic,Portfolio,Auto,2022-10,36,68.9988012745626
Loss Incurred,month,cumulative,Synthetic,Portfolio,Auto,2022-10,36,309894.60019463557
Exposure,month,cumulative,Synthetic,Portfolio,Auto,2022-10,36,9606.881733842396
Earned Premium,month,cumulative,Synthetic,Portfolio,Auto,2022-10,36,723215.3031792593
Claims Reported,month,cumulative,Synthetic,Portfolio,Auto,2022-10,37,68.99915526812761
Loss Incurred,month,cumulative,Synthetic,Portfolio,Auto,2022-10,37,308135.2779513715
Exposure,month,cumulative,Synthetic,Portfolio,Auto,2022-10,37,9600.039381061002
Earned Premium,month,cumulative,Synthetic,Portfolio,Auto,2022-10,37,722730.9656537051
Claims Reported,month,cumulative,Synthetic,Portfolio,Auto,2022-10,38,68.99940472535839
Loss Incurred,month,cumulative,Synthetic,Portfolio,Auto,2022-10,38,306378.4366797532
Exposure,month,cumulative,Synthetic,Portfolio,Auto,2022-10,38,9593.694881945437
Earned Premium,month,cumulative,Synthetic,Portfolio,Auto,2022-10,38,722278.6377166343
Claims Reported,month,cumulative,Synthetic,Portfolio,Auto,2022-11,0,11.09737698040527
Loss Incurred,month,cumulative,Synthetic,Portfolio,Auto,2022-11,0,321086.03493881447
Exposure,month,cumulative,Synthetic,Portfolio,Auto,2022-11,0,11130.70285868697
Earned Premium,month,cumulative,Synthetic,Portfolio,Auto,2022-11,0,823578.1073974548
Claims Reported,month,cumulative,Synthetic,Portfolio,Auto,2022-11,1,14.356934811409536
Loss Incurred,month,cumulative,Synthetic,Portfolio,Auto,2022-11,1,319542.3550203798
Exposure,month,cumulative,Synthetic,Portfolio,Auto,2022-11,1,11002.428379040748
Earned Premium,month,cumulative,Synthetic,Portfolio,Auto,2022-11,1,819014.1921008278
Claims Reported,month,cumulative,Synthetic,Portfolio,Auto,2022-11,2,18.104202097411843
Loss Incurred,month,cumulative,Synthetic,Portfolio,Auto,2022-11,2,317998.15560647374
Exposure,month,cumulative,Synthetic,Portfolio,Auto,2022-11,2,10885.487411565333
Earned Premium,month,cumulative,Synthetic,Portfolio,Auto,2022-11,2,814686.3285051611
Claims Reported,month,cumulative,Synthetic,Portfolio,Auto,2022-11,3,22.184588043255403
Loss Incurred,month,cumulative,Synthetic,Portfolio,Auto,2022-11,3,316453.5136805508
Exposure,month,cumulative,Synthetic,Portfolio,Auto,2022-11,3,10778.87859965043
Earned Premium,month,cumulative,Synthetic,Portfolio,Auto,2022-11,3,810582.3077060587
Claims Reported,month,cumulative,Synthetic,Portfolio,Auto,2022-11,4,26.37333169058382
Loss Incurred,month,cumulative,Synthetic,Portfolio,Auto,2022-11,4,314908.5063144538
Exposure,month,cumulative,Synthetic,Portfolio,Auto,2022-11,4,10681.689060147977
Earned Premium,month,cumulative,Synthetic,Portfolio,Auto,2022-11,4,806690.552259716
Claims Reported,month,cumulative,Synthetic,Portfolio,Auto,2022-11,5,30.42097758058443
Loss Incurred,month,cumulative,Synthetic,Portfolio,Auto,2022-11,5,313363.21065304865
Exposure,month,cumulative,Synthetic,Portfolio,Auto,2022-11,5,10593.086566423173
Earned Premium,month,cumulative,Synthetic,Portfolio,Auto,2022-11,5,803000.0835229468
Claims Reported,month,cumulative,Synthetic,Portfolio,Auto,2022-11,6,34.11004638769113
Loss Incurred,month,cumulative,Synthetic,Portfolio,Auto,2022-11,6,311817.7038988271
Exposure,month,cumulative,Synthetic,Portfolio,Auto,2022-11,6,10512.312422061106
Earned Premium,month,cumulative,Synthetic,Portfolio,Auto,2022-11,6,799500.490682428
Claims Reported,month,cumulative,Synthetic,Portfolio,Auto,2022-11,7,37.29731037351557
Loss Incurred,month,cumulative,Synthetic,Portfolio,Auto,2022-11,7,310272.0632964849
Exposure,month,cumulative,Synthetic,Portfolio,Auto,2022-11,7,10438.674964207055
Earned Premium,month,cumulative,Synthetic,Portfolio,Auto,2022-11,7,796181.9013857923
Claims Reported,month,cumulative,Synthetic,Portfolio,Auto,2022-11,8,39.92631846861142
Loss Incurred,month,cumulative,Synthetic,Portfolio,Auto,2022-11,8,308726.3661174834
Exposure,month,cumulative,Synthetic,Portfolio,Auto,2022-11,8,10371.543640910073
Earned Premium,month,cumulative,Synthetic,Portfolio,Auto,2022-11,8,793034.9538917198
Claims Reported,month,cumulative,Synthetic,Portfolio,Auto,2022-11,9,42.01319649077047
Loss Incurred,month,cumulative,Synthetic,Portfolio,Auto,2022-11,9,307180.68964459834
Exposure,month,cumulative,Synthetic,Portfolio,Auto,2022-11,9,10310.343611754584
Earned Premium,month,cumulative,Synthetic,Portfolio,Auto,2022-11,9,790050.7706604629
Claims Reported,month,cumulative,Synthetic,Portfolio,Auto,2022-11,10,43.61983721342753
Loss Incurred,month,cumulative,Synthetic,Portfolio,Auto,2022-11,10,305635.1111564644
Exposure,month,cumulative,Synthetic,Portfolio,Auto,2022-11,10,10254.55082554563
Earned Premium,month,cumulative,Synthetic,Portfolio,Auto,2022-11,10,787220.933310304
Claims Reported,month,cumulative,Synthetic,Portfolio,Auto,2022-11,11,44.827868167951955
Loss Incurred,month,cumulative,Synthetic,Portfolio,Auto,2022-11,11,304089.7079121216
Exposure,month,cumulative,Synthetic,Portfolio,Auto,2022-11,11,10203.687532898346
Earned Premium,month,cumulative,Synthetic,Portfolio,Auto,2022-11,11,784537.4588692987
Claims Reported,month,cumulative,Synthetic,Portfolio,Auto,2022-11,12,45.720142770475825
Loss Incurred,month,cumulative,Synthetic,Portfolio,Auto,2022-11,12,302544.55713556986
Exposure,month,cumulative,Synthetic,Portfolio,Auto,2022-11,12,10157.318195306307
Earned Premium,month,cumulative,Synthetic,Portfolio,Auto,2022-11,12,781992.7772553099
Claims Reported,month,cumulative,Synthetic,Portfolio,Auto,2022-11,13,46.370556476570655
Loss Incurred,month,cumulative,Synthetic,Portfolio,Auto,2022-11,13,300999.7360003385
Exposure,month,cumulative,Synthetic,Portfolio,Auto,2022-11,13,10115.045755658435
Earned Premium,month,cumulative,Synthetic,Portfolio,Auto,2022-11,13,779579.7099208033
Claims Reported,month,cumulative,Synthetic,Portfolio,Auto,2022-11,14,46.840122931620726
Loss Incurred,month,cumulative,Synthetic,Portfolio,Auto,2022-11,14,299455.321614077
Exposure,month,cumulative,Synthetic,Portfolio,Auto,2022-11,14,10076.508238269147
Earned Premium,month,cumulative,Synthetic,Portfolio,Auto,2022-11,14,777291.4496021639
Claims Reported,month,cumulative,Synthetic,Portfolio,Auto,2022-11,15,47.1767739459109
Loss Incurred,month,cumulative,Synthetic,Portfolio,Auto,2022-11,15,297911.39100317453
Exposure,month,cumulative,Synthetic,Portfolio,Auto,2022-11,15,10041.375649308093
Earned Premium,month,cumulative,Synthetic,Portfolio,Auto,2022-11,15,775121.541116402
Claims Reported,month,cumulative,Synthetic,Portfolio,Auto,2022-11,16,47.41692929159581
Loss Incurred,month,cumulative,Synthetic,Portfolio,Auto,2022-11,16,296368.0210974122
Exposure,month,cumulative,Synthetic,Portfolio,Auto,2022-11,16,10009.34715108808
Earned Premium,month,cumulative,Synthetic,Portfolio,Auto,2022-11,16,773063.8631510817
Claims Reported,month,cumulative,Synthetic,Portfolio,Auto,2022-11,17,47.58763777228719
Loss Incurred,month,cumulative,Synthetic,Portfolio,Auto,2022-11,17,294825.28871465864
Exposure,month,cumulative,Synthetic,Portfolio,Auto,2022-11,17,9980.148486014852
Earned Premium,month,cumulative,Synthetic,Portfolio,Auto,2022-11,17,771112.610996096
Claims Reported,month,cumulative,Synthetic,Portfolio,Auto,2022-11,18,47.708674158995336
Loss Incurred,month,cumulative,Synthetic,Portfolio,Auto,2022-11,18,293283.2705456108
Exposure,month,cumulative,Synthetic,Portfolio,Auto,2022-11,18,9953.529628140152
Earned Premium,month,cumulative,Synthetic,Portfolio,Auto,2022-11,18,769262.2801685783
Claims Reported,month,cumulative,Synthetic,Portfolio,Auto,2022-11,19,47.79433753396361
Loss Incurred,month,cumulative,Synthetic,Portfolio,Auto,2022-11,19,291742.04313859035
Exposure,month,cumulative,Synthetic,Portfolio,Auto,2022-11,19,9929.262642208552
Earned Premium,month,cumulative,Synthetic,Portfolio,Auto,2022-11,19,767507.6508847541
Claims Reported,month,cumulative,Synthetic,Portfolio,Auto,2022-11,20,47.854888499569256
Loss Incurred,month,cumulative,Synthetic,Portfolio,Auto,2022-11,20,290201.682884399
Exposure,month,cumulative,Synthetic,Portfolio,Auto,2022-11,20,9907.139731865202
Earned Premium,month,cumulative,Synthetic,Portfolio,Auto,2022-11,20,765843.7733349308
Claims Reported,month,cumulative,Synthetic,Portfolio,Auto,2022-11,21,47.89765027879014
Loss Incurred,month,cumulative,Synthetic,Portfolio,Auto,2022-11,21,288662.26600124134
Exposure,month,cumulative,Synthetic,Portfolio,Auto,2022-11,21,9886.971460311433
Earned Premium,month,cumulative,Synthetic,Portfolio,Auto,2022-11,21,764265.9537200815
Claims Reported,month,cumulative,Synthetic,Portfolio,Auto,2022-11,22,47.9278299257459
Loss Incurred,month,cumulative,Synthetic,Portfolio,Auto,2022-11,22,287123.86851971975
Exposure,month,cumulative,Synthetic,Portfolio,Auto,2022-11,22,9868.585128171873
Earned Premium,month,cumulative,Synthetic,Portfolio,Auto,2022-11,22,762769.7410106384
Claims Reported,month,cumulative,Synthetic,Portfolio,Auto,2022-11,23,47.94912001680303
Loss Incurred,month,cumulative,Synthetic,Portfolio,Auto,2022-11,23,285586.56626790937
Exposure,month,cumulative,Synthetic,Portfolio,Auto,2022-11,23,9851.823294682825
Earned Premium,month,cumulative,Synthetic,Portfolio,Auto,2022-11,23,761350.9143901359
Claims Reported,month,cumulative,Synthetic,Portfolio,Auto,2022-11,24,47.96413425476307
Loss Incurred,month,cumulative,Synthetic,Portfolio,Auto,2022-11,24,284050.4348565175
Exposure,month,cumulative,Synthetic,Portfolio,Auto,2022-11,24,9836.542429538977
Earned Premium,month,cumulative,Synthetic,Portfolio,Auto,2022-11,24,760005.4713482867
Claims Reported,month,cumulative,Synthetic,Portfolio,Auto,2022-11,25,47.974720258326606
Loss Incurred,month,cumulative,Synthetic,Portfolio,Auto,2022-11,25,282515.5496641348
Exposure,month,cumulative,Synthetic,Portfolio,Auto,2022-11,25,9822.611683854322
Earned Premium,month,cumulative,Synthetic,Portfolio,Auto,2022-11,25,758729.6163898992
Claims Reported,month,cumulative,Synthetic,Portfolio,Auto,2022-11,26,47.982182896049
Loss Incurred,month,cumulative,Synthetic,Portfolio,Auto,2022-11,26,280981.985822584
Exposure,month,cumulative,Synthetic,Portfolio,Auto,2022-11,26,9809.911769713095
Earned Premium,month,cumulative,Synthetic,Portfolio,Auto,2022-11,26,757519.7503277842
Claims Reported,month,cumulative,Synthetic,Portfolio,Auto,2022-11,27,47.98744312260862
Loss Incurred,month,cumulative,Synthetic,Portfolio,Auto,2022-11,27,279449.818202372
Exposure,month,cumulative,Synthetic,Portfolio,Auto,2022-11,27,9798.333938716425
Earned Premium,month,cumulative,Synthetic,Portfolio,Auto,2022-11,27,756372.4601294472
Claims Reported,month,cumulative,Synthetic,Portfolio,Auto,2022-11,28,47.99115063440871
Loss Incurred,month,cumulative,Synthetic,Portfolio,Auto,2022-11,28,277919.1213982513
Exposure,month,cumulative,Synthetic,Portfolio,Auto,2022-11,28,9787.779050778065
Earned Premium,month,cumulative,Synthetic,Portfolio,Auto,2022-11,28,755284.5092889227
Claims Reported,month,cumulative,Synthetic,Portfolio,Auto,2022-11,29,47.99376361793122
Loss Incurred,month,cumulative,Synthetic,Portfolio,Auto,2022-11,29,276389.9697148968
Exposure,month,cumulative,Synthetic,Portfolio,Auto,2022-11,29,9778.156725195373
Earned Premium,month,cumulative,Synthetic,Portfolio,Auto,2022-11,29,754252.8286965897
Claims Reported,month,cumulative,Synthetic,Portfolio,Auto,2022-11,30,47.995605127209444
Loss Incurred,month,cumulative,Synthetic,Portfolio,Auto,2022-11,30,274862.4371527032
Exposure,month,cumulative,Synthetic,Portfolio,Auto,2022-11,30,9769.384566726229
Earned Premium,month,cumulative,Synthetic,Portfolio,Auto,2022-11,30,753274.5079812133
Claims Reported,month,cumulative,Synthetic,Portfolio,Auto,2022-11,31,47.99690290174711
Loss Incurred,month,cumulative,Synthetic,Portfolio,Auto,2022-11,31,273336.59739370935
Exposure,month,cumulative,Synthetic,Portfolio,Auto,2022-11,31,9761.387460044849
Earned Premium,month,cumulative,Synthetic,Portfolio,Auto,2022-11,31,752346.7872997858
Claims Reported,month,cumulative,Synthetic,Portfolio,Auto,2022-11,32,47.99781747016176
Loss Incurred,month,cumulative,Synthetic,Portfolio,Auto,2022-11,32,271812.52378765505
Exposure,month,cumulative,Synthetic,Portfolio,Auto,2022-11,32,9754.09692653496
Earned Premium,month,cumulative,Synthetic,Portfolio,Auto,2022-11,32,751467.0495520091
Claims Reported,month,cumulative,Synthetic,Portfolio,Auto,2022-11,33,47.99846197656551
Loss Incurred,month,cumulative,Synthetic,Portfolio,Auto,2022-11,33,270290.2893381746
Exposure,month,cumulative,Synthetic,Portfolio,Auto,2022-11,33,9747.45053791261
Earned Premium,month,cumulative,Synthetic,Portfolio,Auto,2022-11,33,750632.8129974547
Claims Reported,month,cumulative,Synthetic,Portfolio,Auto,2022-11,34,47.99891616294827
Loss Incurred,month,cumulative,Synthetic,Portfolio,Auto,2022-11,34,268769.9666891346
Exposure,month,cumulative,Synthetic,Portfolio,Auto,2022-11,34,9741.391381657531
Earned Premium,month,cumulative,Synthetic,Portfolio,Auto,2022-11,34,749841.7242545722
Claims Reported,month,cumulative,Synthetic,Portfolio,Auto,2022-11,35,47.999236227845515
Loss Incurred,month,cumulative,Synthetic,Portfolio,Auto,2022-11,35,267251.6281111189
Exposure,month,cumulative,Synthetic,Portfolio,Auto,2022-11,35,9735.867573675556
Earned Premium,month,cumulative,Synthetic,Portfolio,Auto,2022-11,35,749091.5516618001
Claims Reported,month,cumulative,Synthetic,Portfolio,Auto,2022-11,36,47.999461776330385
Loss Incurred,month,cumulative,Synthetic,Portfolio,Auto,2022-11,36,265735.3454880682
Exposure,month,cumulative,Synthetic,Portfolio,Auto,2022-11,36,9730.831814019059
Earned Premium,month,cumulative,Synthetic,Portfolio,Auto,2022-11,36,748380.1789820476
Claims Reported,month,cumulative,Synthetic,Portfolio,Auto,2022-11,37,47.999620718934494
Loss Incurred,month,cumulative,Synthetic,Portfolio,Auto,2022-11,37,264221.19030407746
Exposure,month,cumulative,Synthetic,Portfolio,Auto,2022-11,37,9726.240981861107
Earned Premium,month,cumulative,Synthetic,Portfolio,Auto,2022-11,37,747705.5994327889
Claims Reported,month,cumulative,Synthetic,Portfolio,Auto,2022-12,0,11.061429745704089
Loss Incurred,month,cumulative,Synthetic,Portfolio,Auto,2022-12,0,521169.02578137396
Exposure,month,cumulative,Synthetic,Portfolio,Auto,2022-12,0,11752.505705998734
Earned Premium,month,cumulative,Synthetic,Portfolio,Auto,2022-12,0,915952.3472193578
Claims Reported,month,cumulative,Synthetic,Portfolio,Auto,2022-12,1,14.816388249969126
Loss Incurred,month,cumulative,Synthetic,Portfolio,Auto,2022-12,1,518675.3541411839
Exposure,month,cumulative,Synthetic,Portfolio,Auto,2022-12,1,11627.015433968028
Earned Premium,month,cumulative,Synthetic,Portfolio,Auto,2022-12,1,912580.0992657975
Claims Reported,month,cumulative,Synthetic,Portfolio,Auto,2022-12,2,19.47516576725557
Loss Incurred,month,cumulative,Synthetic,Portfolio,Auto,2022-12,2,516180.7283939497
Exposure,month,cumulative,Synthetic,Portfolio,Auto,2022-12,2,11511.798136957023
Earned Premium,month,cumulative,Synthetic,Portfolio,Auto,2022-12,2,909323.7298206388
Claims Reported,month,cumulative,Synthetic,Portfolio,Auto,2022-12,3,25.018774746171452
Loss Incurred,month,cumulative,Synthetic,Portfolio,Auto,2022-12,3,513685.2727896827
Exposure,month,cumulative,Synthetic,Portfolio,Auto,2022-12,3,11406.01284128666
Earned Premium,month,cumulative,Synthetic,Portfolio,Auto,2022-12,3,906179.2570210724
Claims Reported,month,cumulative,Synthetic,Portfolio,Auto,2022-12,4,31.296532993872365
Loss Incurred,month,cumulative,Synthetic,Portfolio,Auto,2022-12,4,511189.1117440818
Exposure,month,cumulative,Synthetic,Portfolio,Auto,2022-12,4,11308.887417670823
Earned Premium,month,cumulative,Synthetic,Portfolio,Auto,2022-12,4,903142.8358306229
Claims Reported,month,cumulative,Synthetic,Portfolio,Auto,2022-12,5,38.0191408775029
Loss Incurred,month,cumulative,Synthetic,Portfolio,Auto,2022-12,5,508692.3698137565
Exposure,month,cumulative,Synthetic,Portfolio,Auto,2022-12,5,11219.712945427049
Earned Premium,month,cumulative,Synthetic,Portfolio,Auto,2022-12,5,900210.753337468
Claims Reported,month,cumulative,Synthetic,Portfolio,Auto,2022-12,6,44.800584627719786
Loss Incurred,month,cumulative,Synthetic,Portfolio,Auto,2022-12,6,506195.1716713936
Exposure,month,cumulative,Synthetic,Portfolio,Auto,2022-12,6,11137.838538048312
Earned Premium,month,cumulative,Synthetic,Portfolio,Auto,2022-12,6,897379.4242143191
Claims Reported,month,cumulative,Synthetic,Portfolio,Auto,2022-12,7,51.24134797551969
Loss Incurred,month,cumulative,Synthetic,Portfolio,Auto,2022-12,7,503697.64208087116
Exposure,month,cumulative,Synthetic,Portfolio,Auto,2022-12,7,11062.666592367554
Earned Premium,month,cumulative,Synthetic,Portfolio,Auto,2022-12,7,894645.386334312
Claims Reported,month,cumulative,Synthetic,Portfolio,Auto,2022-12,8,57.017798190426966
Loss Incurred,month,cumulative,Synthetic,Portfolio,Auto,2022-12,8,501199.9058723358
Exposure,month,cumulative,Synthetic,Portfolio,Auto,2022-12,8,10993.648426638532
Earned Premium,month,cumulative,Synthetic,Portfolio,Auto,2022-12,8,892005.2965375455
Claims Reported,month,cumulative,Synthetic,Portfolio,Auto,2022-12,9,61.93814376296061
Loss Incurred,month,cumulative,Synthetic,Portfolio,Auto,2022-12,9,498702.08791725145
Exposure,month,cumulative,Synthetic,Portfolio,Auto,2022-12,9,10930.280275695248
Earned Premium,month,cumulative,Synthetic,Portfolio,Auto,2022-12,9,889455.9265430914
Claims Reported,month,cumulative,Synthetic,Portfolio,Auto,2022-12,10,65.94853995976074
Loss Incurred,month,cumulative,Synthetic,Portfolio,Auto,2022-12,10,496204.3131034301
Exposure,month,cumulative,Synthetic,Portfolio,Auto,2022-12,10,10872.099613958504
Earned Premium,month,cumulative,Synthetic,Portfolio,Auto,2022-12,10,886994.1590014787
Claims Reported,month,cumulative,Synthetic,Portfolio,Auto,2022-12,11,69.10146221956873
Loss Incurred,month,cumulative,Synthetic,Portfolio,Auto,2022-12,11,493706.70631005586
Exposure,month,cumulative,Synthetic,Portfolio,Auto,2022-12,11,10818.681779451148
Earned Premium,month,cumulative,Synthetic,Portfolio,Auto,2022-12,11,884616.9836828228
Claims Reported,month,cumulative,Synthetic,Portfolio,Auto,2022-12,12,71.51067917918954
Loss Incurred,month,cumulative,Synthetic,Portfolio,Auto,2022-12,12,491209.39238271303
Exposure,month,cumulative,Synthetic,Portfolio,Auto,2022-12,12,10769.63687418062
Earned Premium,month,cumulative,Synthetic,Portfolio,Auto,2022-12,12,882321.4937959408
Claims Reported,month,cumulative,Synthetic,Portfolio,Auto,2022-12,13,73.31187075702127
Loss Incurred,month,cumulative,Synthetic,Portfolio,Auto,2022-12,13,488712.4961084279
Exposure,month,cumulative,Synthetic,Portfolio,Auto,2022-12,13,10724.60691826461
Earned Premium,month,cumulative,Synthetic,Portfolio,Auto,2022-12,13,880104.8824339495
Claims Reported,month,cumulative,Synthetic,Portfolio,Auto,2022-12,14,74.63663310446763
Loss Incurred,month,cumulative,Synthetic,Portfolio,Auto,2022-12,14,486216.14219073567
Exposure,month,cumulative,Synthetic,Portfolio,Auto,2022-12,14,10683.263237027724
Earned Premium,month,cumulative,Synthetic,Portfolio,Auto,2022-12,14,877964.4391420026
Claims Reported,month,cumulative,Synthetic,Portfolio,Auto,2022-12,15,75.59930525899091
Loss Incurred,month,cumulative,Synthetic,Portfolio,Auto,2022-12,15,483720.45522478316
Exposure,month,cumulative,Synthetic,Portfolio,Auto,2022-12,15,10645.304061997542
Earned Premium,month,cumulative,Synthetic,Portfolio,Auto,2022-12,15,875897.5466029673
Claims Reported,month,cumulative,Synthetic,Portfolio,Auto,2022-12,16,76.29274147908141
Loss Incurred,month,cumulative,Synthetic,Portfolio,Auto,2022-12,16,481225.55967247643
Exposure,month,cumulative,Synthetic,Portfolio,Auto,2022-12,16,10610.45232828965
Earned Premium,month,cumulative,Synthetic,Portfolio,Auto,2022-12,16,873901.6774369901
Claims Reported,month,cumulative,Synthetic,Portfolio,Auto,2022-12,17,76.7890882033159
Loss Incurred,month,cumulative,Synthetic,Portfolio,Auto,2022-12,17,478731.57983768644
Exposure,month,cumulative,Synthetic,Portfolio,Auto,2022-12,17,10578.453652304725
Earned Premium,month,cumulative,Synthetic,Portfolio,Auto,2022-12,17,871974.3911110362
Claims Reported,month,cumulative,Synthetic,Portfolio,Auto,2022-12,18,77.14275477606814
Loss Incurred,month,cumulative,Synthetic,Portfolio,Auto,2022-12,18,476238.6398415208
Exposure,month,cumulative,Synthetic,Portfolio,Auto,2022-12,18,10549.074474976844
Earned Premium,month,cumulative,Synthetic,Portfolio,Auto,2022-12,18,870113.3309546255
Claims Reported,month,cumulative,Synthetic,Portfolio,Auto,2022-12,19,77.39394249661935
Loss Incurred,month,cumulative,Synthetic,Portfolio,Auto,2022-12,19,473746.86359767313
Exposure,month,cumulative,Synthetic,Portfolio,Auto,2022-12,19,10522.100357020536
Earned Premium,month,cumulative,Synthetic,Portfolio,Auto,2022-12,19,868316.2212781144
Claims Reported,month,cumulative,Synthetic,Portfolio,Auto,2022-12,20,77.57193627603351
Loss Incurred,month,cumulative,Synthetic,Portfolio,Auto,2022-12,20,471256.37478786
Exposure,month,cumulative,Synthetic,Portfolio,Auto,2022-12,20,10497.33441373354
Earned Premium,month,cumulative,Synthetic,Portfolio,Auto,2022-12,20,866580.8645900004
Claims Reported,month,cumulative,Synthetic,Portfolio,Auto,2022-12,21,77.69785892088038
Loss Incurred,month,cumulative,Synthetic,Portfolio,Auto,2022-12,21,468767.29683735705
Exposure,month,cumulative,Synthetic,Portfolio,Auto,2022-12,21,10474.595877930886
Earned Premium,month,cumulative,Synthetic,Portfolio,Auto,2022-12,21,864905.1389098468
Claims Reported,month,cumulative,Synthetic,Portfolio,Auto,2022-12,22,77.78684094294987
Loss Incurred,month,cumulative,Synthetic,Portfolio,Auto,2022-12,22,466279.7528906417
Exposure,month,cumulative,Synthetic,Portfolio,Auto,2022-12,22,10453.718780521065
Earned Premium,month,cumulative,Synthetic,Portfolio,Auto,2022-12,22,863286.9951735421
Claims Reported,month,cumulative,Synthetic,Portfolio,Auto,2022-12,23,77.84966802873863
Loss Incurred,month,cumulative,Synthetic,Portfolio,Auto,2022-12,23,463793.86578715645
Exposure,month,cumulative,Synthetic,Portfolio,Auto,2022-12,23,10434.550739093867
Earned Premium,month,cumulative,Synthetic,Portfolio,Auto,2022-12,23,861724.4547277204
Claims Reported,month,cumulative,Synthetic,Portfolio,Auto,2022-12,24,77.89400252035844
Loss Incurred,month,cumulative,Synthetic,Portfolio,Auto,2022-12,24,461309.7580371993
Exposure,month,cumulative,Synthetic,Portfolio,Auto,2022-12,24,10416.951845677679
Earned Premium,month,cumulative,Synthetic,Portfolio,Auto,2022-12,24,860215.6069102796
Claims Reported,month,cumulative,Synthetic,Portfolio,Auto,2022-12,25,77.92527485047424
Loss Incurred,month,cumulative,Synthetic,Portfolio,Auto,2022-12,25,458827.55179795343
Exposure,month,cumulative,Synthetic,Portfolio,Auto,2022-12,25,10400.793645548016
Earned Premium,month,cumulative,Synthetic,Portfolio,Auto,2022-12,25,858758.6067140392
Claims Reported,month,cumulative,Synthetic,Portfolio,Auto,2022-12,26,77.94732717529135
Loss Incurred,month,cumulative,Synthetic,Portfolio,Auto,2022-12,26,456347.36884966487
Exposure,month,cumulative,Synthetic,Portfolio,Auto,2022-12,26,10385.958199633555
Earned Premium,month,cumulative,Synthetic,Portfolio,Auto,2022-12,26,857351.67253068
Claims Reported,month,cumulative,Synthetic,Portfolio,Auto,2022-12,27,77.96287468417292
Loss Incurred,month,cumulative,Synthetic,Portfolio,Auto,2022-12,27,453869.3305719797
Exposure,month,cumulative,Synthetic,Portfolio,Auto,2022-12,27,10372.337223676159
Earned Premium,month,cumulative,Synthetic,Portfolio,Auto,2022-12,27,855993.083972207
Claims Reported,month,cumulative,Synthetic,Portfolio,Auto,2022-12,28,77.97383455433886
Loss Incurred,month,cumulative,Synthetic,Portfolio,Auto,2022-12,28,451393.5579204471
Exposure,month,cumulative,Synthetic,Portfolio,Auto,2022-12,28,10359.831297861614
Earned Premium,month,cumulative,Synthetic,Portfolio,Auto,2022-12,28,854681.179767274
Claims Reported,month,cumulative,Synthetic,Portfolio,Auto,2022-12,29,77.98155969531581
Loss Incurred,month,cumulative,Synthetic,Portfolio,Auto,2022-12,29,448920.1714032021
Exposure,month,cumulative,Synthetic,Portfolio,Auto,2022-12,29,10348.349141152134
Earned Premium,month,cumulative,Synthetic,Portfolio,Auto,2022-12,29,853414.3557297919
Claims Reported,month,cumulative,Synthetic,Portfolio,Auto,2022-12,30,77.9870044296206
Loss Incurred,month,cumulative,Synthetic,Portfolio,Auto,2022-12,30,446449.29105783376
Exposure,month,cumulative,Synthetic,Portfolio,Auto,2022-12,30,10337.80694502398
Earned Premium,month,cumulative,Synthetic,Portfolio,Auto,2022-12,30,852191.062797345
Claims Reported,month,cumulative,Synthetic,Portfolio,Auto,2022-12,31,77.9908417257302
Loss Incurred,month,cumulative,Synthetic,Portfolio,Auto,2022-12,31,443981.03642844973
Exposure,month,cumulative,Synthetic,Portfolio,Auto,2022-12,31,10328.127761747139
Earned Premium,month,cumulative,Synthetic,Portfolio,Auto,2022-12,31,851009.805137008
Claims Reported,month,cumulative,Synthetic,Portfolio,Auto,2022-12,32,77.99354604941745
Loss Incurred,month,cumulative,Synthetic,Portfolio,Auto,2022-12,32,441515.5265429471
Exposure,month,cumulative,Synthetic,Portfolio,Auto,2022-12,32,10319.240942742084
Earned Premium,month,cumulative,Synthetic,Portfolio,Auto,2022-12,32,849869.1383162542
Claims Reported,month,cumulative,Synthetic,Portfolio,Auto,2022-12,33,77.9954518667593
Loss Incurred,month,cumulative,Synthetic,Portfolio,Auto,2022-12,33,439052.87989049597
Exposure,month,cumulative,Synthetic,Portfolio,Auto,2022-12,33,10311.08162291419
Earned Premium,month,cumulative,Synthetic,Portfolio,Auto,2022-12,33,848767.6675367147
Claims Reported,month,cumulative,Synthetic,Portfolio,Auto,2022-12,34,77.99679492948523
Loss Incurred,month,cumulative,Synthetic,Portfolio,Auto,2022-12,34,436593.21439924766
Exposure,month,cumulative,Synthetic,Portfolio,Auto,2022-12,34,10303.590247201906
Earned Premium,month,cumulative,Synthetic,Portfolio,Auto,2022-12,34,847704.0459286295
Claims Reported,month,cumulative,Synthetic,Portfolio,Auto,2022-12,35,77.99774139757439
Loss Incurred,month,cumulative,Synthetic,Portfolio,Auto,2022-12,35,434136.64741427405
Exposure,month,cumulative,Synthetic,Portfolio,Auto,2022-12,35,10296.712135883032
Earned Premium,month,cumulative,Synthetic,Portfolio,Auto,2022-12,35,846676.9729039065
Claims Reported,month,cumulative,Synthetic,Portfolio,Auto,2022-12,36,77.998408376161
Loss Incurred,month,cumulative,Synthetic,Portfolio,Auto,2022-12,36,431683.29567574715
Exposure,month,cumulative,Synthetic,Portfolio,Auto,2022-12,36,10290.397085466155
Earned Premium,month,cumulative,Synthetic,Portfolio,Auto,2022-12,36,845685.1925657721
Claims Reported,month,cumulative,Synthetic,Portfolio,Auto,2023-01,0,20.12417164350157
Loss Incurred,month,cumulative,Synthetic,Portfolio,Auto,2023-01,0,522042.04614558147
Exposure,month,cumulative,Synthetic,Portfolio,Auto,2023-01,0,12113.325543994835
Earned Premium,month,cumulative,Synthetic,Portfolio,Auto,2023-01,0,921163.0493816794
Claims Reported,month,cumulative,Synthetic,Portfolio,Auto,2023-01,1,25.979926223929272
Loss Incurred,month,cumulative,Synthetic,Portfolio,Auto,2023-01,1,519533.1776813181
Exposure,month,cumulative,Synthetic,Portfolio,Auto,2023-01,1,11984.232934101548
Earned Premium,month,cumulative,Synthetic,Portfolio,Auto,2023-01,1,914877.5994636554
Claims Reported,month,cumulative,Synthetic,Portfolio,Auto,2023-01,2,32.68124695150453
Loss Incurred,month,cumulative,Synthetic,Portfolio,Auto,2023-01,2,517023.4557814682
Exposure,month,cumulative,Synthetic,Portfolio,Auto,2023-01,2,11865.68773727487
Earned Premium,month,cumulative,Synthetic,Portfolio,Auto,2023-01,2,908992.4379489921
Claims Reported,month,cumulative,Synthetic,Portfolio,Auto,2023-01,3,39.94133726159892
Loss Incurred,month,cumulative,Synthetic,Portfolio,Auto,2023-01,3,514513.00555540185
Exposure,month,cumulative,Synthetic,Portfolio,Auto,2023-01,3,11756.82818518825
Earned Premium,month,cumulative,Synthetic,Portfolio,Auto,2023-01,3,903482.0725009508
Claims Reported,month,cumulative,Synthetic,Portfolio,Auto,2023-01,4,47.354460678095734
Loss Incurred,month,cumulative,Synthetic,Portfolio,Auto,2023-01,4,512001.9522579621
Exposure,month,cumulative,Synthetic,Portfolio,Auto,2023-01,4,11656.862919637879
Earned Premium,month,cumulative,Synthetic,Portfolio,Auto,2023-01,4,898322.6342603326
Claims Reported,month,cumulative,Synthetic,Portfolio,Auto,2023-01,5,54.479904081086524
Loss Incurred,month,cumulative,Synthetic,Portfolio,Auto,2023-01,5,509490.4212644956
Exposure,month,cumulative,Synthetic,Portfolio,Auto,2023-01,5,11565.065239737409
Earned Premium,month,cumulative,Synthetic,Portfolio,Auto,2023-01,5,893491.7744544344
Claims Reported,month,cumulative,Synthetic,Portfolio,Auto,2023-01,6,60.941854098999606
Loss Incurred,month,cumulative,Synthetic,Portfolio,Auto,2023-01,6,506978.5380458312
Exposure,month,cumulative,Synthetic,Portfolio,Auto,2023-01,6,11480.767819141225
Earned Premium,month,cumulative,Synthetic,Portfolio,Auto,2023-01,6,888968.567590455
Claims Reported,month,cumulative,Synthetic,Portfolio,Auto,2023-01,7,66.50022197092089
Loss Incurred,month,cumulative,Synthetic,Portfolio,Auto,2023-01,7,504466.4281432179
Exposure,month,cumulative,Synthetic,Portfolio,Auto,2023-01,7,11403.357854892949
Earned Premium,month,cumulative,Synthetic,Portfolio,Auto,2023-01,7,884733.4208140215
Claims Reported,month,cumulative,Synthetic,Portfolio,Auto,2023-01,8,71.06797366642466
Loss Incurred,month,cumulative,Synthetic,Portfolio,Auto,2023-01,8,501954.21714323387
Exposure,month,cumulative,Synthetic,Portfolio,Auto,2023-01,8,11332.27261263358
Earned Premium,month,cumulative,Synthetic,Portfolio,Auto,2023-01,8,880767.9890402128
Claims Reported,month,cumulative,Synthetic,Portfolio,Auto,2023-01,9,74.68288290843375
Loss Incurred,month,cumulative,Synthetic,Portfolio,Auto,2023-01,9,499442.0306526749
Exposure,month,cumulative,Synthetic,Portfolio,Auto,2023-01,9,11266.995335785008
Earned Premium,month,cumulative,Synthetic,Portfolio,Auto,2023-01,9,877055.0954894549
Claims Reported,month,cumulative,Synthetic,Portfolio,Auto,2023-01,10,77.4593613696053
Loss Incurred,month,cumulative,Synthetic,Portfolio,Auto,2023-01,10,496929.9942734353
Exposure,month,cumulative,Synthetic,Portfolio,Auto,2023-01,10,11207.051488970536
Earned Premium,month,cumulative,Synthetic,Portfolio,Auto,2023-01,10,873578.6572840845
Claims Reported,month,cumulative,Synthetic,Portfolio,Auto,2023-01,11,79.54324503412663
Loss Incurred,month,cumulative,Synthetic,Portfolio,Auto,2023-01,11,494418.2335773904
Exposure,month,cumulative,Synthetic,Portfolio,Auto,2023-01,11,11152.005308363883
Earned Premium,month,cumulative,Synthetic,Portfolio,Auto,2023-01,11,870323.6157832872
Claims Reported,month,cumulative,Synthetic,Portfolio,Auto,2023-01,12,81.0803809496989
Loss Incurred,month,cumulative,Synthetic,Portfolio,Auto,2023-01,12,491906.8740812916
Exposure,month,cumulative,Synthetic,Portfolio,Auto,2023-01,12,11101.45663388928
Earned Premium,month,cumulative,Synthetic,Portfolio,Auto,2023-01,12,867275.8713546519
Claims Reported,month,cumulative,Synthetic,Portfolio,Auto,2023-01,13,82.19975809743259
Loss Incurred,month,cumulative,Synthetic,Portfolio,Auto,2023-01,13,489396.0412216857
Exposure,month,cumulative,Synthetic,Portfolio,Auto,2023-01,13,11055.03800024423
Earned Premium,month,cumulative,Synthetic,Portfolio,Auto,2023-01,13,864422.2222997927
Claims Reported,month,cumulative,Synthetic,Portfolio,Auto,2023-01,14,83.00731653943701
Loss Incurred,month,cumulative,Synthetic,Portfolio,Auto,2023-01,14,486885.86032986705
Exposure,month,cumulative,Synthetic,Portfolio,Auto,2023-01,14,11012.411965598047
Earned Premium,month,cumulative,Synthetic,Portfolio,Auto,2023-01,14,861750.3076694885
Claims Reported,month,cumulative,Synthetic,Portfolio,Auto,2023-01,15,83.58599037439001
Loss Incurred,month,cumulative,Synthetic,Portfolio,Auto,2023-01,15,484376.45660687564
Exposure,month,cumulative,Synthetic,Portfolio,Auto,2023-01,15,10973.268658547007
Earned Premium,month,cumulative,Synthetic,Portfolio,Auto,2023-01,15,859248.5537206358
Claims Reported,month,cumulative,Synthetic,Portfolio,Auto,2023-01,16,83.99864496737999
Loss Incurred,month,cumulative,Synthetic,Portfolio,Auto,2023-01,16,481867.95509854954
Exposure,month,cumulative,Synthetic,Portfolio,Auto,2023-01,16,10937.323525493703
Earned Premium,month,cumulative,Synthetic,Portfolio,Auto,2023-01,16,856906.1237830868
Claims Reported,month,cumulative,Synthetic,Portfolio,Auto,2023-01,17,84.29189355704698
Loss Incurred,month,cumulative,Synthetic,Portfolio,Auto,2023-01,17,479360.4806706438
Exposure,month,cumulative,Synthetic,Portfolio,Auto,2023-01,17,10904.315262075002
Earned Premium,month,cumulative,Synthetic,Portfolio,Auto,2023-01,17,854712.8713192135
Claims Reported,month,cumulative,Synthetic,Portfolio,Auto,2023-01,18,84.49977519819804
Loss Incurred,month,cumulative,Synthetic,Portfolio,Auto,2023-01,18,476854.1579840248
Exposure,month,cumulative,Synthetic,Portfolio,Auto,2023-01,18,10874.003913601131
Earned Premium,month,cumulative,Synthetic,Portfolio,Auto,2023-01,18,852659.2959728704
Claims Reported,month,cumulative,Synthetic,Portfolio,Auto,2023-01,19,84.64688385594445
Loss Incurred,month,cumulative,Synthetic,Portfolio,Auto,2023-01,19,474349.11146995274
Exposure,month,cumulative,Synthetic,Portfolio,Auto,2023-01,19,10846.169130696926
Earned Premium,month,cumulative,Synthetic,Portfolio,Auto,2023-01,19,850736.5024173761
Claims Reported,month,cumulative,Synthetic,Portfolio,Auto,2023-01,20,84.75085760699645
Loss Incurred,month,cumulative,Synthetic,Portfolio,Auto,2023-01,20,471845.46530546003
Exposure,month,cumulative,Synthetic,Portfolio,Auto,2023-01,20,10820.608567464571
Earned Premium,month,cumulative,Synthetic,Portfolio,Auto,2023-01,20,848936.1618242566
Claims Reported,month,cumulative,Synthetic,Portfolio,Auto,2023-01,21,84.82428022262147
Loss Incurred,month,cumulative,Synthetic,Portfolio,Auto,2023-01,21,469343.3433888376
Exposure,month,cumulative,Synthetic,Portfolio,Auto,2023-01,21,10797.136410523248
Earned Premium,month,cumulative,Synthetic,Portfolio,Auto,2023-01,21,847250.4757858508
Claims Reported,month,cumulative,Synthetic,Portfolio,Auto,2023-01,22,84.87609672332312
Loss Incurred,month,cumulative,Synthetic,Portfolio,Auto,2023-01,22,466842.8693152393
Exposure,month,cumulative,Synthetic,Portfolio,Auto,2023-01,22,10775.582028232457
Earned Premium,month,cumulative,Synthetic,Portfolio,Auto,2023-01,22,845672.1425355
Claims Reported,month,cumulative,Synthetic,Portfolio,Auto,2023-01,23,84.91264923459686
Loss Incurred,month,cumulative,Synthetic,Portfolio,Auto,2023-01,23,464344.1663524131
Exposure,month,cumulative,Synthetic,Portfolio,Auto,2023-01,23,10755.788730279524
Earned Premium,month,cumulative,Synthetic,Portfolio,Auto,2023-01,23,844194.3253190041
Claims Reported,month,cumulative,Synthetic,Portfolio,Auto,2023-01,24,84.93842626965385
Loss Incurred,month,cumulative,Synthetic,Portfolio,Auto,2023-01,24,461847.3574165718
Exposure,month,cumulative,Synthetic,Portfolio,Auto,2023-01,24,10737.61262861407
Earned Premium,month,cumulative,Synthetic,Portfolio,Auto,2023-01,24,842810.6227803383
Claims Reported,month,cumulative,Synthetic,Portfolio,Auto,2023-01,25,84.95660044142127
Loss Incurred,month,cumulative,Synthetic,Portfolio,Auto,2023-01,25,459352.56504840986
Exposure,month,cumulative,Synthetic,Portfolio,Auto,2023-01,25,10720.921591448934
Earned Premium,month,cumulative,Synthetic,Portfolio,Auto,2023-01,25,841515.0412333518
Claims Reported,month,cumulative,Synthetic,Portfolio,Auto,2023-01,26,84.9694122359091
Loss Incurred,month,cumulative,Synthetic,Portfolio,Auto,2023-01,26,456859.91138927906
Exposure,month,cumulative,Synthetic,Portfolio,Auto,2023-01,26,10705.594282723687
Earned Premium,month,cumulative,Synthetic,Portfolio,Auto,2023-01,26,840301.9686993447
Claims Reported,month,cumulative,Synthetic,Portfolio,Auto,2023-01,27,84.97844287608326
Loss Incurred,month,cumulative,Synthetic,Portfolio,Auto,2023-01,27,454369.5181575315
Exposure,month,cumulative,Synthetic,Portfolio,Auto,2023-01,27,10691.519280048013
Earned Premium,month,cumulative,Synthetic,Portfolio,Auto,2023-01,27,839166.1505980563
Claims Reported,month,cumulative,Synthetic,Portfolio,Auto,2023-01,28,84.98480781370841
Loss Incurred,month,cumulative,Synthetic,Portfolio,Auto,2023-01,28,451881.50662503915
Exposure,month,cumulative,Synthetic,Portfolio,Auto,2023-01,28,10678.594264712874
Earned Premium,month,cumulative,Synthetic,Portfolio,Auto,2023-01,28,838102.6669867729
Claims Reported,month,cumulative,Synthetic,Portfolio,Auto,2023-01,29,84.98929368216724
Loss Incurred,month,cumulative,Synthetic,Portfolio,Auto,2023-01,29,449395.9975939004
Exposure,month,cumulative,Synthetic,Portfolio,Auto,2023-01,29,10666.725277881184
Earned Premium,month,cumulative,Synthetic,Portfolio,Auto,2023-01,29,837106.9112489613
Claims Reported,month,cumulative,Synthetic,Portfolio,Auto,2023-01,30,84.99245510469476
Loss Incurred,month,cumulative,Synthetic,Portfolio,Auto,2023-01,30,446913.11137334275
Exposure,month,cumulative,Synthetic,Portfolio,Auto,2023-01,30,10655.826037550856
Earned Premium,month,cumulative,Synthetic,Portfolio,Auto,2023-01,30,836174.5701401142
Claims Reported,month,cumulative,Synthetic,Portfolio,Auto,2023-01,31,84.99468306276782
Loss Incurred,month,cumulative,Synthetic,Portfolio,Auto,2023-01,31,444432.9677568296
Exposure,month,cumulative,Synthetic,Portfolio,Auto,2023-01,31,10645.817311324872
Earned Premium,month,cumulative,Synthetic,Portfolio,Auto,2023-01,31,835301.6051043748
Claims Reported,month,cumulative,Synthetic,Portfolio,Auto,2023-01,32,84.99625314844532
Loss Incurred,month,cumulative,Synthetic,Portfolio,Auto,2023-01,32,441955.6859993824
Exposure,month,cumulative,Synthetic,Portfolio,Auto,2023-01,32,10636.626340428671
Earned Premium,month,cumulative,Synthetic,Portfolio,Auto,2023-01,32,834484.2347810114
Claims Reported,month,cumulative,Synthetic,Portfolio,Auto,2023-01,33,84.99735960396404
Loss Incurred,month,cumulative,Synthetic,Portfolio,Auto,2023-01,33,439481.3847951258
Exposure,month,cumulative,Synthetic,Portfolio,Auto,2023-01,33,10628.186310787787
Earned Premium,month,cumulative,Synthetic,Portfolio,Auto,2023-01,33,833718.9186249647
Claims Reported,month,cumulative,Synthetic,Portfolio,Auto,2023-01,34,84.99813932729259
Loss Incurred,month,cumulative,Synthetic,Portfolio,Auto,2023-01,34,437010.1822550636
Exposure,month,cumulative,Synthetic,Portfolio,Auto,2023-01,34,10620.435867320663
Earned Premium,month,cumulative,Synthetic,Portfolio,Auto,2023-01,34,833002.3415705201
Claims Reported,month,cumulative,Synthetic,Portfolio,Auto,2023-01,35,84.99868879762802
Loss Incurred,month,cumulative,Synthetic,Portfolio,Auto,2023-01,35,434542.1958850963
Exposure,month,cumulative,Synthetic,Portfolio,Auto,2023-01,35,10613.318667915803
Earned Premium,month,cumulative,Synthetic,Portfolio,Auto,2023-01,35,832331.399671673
Claims Reported,month,cumulative,Synthetic,Portfolio,Auto,2023-02,0,20.698511998368705
Loss Incurred,month,cumulative,Synthetic,Portfolio,Auto,2023-02,0,581017.4848902844
Exposure,month,cumulative,Synthetic,Portfolio,Auto,2023-02,0,12342.543386210651
Earned Premium,month,cumulative,Synthetic,Portfolio,Auto,2023-02,0,986414.0998780571
Claims Reported,month,cumulative,Synthetic,Portfolio,Auto,2023-02,1,26.98418995717296
Loss Incurred,month,cumulative,Synthetic,Portfolio,Auto,2023-02,1,578221.9076966575
Exposure,month,cumulative,Synthetic,Portfolio,Auto,2023-02,1,12195.727051188393
Earned Premium,month,cumulative,Synthetic,Portfolio,Auto,2023-02,1,978781.4620065864
Claims Reported,month,cumulative,Synthetic,Portfolio,Auto,2023-02,2,34.33094781421476
Loss Incurred,month,cumulative,Synthetic,Portfolio,Auto,2023-02,2,575425.4112722102
Exposure,month,cumulative,Synthetic,Portfolio,Auto,2023-02,2,12062.299794299179
Earned Premium,month,cumulative,Synthetic,Portfolio,Auto,2023-02,2,971700.046488472
Claims Reported,month,cumulative,Synthetic,Portfolio,Auto,2023-02,3,42.481409027577264
Loss Incurred,month,cumulative,Synthetic,Portfolio,Auto,2023-02,3,572628.1350514566
Exposure,month,cumulative,Synthetic,Portfolio,Auto,2023-02,3,11941.040583746888
Earned Premium,month,cumulative,Synthetic,Portfolio,Auto,2023-02,3,965130.0445331025
Claims Reported,month,cumulative,Synthetic,Portfolio,Auto,2023-02,4,51.016401551470736
Loss Incurred,month,cumulative,Synthetic,Portfolio,Auto,2023-02,4,569830.2186246795
Exposure,month,cumulative,Synthetic,Portfolio,Auto,2023-02,4,11830.83974108118
Earned Premium,month,cumulative,Synthetic,Portfolio,Auto,2023-02,4,959034.5223054994
Claims Reported,month,cumulative,Synthetic,Portfolio,Auto,2023-02,5,59.43056676711877
Loss Incurred,month,cumulative,Synthetic,Portfolio,Auto,2023-02,5,567031.8017100955
Exposure,month,cumulative,Synthetic,Portfolio,Auto,2023-02,5,11730.688786205921
Earned Premium,month,cumulative,Synthetic,Portfolio,Auto,2023-02,5,953379.2132995657
Claims Reported,month,cumulative,Synthetic,Portfolio,Auto,2023-02,6,67.24623505153784
Loss Incurred,month,cumulative,Synthetic,Portfolio,Auto,2023-02,6,564233.0241259651
Exposure,month,cumulative,Synthetic,Portfolio,Auto,2023-02,6,11639.671208483285
Earned Premium,month,cumulative,Synthetic,Portfolio,Auto,2023-02,6,948132.325705954
Claims Reported,month,cumulative,Synthetic,Portfolio,Auto,2023-02,7,74.11466246699578
Loss Incurred,month,cumulative,Synthetic,Portfolio,Auto,2023-02,7,561434.0257626612
Exposure,month,cumulative,Synthetic,Portfolio,Auto,2023-02,7,11556.954079477233
Earned Premium,month,cumulative,Synthetic,Portfolio,Auto,2023-02,7,943264.3636916572
Claims Reported,month,cumulative,Synthetic,Portfolio,Auto,2023-02,8,79.86285208376633
Loss Incurred,month,cumulative,Synthetic,Portfolio,Auto,2023-02,8,558634.9465547058
Exposure,month,cumulative,Synthetic,Portfolio,Auto,2023-02,8,11481.780430582132
Earned Premium,month,cumulative,Synthetic,Portfolio,Auto,2023-02,8,938747.9615866285
Claims Reported,month,cumulative,Synthetic,Portfolio,Auto,2023-02,9,84.4800449769657
Loss Incurred,month,cumulative,Synthetic,Portfolio,Auto,2023-02,9,555835.9264527888
Exposure,month,cumulative,Synthetic,Portfolio,Auto,2023-02,9,11413.462325781973
Earned Premium,month,cumulative,Synthetic,Portfolio,Auto,2023-02,9,934557.7300452973
Claims Reported,month,cumulative,Synthetic,Portfolio,Auto,2023-02,10,88.0680110027192
Loss Incurred,month,cumulative,Synthetic,Portfolio,Auto,2023-02,10,553037.1053957794
Exposure,month,cumulative,Synthetic,Portfolio,Auto,2023-02,10,11351.374566146964
Earned Premium,month,cumulative,Synthetic,Portfolio,Auto,2023-02,10,930670.1133181648
Claims Reported,month,cumulative,Synthetic,Portfolio,Auto,2023-02,11,90.78511179901352
Loss Incurred,month,cumulative,Synthetic,Portfolio,Auto,2023-02,11,550238.6232827433
Exposure,month,cumulative,Synthetic,Portfolio,Auto,2023-02,11,11294.948968455536
Earned Premium,month,cumulative,Synthetic,Portfolio,Auto,2023-02,11,927063.2568311177
Claims Reported,month,cumulative,Synthetic,Portfolio,Auto,2023-02,12,92.80275972027772
Loss Incurred,month,cumulative,Synthetic,Portfolio,Auto,2023-02,12,547440.6199449758
Exposure,month,cumulative,Synthetic,Portfolio,Auto,2023-02,12,11243.669165583733
Earned Premium,month,cumulative,Synthetic,Portfolio,Auto,2023-02,12,923716.8843280469
Claims Reported,month,cumulative,Synthetic,Portfolio,Auto,2023-02,13,94.2792956249317
Loss Incurred,month,cumulative,Synthetic,Portfolio,Auto,2023-02,13,544643.2351180648
Exposure,month,cumulative,Synthetic,Portfolio,Auto,2023-02,13,11197.065881078868
Earned Premium,month,cumulative,Synthetic,Portfolio,Auto,2023-02,13,920612.1838861181
Claims Reported,month,cumulative,Synthetic,Portfolio,Auto,2023-02,14,95.34833366648998
Loss Incurred,month,cumulative,Synthetic,Portfolio,Auto,2023-02,14,541846.6084139928
Exposure,month,cumulative,Synthetic,Portfolio,Auto,2023-02,14,11154.712634673631
Earned Premium,month,cumulative,Synthetic,Portfolio,Auto,2023-02,14,917731.7021629189
Claims Reported,month,cumulative,Synthetic,Portfolio,Auto,2023-02,15,96.11635102646443
Loss Incurred,month,cumulative,Synthetic,Portfolio,Auto,2023-02,15,539050.879293293
Exposure,month,cumulative,Synthetic,Portfolio,Auto,2023-02,15,11116.221839440614
Earned Premium,month,cumulative,Synthetic,Portfolio,Auto,2023-02,15,915059.2462809817
Claims Reported,month,cumulative,Synthetic,Portfolio,Auto,2023-02,16,96.66503753857222
Loss Incurred,month,cumulative,Synthetic,Portfolio,Auto,2023-02,16,536256.1870372699
Exposure,month,cumulative,Synthetic,Portfolio,Auto,2023-02,16,11081.241254871144
Earned Premium,month,cumulative,Synthetic,Portfolio,Auto,2023-02,16,912579.7927981219
Claims Reported,month,cumulative,Synthetic,Portfolio,Auto,2023-02,17,97.05546823018169
Loss Incurred,month,cumulative,Synthetic,Portfolio,Auto,2023-02,17,533462.6707202934
Exposure,month,cumulative,Synthetic,Portfolio,Auto,2023-02,17,11049.450763419509
Earned Premium,month,cumulative,Synthetic,Portfolio,Auto,2023-02,17,910279.4032518559
Claims Reported,month,cumulative,Synthetic,Portfolio,Auto,2023-02,18,97.3324998460738
Loss Incurred,month,cumulative,Synthetic,Portfolio,Auto,2023-02,18,530670.4691821835
Exposure,month,cumulative,Synthetic,Portfolio,Auto,2023-02,18,11020.559441013806
Earned Premium,month,cumulative,Synthetic,Portfolio,Auto,2023-02,18,908145.145803127
Claims Reported,month,cumulative,Synthetic,Portfolio,Auto,2023-02,19,97.52867254655065
Loss Incurred,month,cumulative,Synthetic,Portfolio,Auto,2023-02,19,527879.7210006927
Exposure,month,cumulative,Synthetic,Portfolio,Auto,2023-02,19,10994.302894724795
Earned Premium,month,cumulative,Synthetic,Portfolio,Auto,2023-02,19,906165.0225388528
Claims Reported,month,cumulative,Synthetic,Portfolio,Auto,2023-02,20,97.66738875212049
Loss Incurred,month,cumulative,Synthetic,Portfolio,Auto,2023-02,20,525090.5644640996
Exposure,month,cumulative,Synthetic,Portfolio,Auto,2023-02,20,10970.440843228986
Earned Premium,month,cumulative,Synthetic,Portfolio,Auto,2023-02,20,904327.9020246172
Claims Reported,month,cumulative,Synthetic,Portfolio,Auto,2023-02,21,97.76537765633873
Loss Incurred,month,cumulative,Synthetic,Portfolio,Auto,2023-02,21,522303.13754392485
Exposure,month,cumulative,Synthetic,Portfolio,Auto,2023-02,21,10948.754917924065
Earned Premium,month,cumulative,Synthetic,Portfolio,Auto,2023-02,21,902623.456728348
Claims Reported,month,cumulative,Synthetic,Portfolio,Auto,2023-02,22,97.83454745258477
Loss Incurred,month,cumulative,Synthetic,Portfolio,Auto,2023-02,22,519517.57786778116
Exposure,month,cumulative,Synthetic,Portfolio,Auto,2023-02,22,10929.046664574045
Earned Premium,month,cumulative,Synthetic,Portfolio,Auto,2023-02,22,901042.1049632011
Claims Reported,month,cumulative,Synthetic,Portfolio,Auto,2023-02,23,97.88334940163904
Loss Incurred,month,cumulative,Synthetic,Portfolio,Auto,2023-02,23,516734.02269236784
Exposure,month,cumulative,Synthetic,Portfolio,Auto,2023-02,23,10911.135727196594
Earned Premium,month,cumulative,Synthetic,Portfolio,Auto,2023-02,23,899574.9570232779
Claims Reported,month,cumulative,Synthetic,Portfolio,Auto,2023-02,24,97.91776880731216
Loss Incurred,month,cumulative,Synthetic,Portfolio,Auto,2023-02,24,513952.608876621
Exposure,month,cumulative,Synthetic,Portfolio,Auto,2023-02,24,10894.858197572756
Earned Premium,month,cumulative,Synthetic,Portfolio,Auto,2023-02,24,898213.7652093734
Claims Reported,month,cumulative,Synthetic,Portfolio,Auto,2023-02,25,97.94203829532404
Loss Incurred,month,cumulative,Synthetic,Portfolio,Auto,2023-02,25,511173.4728550331
Exposure,month,cumulative,Synthetic,Portfolio,Auto,2023-02,25,10880.065115274987
Earned Premium,month,cumulative,Synthetic,Portfolio,Auto,2023-02,25,896950.877463822
Claims Reported,month,cumulative,Synthetic,Portfolio,Auto,2023-02,26,97.95914794179215
Loss Incurred,month,cumulative,Synthetic,Portfolio,Auto,2023-02,26,508396.750611148
Exposure,month,cumulative,Synthetic,Portfolio,Auto,2023-02,26,10866.621104486752
Earned Premium,month,cumulative,Synthetic,Portfolio,Auto,2023-02,26,895779.1943537911
Claims Reported,month,cumulative,Synthetic,Portfolio,Auto,2023-02,27,97.97120849681845
Loss Incurred,month,cumulative,Synthetic,Portfolio,Auto,2023-02,27,505622.577651247
Exposure,month,cumulative,Synthetic,Portfolio,Auto,2023-02,27,10854.403135138922
Earned Premium,month,cumulative,Synthetic,Portfolio,Auto,2023-02,27,894692.1291612057
Claims Reported,month,cumulative,Synthetic,Portfolio,Auto,2023-02,28,97.97970921019522
Loss Incurred,month,cumulative,Synthetic,Portfolio,Auto,2023-02,28,502851.08897823346
Exposure,month,cumulative,Synthetic,Portfolio,Auto,2023-02,28,10843.29939702565
Earned Premium,month,cumulative,Synthetic,Portfolio,Auto,2023-02,28,893683.5708549417
Claims Reported,month,cumulative,Synthetic,Portfolio,Auto,2023-02,29,97.98570044776179
Loss Incurred,month,cumulative,Synthetic,Portfolio,Auto,2023-02,29,500082.4190657288
Exposure,month,cumulative,Synthetic,Portfolio,Auto,2023-02,29,10833.20827659654
Earned Premium,month,cumulative,Synthetic,Portfolio,Auto,2023-02,29,892747.8497371359
Claims Reported,month,cumulative,Synthetic,Portfolio,Auto,2023-02,30,97.98992284162382
Loss Incurred,month,cumulative,Synthetic,Portfolio,Auto,2023-02,30,497316.70183238754
Exposure,month,cumulative,Synthetic,Portfolio,Auto,2023-02,30,10824.037427061368
Earned Premium,month,cumulative,Synthetic,Portfolio,Auto,2023-02,30,891879.7055704873
Claims Reported,month,cumulative,Synthetic,Portfolio,Auto,2023-02,31,97.99289853086822
Loss Incurred,month,cumulative,Synthetic,Portfolio,Auto,2023-02,31,494554.07061644463
Exposure,month,cumulative,Synthetic,Portfolio,Auto,2023-02,31,10815.702923297626
Earned Premium,month,cumulative,Synthetic,Portfolio,Auto,2023-02,31,891074.2580073789
Claims Reported,month,cumulative,Synthetic,Portfolio,Auto,2023-02,32,97.9949955721912
Loss Incurred,month,cumulative,Synthetic,Portfolio,Auto,2023-02,32,491794.6581505034
Exposure,month,cumulative,Synthetic,Portfolio,Auto,2023-02,32,10808.128493827226
Earned Premium,month,cumulative,Synthetic,Portfolio,Auto,2023-02,32,890326.9791545798
Claims Reported,month,cumulative,Synthetic,Portfolio,Auto,2023-02,33,97.99647338614498
Loss Incurred,month,cumulative,Synthetic,Portfolio,Auto,2023-02,33,489038.5965365735
Exposure,month,cumulative,Synthetic,Portfolio,Auto,2023-02,33,10801.244822833916
Earned Premium,month,cumulative,Synthetic,Portfolio,Auto,2023-02,33,889633.668119302
Claims Reported,month,cumulative,Synthetic,Portfolio,Auto,2023-02,34,97.9975148108091
Loss Incurred,month,cumulative,Synthetic,Portfolio,Auto,2023-02,34,486286.01722137036
Exposure,month,cumulative,Synthetic,Portfolio,Auto,2023-02,34,10794.988915834021
Earned Premium,month,cumulative,Synthetic,Portfolio,Auto,2023-02,34,888990.4273935173
Claims Reported,month,cumulative,Synthetic,Portfolio,Auto,2023-03,0,11.897948125640163
Loss Incurred,month,cumulative,Synthetic,Portfolio,Auto,2023-03,0,384796.1415150787
Exposure,month,cumulative,Synthetic,Portfolio,Auto,2023-03,0,13109.881797725639
Earned Premium,month,cumulative,Synthetic,Portfolio,Auto,2023-03,0,1063715.0108408236
Claims Reported,month,cumulative,Synthetic,Portfolio,Auto,2023-03,1,15.730561614695954
Loss Incurred,month,cumulative,Synthetic,Portfolio,Auto,2023-03,1,382950.39803757466
Exposure,month,cumulative,Synthetic,Portfolio,Auto,2023-03,1,12904.966466321086
Earned Premium,month,cumulative,Synthetic,Portfolio,Auto,2023-03,1,1057681.6456515607
Claims Reported,month,cumulative,Synthetic,Portfolio,Auto,2023-03,2,20.34993283399437
Loss Incurred,month,cumulative,Synthetic,Portfolio,Auto,2023-03,2,381103.9925711175
Exposure,month,cumulative,Synthetic,Portfolio,Auto,2023-03,2,12724.607083244362
Earned Premium,month,cumulative,Synthetic,Portfolio,Auto,2023-03,2,1051967.677375885
Claims Reported,month,cumulative,Synthetic,Portfolio,Auto,2023-03,3,25.659879823262525
Loss Incurred,month,cumulative,Synthetic,Portfolio,Auto,2023-03,3,379257.0171256085
Exposure,month,cumulative,Synthetic,Portfolio,Auto,2023-03,3,12565.860996063626
Earned Premium,month,cumulative,Synthetic,Portfolio,Auto,2023-03,3,1046556.1976409048
Claims Reported,month,cumulative,Synthetic,Portfolio,Auto,2023-03,4,31.441138473732504
Loss Incurred,month,cumulative,Synthetic,Portfolio,Auto,2023-03,4,377409.5638247756
Exposure,month,cumulative,Synthetic,Portfolio,Auto,2023-03,4,12426.138183946478
Earned Premium,month,cumulative,Synthetic,Portfolio,Auto,2023-03,4,1041431.1931765362
Claims Reported,month,cumulative,Synthetic,Portfolio,Auto,2023-03,5,37.37513817495319
Loss Incurred,month,cumulative,Synthetic,Portfolio,Auto,2023-03,5,375561.7248878171
Exposure,month,cumulative,Synthetic,Portfolio,Auto,2023-03,5,12303.159000190615
Earned Premium,month,cumulative,Synthetic,Portfolio,Auto,2023-03,5,1036577.4984301592
Claims Reported,month,cumulative,Synthetic,Portfolio,Auto,2023-03,6,43.10849618064297
Loss Incurred,month,cumulative,Synthetic,Portfolio,Auto,2023-03,6,373713.5926110036
Exposure,month,cumulative,Synthetic,Portfolio,Auto,2023-03,6,12194.91697866175
Earned Premium,month,cumulative,Synthetic,Portfolio,Auto,2023-03,6,1031980.7506897822
Claims Reported,month,cumulative,Synthetic,Portfolio,Auto,2023-03,7,48.333295215451706
Loss Incurred,month,cumulative,Synthetic,Portfolio,Auto,2023-03,7,371865.2593492483
Exposure,month,cumulative,Synthetic,Portfolio,Auto,2023-03,7,12099.646097307432
Earned Premium,month,cumulative,Synthetic,Portfolio,Auto,2023-03,7,1027627.3475829154
Claims Reported,month,cumulative,Synthetic,Portfolio,Auto,2023-03,8,52.84689586811347
Loss Incurred,month,cumulative,Synthetic,Portfolio,Auto,2023-03,8,370016.81749765243
Exposure,month,cumulative,Synthetic,Portfolio,Auto,2023-03,8,12015.791964634862
Earned Premium,month,cumulative,Synthetic,Portfolio,Auto,2023-03,8,1023504.406825387
Claims Reported,month,cumulative,Synthetic,Portfolio,Auto,2023-03,9,56.56958389217944
Loss Incurred,month,cumulative,Synthetic,Portfolio,Auto,2023-03,9,368168.3594730324
Exposure,month,cumulative,Synthetic,Portfolio,Auto,2023-03,9,11941.986459045826
Earned Premium,month,cumulative,Synthetic,Portfolio,Auto,2023-03,9,1019599.728100994
Claims Reported,month,cumulative,Synthetic,Portfolio,Auto,2023-03,10,59.52439040230878
Loss Incurred,month,cumulative,Synthetic,Portfolio,Auto,2023-03,10,366319.97769543953
Exposure,month,cumulative,Synthetic,Portfolio,Auto,2023-03,10,11877.025407256955
Earned Premium,month,cumulative,Synthetic,Portfolio,Auto,2023-03,10,1015901.7569591851
Claims Reported,month,cumulative,Synthetic,Portfolio,Auto,2023-03,11,61.7990955661959
Loss Incurred,month,cumulative,Synthetic,Portfolio,Auto,2023-03,11,364471.7645696766
Exposure,month,cumulative,Synthetic,Portfolio,Auto,2023-03,11,11819.848937617773
Earned Premium,month,cumulative,Synthetic,Portfolio,Auto,2023-03,11,1012399.5506239438
Claims Reported,month,cumulative,Synthetic,Portfolio,Auto,2023-03,12,63.50936631475159
Loss Incurred,month,cumulative,Synthetic,Portfolio,Auto,2023-03,12,362623.8124668223
Exposure,month,cumulative,Synthetic,Portfolio,Auto,2023-03,12,11769.524187781122
Earned Premium,month,cumulative,Synthetic,Portfolio,Auto,2023-03,12,1009082.7456126951
Claims Reported,month,cumulative,Synthetic,Portfolio,Auto,2023-03,13,64.77256236137987
Loss Incurred,month,cumulative,Synthetic,Portfolio,Auto,2023-03,13,360776.2137057688
Exposure,month,cumulative,Synthetic,Portfolio,Auto,2023-03,13,11725.230084593162
Earned Premium,month,cumulative,Synthetic,Portfolio,Auto,2023-03,13,1005941.5270694178
Claims Reported,month,cumulative,Synthetic,Portfolio,Auto,2023-03,14,65.69333245004738
Loss Incurred,month,cumulative,Synthetic,Portfolio,Auto,2023-03,14,358929.0605347832
Exposure,month,cumulative,Synthetic,Portfolio,Auto,2023-03,14,11686.243947879237
Earned Premium,month,cumulative,Synthetic,Portfolio,Auto,2023-03,14,1002966.5997212118
Claims Reported,month,cumulative,Synthetic,Portfolio,Auto,2023-03,15,66.35807091288974
Loss Incurred,month,cumulative,Synthetic,Portfolio,Auto,2023-03,15,357082.4451130965
Exposure,month,cumulative,Synthetic,Portfolio,Auto,2023-03,15,11651.929699559832
Earned Premium,month,cumulative,Synthetic,Portfolio,Auto,2023-03,15,1000149.1603723821
Claims Reported,month,cumulative,Synthetic,Portfolio,Auto,2023-03,16,66.83464242229047
Loss Incurred,month,cumulative,Synthetic,Portfolio,Auto,2023-03,16,355236.45949253265
Exposure,month,cumulative,Synthetic,Portfolio,Auto,2023-03,16,11621.727485722495
Earned Premium,month,cumulative,Synthetic,Portfolio,Auto,2023-03,16,997480.8718546401
Claims Reported,month,cumulative,Synthetic,Portfolio,Auto,2023-03,17,67.17460914047159
Loss Incurred,month,cumulative,Synthetic,Portfolio,Auto,2023-03,17,353391.195599182
Exposure,month,cumulative,Synthetic,Portfolio,Auto,2023-03,17,11595.144542328673
Earned Premium,month,cumulative,Synthetic,Portfolio,Auto,2023-03,17,994953.8383563427
Claims Reported,month,cumulative,Synthetic,Portfolio,Auto,2023-03,18,67.41626447691
Loss Incurred,month,cumulative,Synthetic,Portfolio,Auto,2023-03,18,351546.7452151286
Exposure,month,cumulative,Synthetic,Portfolio,Auto,2023-03,18,11571.74715552501
Earned Premium,month,cumulative,Synthetic,Portfolio,Auto,2023-03,18,992560.5820577622
Claims Reported,month,cumulative,Synthetic,Portfolio,Auto,2023-03,19,67.58760307856033
Loss Incurred,month,cumulative,Synthetic,Portfolio,Auto,2023-03,19,349703.1999602375
Exposure,month,cumulative,Synthetic,Portfolio,Auto,2023-03,19,11551.15358538757
Earned Premium,month,cumulative,Synthetic,Portfolio,Auto,2023-03,19,990294.021003247
Claims Reported,month,cumulative,Synthetic,Portfolio,Auto,2023-03,20,67.70886739247483
Loss Incurred,month,cumulative,Synthetic,Portfolio,Auto,2023-03,20,347860.65127401205
Exposure,month,cumulative,Synthetic,Portfolio,Auto,2023-03,20,11533.027837646407
Earned Premium,month,cumulative,Synthetic,Portfolio,Auto,2023-03,20,988147.4481447979
Claims Reported,month,cumulative,Synthetic,Portfolio,Auto,2023-03,21,67.79458260210001
Loss Incurred,month,cumulative,Synthetic,Portfolio,Auto,2023-03,21,346019.19039752695
Exposure,month,cumulative,Synthetic,Portfolio,Auto,2023-03,21,11517.074181773065
Earned Premium,month,cumulative,Synthetic,Portfolio,Auto,2023-03,21,986114.5114950436
Claims Reported,month,cumulative,Synthetic,Portfolio,Auto,2023-03,22,67.85511555613598
Loss Incurred,month,cumulative,Synthetic,Portfolio,Auto,2023-03,22,344178.9083554444
Exposure,month,cumulative,Synthetic,Portfolio,Auto,2023-03,22,11503.032325990913
Earned Premium,month,cumulative,Synthetic,Portfolio,Auto,2023-03,22,984189.1953308859
Claims Reported,month,cumulative,Synthetic,Portfolio,Auto,2023-03,23,67.89783737654679
Loss Incurred,month,cumulative,Synthetic,Portfolio,Auto,2023-03,23,342339.8959381226
Exposure,month,cumulative,Synthetic,Portfolio,Auto,2023-03,23,11490.673170486234
Earned Premium,month,cumulative,Synthetic,Portfolio,Auto,2023-03,23,982365.8023921953
Claims Reported,month,cumulative,Synthetic,Portfolio,Auto,2023-03,24,67.92797526052591
Loss Incurred,month,cumulative,Synthetic,Portfolio,Auto,2023-03,24,340502.2436838227
Exposure,month,cumulative,Synthetic,Portfolio,Auto,2023-03,24,11479.79506953159
Earned Premium,month,cumulative,Synthetic,Portfolio,Auto,2023-03,24,980638.9370228802
Claims Reported,month,cumulative,Synthetic,Portfolio,Auto,2023-03,25,67.94922914327884
Loss Incurred,month,cumulative,Synthetic,Portfolio,Auto,2023-03,25,338666.04186102137
Exposure,month,cumulative,Synthetic,Portfolio,Auto,2023-03,25,11470.220541536162
Earned Premium,month,cumulative,Synthetic,Portfolio,Auto,2023-03,25,979003.4892044405
Claims Reported,month,cumulative,Synthetic,Portfolio,Auto,2023-03,26,67.96421449165983
Loss Incurred,month,cumulative,Synthetic,Portfolio,Auto,2023-03,26,336831.3804508373
Exposure,month,cumulative,Synthetic,Portfolio,Auto,2023-03,26,11461.793373345912
Earned Premium,month,cumulative,Synthetic,Portfolio,Auto,2023-03,26,977454.6194347608
Claims Reported,month,cumulative,Synthetic,Portfolio,Auto,2023-03,27,67.9747784588059
Loss Incurred,month,cumulative,Synthetic,Portfolio,Auto,2023-03,27,334998.3491295779
Exposure,month,cumulative,Synthetic,Portfolio,Auto,2023-03,27,11454.37607154883
Earned Premium,month,cumulative,Synthetic,Portfolio,Auto,2023-03,27,975987.7444073957
Claims Reported,month,cumulative,Synthetic,Portfolio,Auto,2023-03,28,67.98222473334377
Loss Incurred,month,cumulative,Synthetic,Portfolio,Auto,2023-03,28,333167.0372514141
Exposure,month,cumulative,Synthetic,Portfolio,Auto,2023-03,28,11447.847619201968
Earned Premium,month,cumulative,Synthetic,Portfolio,Auto,2023-03,28,974598.5234489724
Claims Reported,month,cumulative,Synthetic,Portfolio,Auto,2023-03,29,67.98747301427734
Loss Incurred,month,cumulative,Synthetic,Portfolio,Auto,2023-03,29,331337.5338311893
Exposure,month,cumulative,Synthetic,Portfolio,Auto,2023-03,29,11442.101501380255
Earned Premium,month,cumulative,Synthetic,Portfolio,Auto,2023-03,29,973282.8456745753
Claims Reported,month,cumulative,Synthetic,Portfolio,Auto,2023-03,30,67.99117190209083
Loss Incurred,month,cumulative,Synthetic,Portfolio,Auto,2023-03,30,329509.92752737046
Exposure,month,cumulative,Synthetic,Portfolio,Auto,2023-03,30,11437.04396733287
Earned Premium,month,cumulative,Synthetic,Portfolio,Auto,2023-03,30,972036.8178231043
Claims Reported,month,cumulative,Synthetic,Portfolio,Auto,2023-03,31,67.99377870603121
Loss Incurred,month,cumulative,Synthetic,Portfolio,Auto,2023-03,31,327684.30662514694
Exposure,month,cumulative,Synthetic,Portfolio,Auto,2023-03,31,11432.59250089342
Earned Premium,month,cumulative,Synthetic,Portfolio,Auto,2023-03,31,970856.752736611
Claims Reported,month,cumulative,Synthetic,Portfolio,Auto,2023-03,32,67.99561580978562
Loss Incurred,month,cumulative,Synthetic,Portfolio,Auto,2023-03,32,325860.75901968573
Exposure,month,cumulative,Synthetic,Portfolio,Auto,2023-03,32,11428.674474187936
Earned Premium,month,cumulative,Synthetic,Portfolio,Auto,2023-03,32,969739.1584495195
Claims Reported,month,cumulative,Synthetic,Portfolio,Auto,2023-03,33,67.99691045454867
Loss Incurred,month,cumulative,Synthetic,Portfolio,Auto,2023-03,33,324039.3721995466
Exposure,month,cumulative,Synthetic,Portfolio,Auto,2023-03,33,11425.225962675226
Earned Premium,month,cumulative,Synthetic,Portfolio,Auto,2023-03,33,968680.727855449
Claims Reported,month,cumulative,Synthetic,Portfolio,Auto,2023-04,0,11.928679793328772
Loss Incurred,month,cumulative,Synthetic,Portfolio,Auto,2023-04,0,391303.83134486084
Exposure,month,cumulative,Synthetic,Portfolio,Auto,2023-04,0,13955.560894712591
Earned Premium,month,cumulative,Synthetic,Portfolio,Auto,2023-04,0,1141169.0804593917
Claims Reported,month,cumulative,Synthetic,Portfolio,Auto,2023-04,1,15.562743607676673
Loss Incurred,month,cumulative,Synthetic,Portfolio,Auto,2023-04,1,389422.47110752086
Exposure,month,cumulative,Synthetic,Portfolio,Auto,2023-04,1,13802.406452445472
Earned Premium,month,cumulative,Synthetic,Portfolio,Auto,2023-04,1,1133006.2150314176
Claims Reported,month,cumulative,Synthetic,Portfolio,Auto,2023-04,2,19.81714156688879
Loss Incurred,month,cumulative,Synthetic,Portfolio,Auto,2023-04,2,387540.4786572365
Exposure,month,cumulative,Synthetic,Portfolio,Auto,2023-04,2,13662.138020693004
Earned Premium,month,cumulative,Synthetic,Portfolio,Auto,2023-04,2,1125388.3189241788
Claims Reported,month,cumulative,Synthetic,Portfolio,Auto,2023-04,3,24.545639881897802
Loss Incurred,month,cumulative,Synthetic,Portfolio,Auto,2023-04,3,385657.9478184247
Exposure,month,cumulative,Synthetic,Portfolio,Auto,2023-04,3,13533.671404543666
Earned Premium,month,cumulative,Synthetic,Portfolio,Auto,2023-04,3,1118279.0088892726
Claims Reported,month,cumulative,Synthetic,Portfolio,Auto,2023-04,4,29.507047565180862
Loss Incurred,month,cumulative,Synthetic,Portfolio,Auto,2023-04,4,383774.9725230424
Exposure,month,cumulative,Synthetic,Portfolio,Auto,2023-04,4,13416.013630384005
Earned Premium,month,cumulative,Synthetic,Portfolio,Auto,2023-04,4,1111644.330697168
Claims Reported,month,cumulative,Synthetic,Portfolio,Auto,2023-04,5,34.40808461368842
Loss Incurred,month,cumulative,Synthetic,Portfolio,Auto,2023-04,5,381891.6467918586
Exposure,month,cumulative,Synthetic,Portfolio,Auto,2023-04,5,13308.255270779411
Earned Premium,month,cumulative,Synthetic,Portfolio,Auto,2023-04,5,1105452.596971017
Claims Reported,month,cumulative,Synthetic,Portfolio,Auto,2023-04,6,38.96931408475903
Loss Incurred,month,cumulative,Synthetic,Portfolio,Auto,2023-04,6,380008.06471568946
Exposure,month,cumulative,Synthetic,Portfolio,Auto,2023-04,6,13209.563415119148
Earned Premium,month,cumulative,Synthetic,Portfolio,Auto,2023-04,6,1099674.2358470103
Claims Reported,month,cumulative,Synthetic,Portfolio,Auto,2023-04,7,42.98475062842515
Loss Incurred,month,cumulative,Synthetic,Portfolio,Auto,2023-04,7,378124.32043660304
Exposure,month,cumulative,Synthetic,Portfolio,Auto,2023-04,7,13119.175231692767
Earned Premium,month,cumulative,Synthetic,Portfolio,Auto,2023-04,7,1094281.6497384682
Claims Reported,month,cumulative,Synthetic,Portfolio,Auto,2023-04,8,46.350329416576336
Loss Incurred,month,cumulative,Synthetic,Portfolio,Auto,2023-04,8,376240.5081291024
Exposure,month,cumulative,Synthetic,Portfolio,Auto,2023-04,8,13036.392071436403
Earned Premium,month,cumulative,Synthetic,Portfolio,Auto,2023-04,8,1089249.0835291282
Claims Reported,month,cumulative,Synthetic,Portfolio,Auto,2023-04,9,49.057051878612526
Loss Incurred,month,cumulative,Synthetic,Portfolio,Auto,2023-04,9,374356.7219812956
Exposure,month,cumulative,Synthetic,Portfolio,Auto,2023-04,9,12960.57406777432
Earned Premium,month,cumulative,Synthetic,Portfolio,Auto,2023-04,9,1084552.5015661118
Claims Reported,month,cumulative,Synthetic,Portfolio,Auto,2023-04,10,51.16247495315226
Loss Incurred,month,cumulative,Synthetic,Portfolio,Auto,2023-04,10,372473.0561760589
Exposure,month,cumulative,Synthetic,Portfolio,Auto,2023-04,10,12891.135190815501
Earned Premium,month,cumulative,Synthetic,Portfolio,Auto,2023-04,10,1080169.4728650895
Claims Reported,month,cumulative,Synthetic,Portfolio,Auto,2023-04,11,52.7580741088792
Loss Incurred,month,cumulative,Synthetic,Portfolio,Auto,2023-04,11,370589.6048722029
Exposure,month,cumulative,Synthetic,Portfolio,Auto,2023-04,11,12827.53871767711
Earned Premium,month,cumulative,Synthetic,Portfolio,Auto,2023-04,11,1076079.0639793808
Claims Reported,month,cumulative,Synthetic,Portfolio,Auto,2023-04,12,53.94359460569335
Loss Incurred,month,cumulative,Synthetic,Portfolio,Auto,2023-04,12,368706.4621856484
Exposure,month,cumulative,Synthetic,Portfolio,Auto,2023-04,12,12769.293083922974
Earned Premium,month,cumulative,Synthetic,Portfolio,Auto,2023-04,12,1072261.7390213248
Claims Reported,month,cumulative,Synthetic,Portfolio,Auto,2023-04,13,54.81153323000652
Loss Incurred,month,cumulative,Synthetic,Portfolio,Auto,2023-04,13,366823.7221706212
Exposure,month,cumulative,Synthetic,Portfolio,Auto,2023-04,13,12715.948084051068
Earned Premium,month,cumulative,Synthetic,Portfolio,Auto,2023-04,13,1068699.2663584305
Claims Reported,month,cumulative,Synthetic,Portfolio,Auto,2023-04,14,55.440127304414766
Loss Incurred,month,cumulative,Synthetic,Portfolio,Auto,2023-04,14,364941.4788008722
Exposure,month,cumulative,Synthetic,Portfolio,Auto,2023-04,14,12667.091391661977
Earned Premium,month,cumulative,Synthetic,Portfolio,Auto,2023-04,14,1065374.631538677
Claims Reported,month,cumulative,Synthetic,Portfolio,Auto,2023-04,15,55.89182046930156
Loss Incurred,month,cumulative,Synthetic,Portfolio,Auto,2023-04,15,363059.8259509326
Exposure,month,cumulative,Synthetic,Portfolio,Auto,2023-04,15,12622.345372411173
Earned Premium,month,cumulative,Synthetic,Portfolio,Auto,2023-04,15,1062271.9560290948
Claims Reported,month,cumulative,Synthetic,Portfolio,Auto,2023-04,16,56.21456962986007
Loss Incurred,month,cumulative,Synthetic,Portfolio,Auto,2023-04,16,361178.85737740993
Exposure,month,cumulative,Synthetic,Portfolio,Auto,2023-04,16,12581.364165111101
Earned Premium,month,cumulative,Synthetic,Portfolio,Auto,2023-04,16,1059376.4213795252
Claims Reported,month,cumulative,Synthetic,Portfolio,Auto,2023-04,17,56.44425511096255
Loss Incurred,month,cumulative,Synthetic,Portfolio,Auto,2023-04,17,359298.6667003358
Exposure,month,cumulative,Synthetic,Portfolio,Auto,2023-04,17,12543.831008421608
Earned Premium,month,cumulative,Synthetic,Portfolio,Auto,2023-04,17,1056674.198449359
Claims Reported,month,cumulative,Synthetic,Portfolio,Auto,2023-04,18,56.60724234253576
Loss Incurred,month,cumulative,Synthetic,Portfolio,Auto,2023-04,18,357419.3473845702
Exposure,month,cumulative,Synthetic,Portfolio,Auto,2023-04,18,12509.455792465596
Earned Premium,month,cumulative,Synthetic,Portfolio,Auto,2023-04,18,1054152.3813592405
Claims Reported,month,cumulative,Synthetic,Portfolio,Auto,2023-04,19,56.72266402164445
Loss Incurred,month,cumulative,Synthetic,Portfolio,Auto,2023-04,19,355540.9927212719
Exposure,month,cumulative,Synthetic,Portfolio,Auto,2023-04,19,12477.97281644527
Earned Premium,month,cumulative,Synthetic,Portfolio,Auto,2023-04,19,1051798.9258522873
Claims Reported,month,cumulative,Synthetic,Portfolio,Auto,2023-04,20,56.80428342326373
Loss Incurred,month,cumulative,Synthetic,Portfolio,Auto,2023-04,20,353663.69580944214
Exposure,month,cumulative,Synthetic,Portfolio,Auto,2023-04,20,12449.138734926635
Earned Premium,month,cumulative,Synthetic,Portfolio,Auto,2023-04,20,1049602.5917704417
Claims Reported,month,cumulative,Synthetic,Portfolio,Auto,2023-04,21,56.86194086882011
Loss Incurred,month,cumulative,Synthetic,Portfolio,Auto,2023-04,21,351787.54953755054
Exposure,month,cumulative,Synthetic,Portfolio,Auto,2023-04,21,12422.730676918183
Earned Premium,month,cumulative,Synthetic,Portfolio,Auto,2023-04,21,1047552.8893712144
Claims Reported,month,cumulative,Synthetic,Portfolio,Auto,2023-04,22,56.90264173693807
Loss Incurred,month,cumulative,Synthetic,Portfolio,Auto,2023-04,22,349912.64656524814
Exposure,month,cumulative,Synthetic,Portfolio,Auto,2023-04,22,12398.544523205366
Earned Premium,month,cumulative,Synthetic,Portfolio,Auto,2023-04,22,1045640.0292284318
Claims Reported,month,cumulative,Synthetic,Portfolio,Auto,2023-04,23,56.931358168338015
Loss Incurred,month,cumulative,Synthetic,Portfolio,Auto,2023-04,23,348039.0793051789
Exposure,month,cumulative,Synthetic,Portfolio,Auto,2023-04,23,12376.393328625556
Earned Premium,month,cumulative,Synthetic,Portfolio,Auto,2023-04,23,1043854.8754777084
Claims Reported,month,cumulative,Synthetic,Portfolio,Auto,2023-04,24,56.951611710579414
Loss Incurred,month,cumulative,Synthetic,Portfolio,Auto,2023-04,24,346166.9399048935
Exposure,month,cumulative,Synthetic,Portfolio,Auto,2023-04,24,12356.105877088668
Earned Premium,month,cumulative,Synthetic,Portfolio,Auto,2023-04,24,1042188.9021833487
Claims Reported,month,cumulative,Synthetic,Portfolio,Auto,2023-04,25,56.96589279824463
Loss Incurred,month,cumulative,Synthetic,Portfolio,Auto,2023-04,25,344296.32022887573
Exposure,month,cumulative,Synthetic,Portfolio,Auto,2023-04,25,12337.525358174498
Earned Premium,month,cumulative,Synthetic,Portfolio,Auto,2023-04,25,1040634.1526182787
Claims Reported,month,cumulative,Synthetic,Portfolio,Auto,2023-04,26,56.97596081327202
Loss Incurred,month,cumulative,Synthetic,Portfolio,Auto,2023-04,26,342427.31184068735
Exposure,month,cumulative,Synthetic,Portfolio,Auto,2023-04,26,12320.508155077689
Earned Premium,month,cumulative,Synthetic,Portfolio,Auto,2023-04,26,1039183.2012625342
Claims Reported,month,cumulative,Synthetic,Portfolio,Auto,2023-04,27,56.983057761357195
Loss Incurred,month,cumulative,Synthetic,Portfolio,Auto,2023-04,27,340560.0059852392
Exposure,month,cumulative,Synthetic,Portfolio,Auto,2023-04,27,12304.922734531812
Earned Premium,month,cumulative,Synthetic,Portfolio,Auto,2023-04,27,1037829.1183388053
Claims Reported,month,cumulative,Synthetic,Portfolio,Auto,2023-04,28,56.98805995816343
Loss Incurred,month,cumulative,Synthetic,Portfolio,Auto,2023-04,28,338694.4935711955
Exposure,month,cumulative,Synthetic,Portfolio,Auto,2023-04,28,12290.648630132282
Earned Premium,month,cumulative,Synthetic,Portfolio,Auto,2023-04,28,1036565.4367156582
Claims Reported,month,cumulative,Synthetic,Portfolio,Auto,2023-04,29,56.99158547420202
Loss Incurred,month,cumulative,Synthetic,Portfolio,Auto,2023-04,29,336830.86515351926
Exposure,month,cumulative,Synthetic,Portfolio,Auto,2023-04,29,12277.575511199819
Earned Premium,month,cumulative,Synthetic,Portfolio,Auto,2023-04,29,1035386.1210203667
Claims Reported,month,cumulative,Synthetic,Portfolio,Auto,2023-04,30,56.9940701253772
Loss Incurred,month,cumulative,Synthetic,Portfolio,Auto,2023-04,30,334969.210916164
Exposure,month,cumulative,Synthetic,Portfolio,Auto,2023-04,30,12265.602329987274
Earned Premium,month,cumulative,Synthetic,Portfolio,Auto,2023-04,30,1034285.5388138319
Claims Reported,month,cumulative,Synthetic,Portfolio,Auto,2023-04,31,56.99582115959682
Loss Incurred,month,cumulative,Synthetic,Portfolio,Auto,2023-04,31,333109.62065492076
Exposure,month,cumulative,Synthetic,Portfolio,Auto,2023-04,31,12254.63654063823
Earned Premium,month,cumulative,Synthetic,Portfolio,Auto,2023-04,31,1033258.4336899221
Claims Reported,month,cumulative,Synthetic,Portfolio,Auto,2023-04,32,56.99705515718262
Loss Incurred,month,cumulative,Synthetic,Portfolio,Auto,2023-04,32,331252.18376042665
Exposure,month,cumulative,Synthetic,Portfolio,Auto,2023-04,32,12244.593383860347
Earned Premium,month,cumulative,Synthetic,Portfolio,Auto,2023-04,32,1032299.9001707557
Claims Reported,month,cumulative,Synthetic,Portfolio,Auto,2023-05,0,30.655378376457545
Loss Incurred,month,cumulative,Synthetic,Portfolio,Auto,2023-05,0,1018319.2426092479
Exposure,month,cumulative,Synthetic,Portfolio,Auto,2023-05,0,13385.624377033342
Earned Premium,month,cumulative,Synthetic,Portfolio,Auto,2023-05,0,1004247.758941752
Claims Reported,month,cumulative,Synthetic,Portfolio,Auto,2023-05,1,39.821651324743215
Loss Incurred,month,cumulative,Synthetic,Portfolio,Auto,2023-05,1,1013416.6876341974
Exposure,month,cumulative,Synthetic,Portfolio,Auto,2023-05,1,13262.887051890437
Earned Premium,month,cumulative,Synthetic,Portfolio,Auto,2023-05,1,997674.0698710586
Claims Reported,month,cumulative,Synthetic,Portfolio,Auto,2023-05,2,50.45243147682208
Loss Incurred,month,cumulative,Synthetic,Portfolio,Auto,2023-05,2,1008512.5486114986
Exposure,month,cumulative,Synthetic,Portfolio,Auto,2023-05,2,13148.777947662125
Earned Premium,month,cumulative,Synthetic,Portfolio,Auto,2023-05,2,991501.9997744263
Claims Reported,month,cumulative,Synthetic,Portfolio,Auto,2023-05,3,62.14297965333812
Loss Incurred,month,cumulative,Synthetic,Portfolio,Auto,2023-05,3,1003607.0700889046
Exposure,month,cumulative,Synthetic,Portfolio,Auto,2023-05,3,13042.690515394659
Earned Premium,month,cumulative,Synthetic,Portfolio,Auto,2023-05,3,985707.0117748306
Claims Reported,month,cumulative,Synthetic,Portfolio,Auto,2023-05,4,74.27030115114363
Loss Incurred,month,cumulative,Synthetic,Portfolio,Auto,2023-05,4,998700.4968817551
Exposure,month,cumulative,Synthetic,Portfolio,Auto,2023-05,4,12944.060845472917
Earned Premium,month,cumulative,Synthetic,Portfolio,Auto,2023-05,4,980266.0680736593
Claims Reported,month,cumulative,Synthetic,Portfolio,Auto,2023-05,5,86.11261374177656
Loss Incurred,month,cumulative,Synthetic,Portfolio,Auto,2023-05,5,993793.0740241501
Exposure,month,cumulative,Synthetic,Portfolio,Auto,2023-05,5,12852.364670148905
Earned Premium,month,cumulative,Synthetic,Portfolio,Auto,2023-05,5,975157.5383646452
Claims Reported,month,cumulative,Synthetic,Portfolio,Auto,2023-05,6,97.01317854391101
Loss Incurred,month,cumulative,Synthetic,Portfolio,Auto,2023-05,6,988885.0467200356
Exposure,month,cumulative,Synthetic,Portfolio,Auto,2023-05,6,12767.11457678731
Earned Premium,month,cumulative,Synthetic,Portfolio,Auto,2023-05,6,970361.1138432408
Claims Reported,month,cumulative,Synthetic,Portfolio,Auto,2023-05,7,106.51459325486957
Loss Incurred,month,cumulative,Synthetic,Portfolio,Auto,2023-05,7,983976.660294211
Exposure,month,cumulative,Synthetic,Portfolio,Auto,2023-05,7,12687.857417015044
Earned Premium,month,cumulative,Synthetic,Portfolio,Auto,2023-05,7,965857.7264695826
Claims Reported,month,cumulative,Synthetic,Portfolio,Auto,2023-05,8,114.41085825743068
Loss Incurred,month,cumulative,Synthetic,Portfolio,Auto,2023-05,8,979068.160143292
Exposure,month,cumulative,Synthetic,Portfolio,Auto,2023-05,8,12614.171898003093
Earned Premium,month,cumulative,Synthetic,Portfolio,Auto,2023-05,8,961629.4731640801
Claims Reported,month,cumulative,Synthetic,Portfolio,Auto,2023-05,9,120.71721815657428
Loss Incurred,month,cumulative,Synthetic,Portfolio,Auto,2023-05,9,974159.7916866372
Exposure,month,cumulative,Synthetic,Portfolio,Auto,2023-05,9,12545.666343077059
Earned Premium,month,cumulative,Synthetic,Portfolio,Auto,2023-05,9,957659.544634265
Claims Reported,month,cumulative,Synthetic,Portfolio,Auto,2023-05,10,125.59568267528249
Loss Incurred,month,cumulative,Synthetic,Portfolio,Auto,2023-05,10,969251.800317268
Exposure,month,cumulative,Synthetic,Portfolio,Auto,2023-05,10,12481.97660975289
Earned Premium,month,cumulative,Synthetic,Portfolio,Auto,2023-05,10,953932.158549962
Claims Reported,month,cumulative,Synthetic,Portfolio,Auto,2023-05,11,129.27725193279602
Loss Incurred,month,cumulative,Synthetic,Portfolio,Auto,2023-05,11,964344.4313527993
Exposure,month,cumulative,Synthetic,Portfolio,Auto,2023-05,11,12422.764154131106
Earned Premium,month,cumulative,Synthetic,Portfolio,Auto,2023-05,11,950432.4968011131
Claims Reported,month,cumulative,Synthetic,Portfolio,Auto,2023-05,12,132.0039825156704
Loss Incurred,month,cumulative,Synthetic,Portfolio,Auto,2023-05,12,959437.9299864019
Exposure,month,cumulative,Synthetic,Portfolio,Auto,2023-05,12,12367.714231360722
Earned Premium,month,cumulative,Synthetic,Portfolio,Auto,2023-05,12,947146.6465888338
Claims Reported,month,cumulative,Synthetic,Portfolio,Auto,2023-05,13,133.99560771022854
Loss Incurred,month,cumulative,Synthetic,Portfolio,Auto,2023-05,13,954532.5412378174
Exposure,month,cumulative,Synthetic,Portfolio,Auto,2023-05,13,12316.534222607454
Earned Premium,month,cumulative,Synthetic,Portfolio,Auto,2023-05,13,944061.5451155019
Claims Reported,month,cumulative,Synthetic,Portfolio,Auto,2023-05,14,135.43556708462597
Loss Incurred,month,cumulative,Synthetic,Portfolio,Auto,2023-05,14,949628.5099044478
Exposure,month,cumulative,Synthetic,Portfolio,Auto,2023-05,14,12268.952079633156
Earned Premium,month,cumulative,Synthetic,Portfolio,Auto,2023-05,14,941164.927654004
Claims Reported,month,cumulative,Synthetic,Portfolio,Auto,2023-05,15,136.46901996699995
Loss Incurred,month,cumulative,Synthetic,Portfolio,Auto,2023-05,15,944726.0805125384
Exposure,month,cumulative,Synthetic,Portfolio,Auto,2023-05,15,12224.714878718612
Earned Premium,month,cumulative,Synthetic,Portfolio,Auto,2023-05,15,938445.2787896856
Claims Reported,month,cumulative,Synthetic,Portfolio,Auto,2023-05,16,137.2068061826813
Loss Incurred,month,cumulative,Synthetic,Portfolio,Auto,2023-05,16,939825.4972684768
Exposure,month,cumulative,Synthetic,Portfolio,Auto,2023-05,16,12183.587476243047
Earned Premium,month,cumulative,Synthetic,Portfolio,Auto,2023-05,16,935891.7866411698
Claims Reported,month,cumulative,Synthetic,Portfolio,Auto,2023-05,17,137.7315251365645
Loss Incurred,month,cumulative,Synthetic,Portfolio,Auto,2023-05,17,934927.0040102265
Exposure,month,cumulative,Synthetic,Portfolio,Auto,2023-05,17,12145.351258774077
Earned Premium,month,cumulative,Synthetic,Portfolio,Auto,2023-05,17,933494.2998780521
Claims Reported,month,cumulative,Synthetic,Portfolio,Auto,2023-05,18,138.10370541747133
Loss Incurred,month,cumulative,Synthetic,Portfolio,Auto,2023-05,18,930030.8441589173
Exposure,month,cumulative,Synthetic,Portfolio,Auto,2023-05,18,12109.802981024148
Earned Premium,month,cumulative,Synthetic,Portfolio,Auto,2023-05,18,931243.2873645945
Claims Reported,month,cumulative,Synthetic,Portfolio,Auto,2023-05,19,138.36718686791227
Loss Incurred,month,cumulative,Synthetic,Portfolio,Auto,2023-05,19,925137.2606706113
Exposure,month,cumulative,Synthetic,Portfolio,Auto,2023-05,19,12076.75368549664
Earned Premium,month,cumulative,Synthetic,Portfolio,Auto,2023-05,19,929129.8002689854
Claims Reported,month,cumulative,Synthetic,Portfolio,Auto,2023-05,20,138.55346378134152
Loss Incurred,month,cumulative,Synthetic,Portfolio,Auto,2023-05,20,920246.495988268
Exposure,month,cumulative,Synthetic,Portfolio,Auto,2023-05,20,12046.02769807896
Earned Premium,month,cumulative,Synthetic,Portfolio,Auto,2023-05,20,927145.436487531
Claims Reported,month,cumulative,Synthetic,Portfolio,Auto,2023-05,21,138.6850324395196
Loss Incurred,month,cumulative,Synthetic,Portfolio,Auto,2023-05,21,915358.7919939227
Exposure,month,cumulative,Synthetic,Portfolio,Auto,2023-05,21,12017.4616942437
Earned Premium,month,cumulative,Synthetic,Portfolio,Auto,2023-05,21,925282.3072423473
Claims Reported,month,cumulative,Synthetic,Portfolio,Auto,2023-05,22,138.77789748867502
Loss Incurred,month,cumulative,Synthetic,Portfolio,Auto,2023-05,22,910474.3899611039
Exposure,month,cumulative,Synthetic,Portfolio,Auto,2023-05,22,11990.903830894234
Earned Premium,month,cumulative,Synthetic,Portfolio,Auto,2023-05,22,923533.0057197628
Claims Reported,month,cumulative,Synthetic,Portfolio,Auto,2023-05,23,138.84341311738572
Loss Incurred,month,cumulative,Synthetic,Portfolio,Auto,2023-05,23,905593.5305075072
Exposure,month,cumulative,Synthetic,Portfolio,Auto,2023-05,23,11966.212939240071
Earned Premium,month,cumulative,Synthetic,Portfolio,Auto,2023-05,23,921890.5776247574
Claims Reported,month,cumulative,Synthetic,Portfolio,Auto,2023-05,24,138.88961836748967
Loss Incurred,month,cumulative,Synthetic,Portfolio,Auto,2023-05,24,900716.453547945
Exposure,month,cumulative,Synthetic,Portfolio,Auto,2023-05,24,11943.25777441165
Earned Premium,month,cumulative,Synthetic,Portfolio,Auto,2023-05,24,920348.4935343728
Claims Reported,month,cumulative,Synthetic,Portfolio,Auto,2023-05,25,138.92219713262824
Loss Incurred,month,cumulative,Synthetic,Portfolio,Auto,2023-05,25,895843.3982475916
Exposure,month,cumulative,Synthetic,Portfolio,Auto,2023-05,25,11921.916317825931
Earned Premium,month,cumulative,Synthetic,Portfolio,Auto,2023-05,25,918900.6229401905
Claims Reported,month,cumulative,Synthetic,Portfolio,Auto,2023-05,26,138.94516418188786
Loss Incurred,month,cumulative,Synthetic,Portfolio,Auto,2023-05,26,890974.6029755411
Exposure,month,cumulative,Synthetic,Portfolio,Auto,2023-05,26,11902.075128594472
Earned Premium,month,cumulative,Synthetic,Portfolio,Auto,2023-05,26,917541.2098766817
Claims Reported,month,cumulative,Synthetic,Portfolio,Auto,2023-05,27,138.9613533497043
Loss Incurred,month,cumulative,Synthetic,Portfolio,Auto,2023-05,27,886110.3052587048
Exposure,month,cumulative,Synthetic,Portfolio,Auto,2023-05,27,11883.628740526372
Earned Premium,month,cumulative,Synthetic,Portfolio,Auto,2023-05,27,916264.8500385415
Claims Reported,month,cumulative,Synthetic,Portfolio,Auto,2023-05,28,138.9727639295682
Loss Incurred,month,cumulative,Synthetic,Portfolio,Auto,2023-05,28,881250.7417360527
Exposure,month,cumulative,Synthetic,Portfolio,Auto,2023-05,28,11866.479101520898
Earned Premium,month,cumulative,Synthetic,Portfolio,Auto,2023-05,28,915066.4692960375
Claims Reported,month,cumulative,Synthetic,Portfolio,Auto,2023-05,29,138.98080595490623
Loss Incurred,month,cumulative,Synthetic,Portfolio,Auto,2023-05,29,876396.1481132319
Exposure,month,cumulative,Synthetic,Portfolio,Auto,2023-05,29,11850.53505236979
Earned Premium,month,cumulative,Synthetic,Portfolio,Auto,2023-05,29,913941.3035229614
Claims Reported,month,cumulative,Synthetic,Portfolio,Auto,2023-05,30,138.98647363344213
Loss Incurred,month,cumulative,Synthetic,Portfolio,Auto,2023-05,30,871546.759117573
Exposure,month,cumulative,Synthetic,Portfolio,Auto,2023-05,30,11835.71184219891
Earned Premium,month,cumulative,Synthetic,Portfolio,Auto,2023-05,30,912884.87965699
Claims Reported,month,cumulative,Synthetic,Portfolio,Auto,2023-05,31,138.9904678566606
Loss Incurred,month,cumulative,Synthetic,Portfolio,Auto,2023-05,31,866702.8084535004
Exposure,month,cumulative,Synthetic,Portfolio,Auto,2023-05,31,11821.930677973458
Earned Premium,month,cumulative,Synthetic,Portfolio,Auto,2023-05,31,911892.9979171613
Claims Reported,month,cumulative,Synthetic,Portfolio,Auto,2023-06,0,15.154352971327224
Loss Incurred,month,cumulative,Synthetic,Portfolio,Auto,2023-06,0,439917.9050640903
Exposure,month,cumulative,Synthetic,Portfolio,Auto,2023-06,0,12412.032064624229
Earned Premium,month,cumulative,Synthetic,Portfolio,Auto,2023-06,0,998682.0835161678
Claims Reported,month,cumulative,Synthetic,Portfolio,Auto,2023-06,1,19.73942880137674
Loss Incurred,month,cumulative,Synthetic,Portfolio,Auto,2023-06,1,437820.38370413845
Exposure,month,cumulative,Synthetic,Portfolio,Auto,2023-06,1,12280.053936469907
Earned Premium,month,cumulative,Synthetic,Portfolio,Auto,2023-06,1,993781.4572219778
Claims Reported,month,cumulative,Synthetic,Portfolio,Auto,2023-06,2,25.08853715091247
Loss Incurred,month,cumulative,Synthetic,Portfolio,Auto,2023-06,2,435721.98902717326
Exposure,month,cumulative,Synthetic,Portfolio,Auto,2023-06,2,12158.834702133827
Earned Premium,month,cumulative,Synthetic,Portfolio,Auto,2023-06,2,989105.2773514653
Claims Reported,month,cumulative,Synthetic,Portfolio,Auto,2023-06,3,31.01027811566152
Loss Incurred,month,cumulative,Synthetic,Portfolio,Auto,2023-06,3,433622.8254685711
Exposure,month,cumulative,Synthetic,Portfolio,Auto,2023-06,3,12047.497293591076
Earned Premium,month,cumulative,Synthetic,Portfolio,Auto,2023-06,3,984643.2643619605
Claims Reported,month,cumulative,Synthetic,Portfolio,Auto,2023-06,4,37.19731304127744
Loss Incurred,month,cumulative,Synthetic,Portfolio,Auto,2023-06,4,431522.9976171673
Exposure,month,cumulative,Synthetic,Portfolio,Auto,2023-06,4,11945.236141646757
Earned Premium,month,cumulative,Synthetic,Portfolio,Auto,2023-06,4,980385.6095091054
Claims Reported,month,cumulative,Synthetic,Portfolio,Auto,2023-06,5,43.28269971887654
Loss Incurred,month,cumulative,Synthetic,Portfolio,Auto,2023-06,5,429422.6101944488
Exposure,month,cumulative,Synthetic,Portfolio,Auto,2023-06,5,11851.311347331437
Earned Premium,month,cumulative,Synthetic,Portfolio,Auto,2023-06,5,976322.9532845095
Claims Reported,month,cumulative,Synthetic,Portfolio,Auto,2023-06,6,48.92277094034017
Loss Incurred,month,cumulative,Synthetic,Portfolio,Auto,2023-06,6,427321.7680336918
Exposure,month,cumulative,Synthetic,Portfolio,Auto,2023-06,6,11765.043328446036
Earned Premium,month,cumulative,Synthetic,Portfolio,Auto,2023-06,6,972446.3648409486
Claims Reported,month,cumulative,Synthetic,Portfolio,Auto,2023-06,7,53.86939964561556
Loss Incurred,month,cumulative,Synthetic,Portfolio,Auto,2023-06,7,425220.57605905115
Exposure,month,cumulative,Synthetic,Portfolio,Auto,2023-06,7,11685.807902521894
Earned Premium,month,cumulative,Synthetic,Portfolio,Auto,2023-06,7,968747.3223598822
Claims Reported,month,cumulative,Synthetic,Portfolio,Auto,2023-06,8,58.00215120827712
Loss Incurred,month,cumulative,Synthetic,Portfolio,Auto,2023-06,8,423119.1392646114
Exposure,month,cumulative,Synthetic,Portfolio,Auto,2023-06,8,11613.031770619291
Earned Premium,month,cumulative,Synthetic,Portfolio,Auto,2023-06,8,965217.6943181278
Claims Reported,month,cumulative,Synthetic,Portfolio,Auto,2023-06,9,61.31709094063974
Loss Incurred,month,cumulative,Synthetic,Portfolio,Auto,2023-06,9,421017.562693409
Exposure,month,cumulative,Synthetic,Portfolio,Auto,2023-06,9,11546.188369287975
Earned Premium,month,cumulative,Synthetic,Portfolio,Auto,2023-06,9,961849.7216125134
Claims Reported,month,cumulative,Synthetic,Portfolio,Auto,2023-06,10,63.890227910408875
Loss Incurred,month,cumulative,Synthetic,Portfolio,Auto,2023-06,10,418915.95141643164
Exposure,month,cumulative,Synthetic,Portfolio,Auto,2023-06,10,11484.794060677028
Earned Premium,month,cumulative,Synthetic,Portfolio,Auto,2023-06,10,958636.0005032134
Claims Reported,month,cumulative,Synthetic,Portfolio,Auto,2023-06,11,65.83715343435915
Loss Incurred,month,cumulative,Synthetic,Portfolio,Auto,2023-06,11,416814.41051160835
Exposure,month,cumulative,Synthetic,Portfolio,Auto,2023-06,11,11428.404633228036
Earned Premium,month,cumulative,Synthetic,Portfolio,Auto,2023-06,11,955569.4663382709
Claims Reported,month,cumulative,Synthetic,Portfolio,Auto,2023-06,12,67.28196258590125
Loss Incurred,month,cumulative,Synthetic,Portfolio,Auto,2023-06,12,414713.04504279455
Exposure,month,cumulative,Synthetic,Portfolio,Auto,2023-06,12,11376.612087632724
Earned Premium,month,cumulative,Synthetic,Portfolio,Auto,2023-06,12,952643.3780235299
Claims Reported,month,cumulative,Synthetic,Portfolio,Auto,2023-06,13,68.33878897308057
Loss Incurred,month,cumulative,Synthetic,Portfolio,Auto,2023-06,13,412611.9600387637
Exposure,month,cumulative,Synthetic,Portfolio,Auto,2023-06,13,11329.041684800224
Earned Premium,month,cumulative,Synthetic,Portfolio,Auto,2023-06,13,949851.3032038368
Claims Reported,month,cumulative,Synthetic,Portfolio,Auto,2023-06,14,69.1036863009369
Loss Incurred,month,cumulative,Synthetic,Portfolio,Auto,2023-06,14,410511.260472215
Exposure,month,cumulative,Synthetic,Portfolio,Auto,2023-06,14,11285.349234474883
Earned Premium,month,cumulative,Synthetic,Portfolio,Auto,2023-06,14,947187.1041229373
Claims Reported,month,cumulative,Synthetic,Portfolio,Auto,2023-06,15,69.6530665451294
Loss Incurred,month,cumulative,Synthetic,Portfolio,Auto,2023-06,15,408411.0512388027
Exposure,month,cumulative,Synthetic,Portfolio,Auto,2023-06,15,11245.21860488668
Earned Premium,month,cumulative,Synthetic,Portfolio,Auto,2023-06,15,944644.9241309821
Claims Reported,month,cumulative,Synthetic,Portfolio,Auto,2023-06,16,70.04548452520123
Loss Incurred,month,cumulative,Synthetic,Portfolio,Auto,2023-06,16,406311.4371362
Exposure,month,cumulative,Synthetic,Portfolio,Auto,2023-06,16,11208.359435415674
Earned Premium,month,cumulative,Synthetic,Portfolio,Auto,2023-06,16,942219.1748099833
Claims Reported,month,cumulative,Synthetic,Portfolio,Auto,2023-06,17,70.32468321271053
Loss Incurred,month,cumulative,Synthetic,Portfolio,Auto,2023-06,17,404212.5228432039
Exposure,month,cumulative,Synthetic,Portfolio,Auto,2023-06,17,11174.505035720636
Earned Premium,month,cumulative,Synthetic,Portfolio,Auto,2023-06,17,939904.5236889193
Claims Reported,month,cumulative,Synthetic,Portfolio,Auto,2023-06,18,70.522771835904
Loss Incurred,month,cumulative,Synthetic,Portfolio,Auto,2023-06,18,402114.4128988902
Exposure,month,cumulative,Synthetic,Portfolio,Auto,2023-06,18,11143.410456131345
Earned Premium,month,cumulative,Synthetic,Portfolio,Auto,2023-06,18,937695.8825214809
Claims Reported,month,cumulative,Synthetic,Portfolio,Auto,2023-06,19,70.66303413766742
Loss Incurred,month,cumulative,Synthetic,Portfolio,Auto,2023-06,19,400017.21168182837
Exposure,month,cumulative,Synthetic,Portfolio,Auto,2023-06,19,11114.850715343018
Earned Premium,month,cumulative,Synthetic,Portfolio,Auto,2023-06,19,935588.3961006933
Claims Reported,month,cumulative,Synthetic,Portfolio,Auto,2023-06,20,70.7622108969136
Loss Incurred,month,cumulative,Synthetic,Portfolio,Auto,2023-06,20,397921.0233893635
Exposure,month,cumulative,Synthetic,Portfolio,Auto,2023-06,20,11088.619172589586
Earned Premium,month,cumulative,Synthetic,Portfolio,Auto,2023-06,20,933577.4315858212
Claims Reported,month,cumulative,Synthetic,Portfolio,Auto,2023-06,21,70.83226695623054
Loss Incurred,month,cumulative,Synthetic,Portfolio,Auto,2023-06,21,395825.952016976
Exposure,month,cumulative,Synthetic,Portfolio,Auto,2023-06,21,11064.52603251787
Earned Premium,month,cumulative,Synthetic,Portfolio,Auto,2023-06,21,931658.5683180982
Claims Reported,month,cumulative,Synthetic,Portfolio,Auto,2023-06,22,70.88171800167495
Loss Incurred,month,cumulative,Synthetic,Portfolio,Auto,2023-06,22,393732.1013377264
Exposure,month,cumulative,Synthetic,Portfolio,Auto,2023-06,22,11042.396971944814
Earned Premium,month,cumulative,Synthetic,Portfolio,Auto,2023-06,22,929827.5881028897
Claims Reported,month,cumulative,Synthetic,Portfolio,Auto,2023-06,23,70.91660705747624
Loss Incurred,month,cumulative,Synthetic,Portfolio,Auto,2023-06,23,391639.5748817932
Exposure,month,cumulative,Synthetic,Portfolio,Auto,2023-06,23,11022.071878561872
Earned Premium,month,cumulative,Synthetic,Portfolio,Auto,2023-06,23,928080.46593693
Claims Reported,month,cumulative,Synthetic,Portfolio,Auto,2023-06,24,70.94121359609318
Loss Incurred,month,cumulative,Synthetic,Portfolio,Auto,2023-06,24,389548.4759161145
Exposure,month,cumulative,Synthetic,Portfolio,Auto,2023-06,24,11003.403692460546
Earned Premium,month,cumulative,Synthetic,Portfolio,Auto,2023-06,24,926413.3611602463
Claims Reported,month,cumulative,Synthetic,Portfolio,Auto,2023-06,25,70.95856378969444
Loss Incurred,month,cumulative,Synthetic,Portfolio,Auto,2023-06,25,387458.9074241399
Exposure,month,cumulative,Synthetic,Portfolio,Auto,2023-06,25,10986.257342097097
Earned Premium,month,cumulative,Synthetic,Portfolio,Auto,2023-06,25,924822.6090133204
Claims Reported,month,cumulative,Synthetic,Portfolio,Auto,2023-06,26,70.97079536279556
Loss Incurred,month,cumulative,Synthetic,Portfolio,Auto,2023-06,26,385370.972085702
Exposure,month,cumulative,Synthetic,Portfolio,Auto,2023-06,26,10970.508766997704
Earned Premium,month,cumulative,Synthetic,Portfolio,Auto,2023-06,26,923304.7125809302
Claims Reported,month,cumulative,Synthetic,Portfolio,Auto,2023-06,27,70.97941733979066
Loss Incurred,month,cumulative,Synthetic,Portfolio,Auto,2023-06,27,383284.77225701505
Exposure,month,cumulative,Synthetic,Portfolio,Auto,2023-06,27,10956.04402013298
Earned Premium,month,cumulative,Synthetic,Portfolio,Auto,2023-06,27,921856.3351049573
Claims Reported,month,cumulative,Synthetic,Portfolio,Auto,2023-06,28,70.98549440267264
Loss Incurred,month,cumulative,Synthetic,Portfolio,Auto,2023-06,28,381200.40995080996
Exposure,month,cumulative,Synthetic,Portfolio,Auto,2023-06,28,10942.758443467148
Earned Premium,month,cumulative,Synthetic,Portfolio,Auto,2023-06,28,920474.292649266
Claims Reported,month,cumulative,Synthetic,Portfolio,Auto,2023-06,29,70.98977746156805
Loss Incurred,month,cumulative,Synthetic,Portfolio,Auto,2023-06,29,379117.9868166133
Exposure,month,cumulative,Synthetic,Portfolio,Auto,2023-06,29,10930.555910716705
Earned Premium,month,cumulative,Synthetic,Portfolio,Auto,2023-06,29,919155.5471005267
Claims Reported,month,cumulative,Synthetic,Portfolio,Auto,2023-06,30,70.9927959926143
Loss Incurred,month,cumulative,Synthetic,Portfolio,Auto,2023-06,30,377037.6041211773
Exposure,month,cumulative,Synthetic,Portfolio,Auto,2023-06,30,10919.348131839586
Earned Premium,month,cumulative,Synthetic,Portfolio,Auto,2023-06,30,917897.1994895994
Claims Reported,month,cumulative,Synthetic,Portfolio,Auto,2023-07,0,6.5436424035664285
Loss Incurred,month,cumulative,Synthetic,Portfolio,Auto,2023-07,0,200242.33358200028
Exposure,month,cumulative,Synthetic,Portfolio,Auto,2023-07,0,13304.863734906185
Earned Premium,month,cumulative,Synthetic,Portfolio,Auto,2023-07,0,1049002.4327250058
Claims Reported,month,cumulative,Synthetic,Portfolio,Auto,2023-07,1,8.645142141057136
Loss Incurred,month,cumulative,Synthetic,Portfolio,Auto,2023-07,1,199279.41744294576
Exposure,month,cumulative,Synthetic,Portfolio,Auto,2023-07,1,13134.331363048772
Earned Premium,month,cumulative,Synthetic,Portfolio,Auto,2023-07,1,1042242.6615555367
Claims Reported,month,cumulative,Synthetic,Portfolio,Auto,2023-07,2,11.17393197205041
Loss Incurred,month,cumulative,Synthetic,Portfolio,Auto,2023-07,2,198316.17932663334
Exposure,month,cumulative,Synthetic,Portfolio,Auto,2023-07,2,12980.556513851423
Earned Premium,month,cumulative,Synthetic,Portfolio,Auto,2023-07,2,1035889.4500327905
Claims Reported,month,cumulative,Synthetic,Portfolio,Auto,2023-07,3,14.07523578111258
Loss Incurred,month,cumulative,Synthetic,Portfolio,Auto,2023-07,3,197352.6672556041
Exposure,month,cumulative,Synthetic,Portfolio,Auto,2023-07,3,12841.892493711955
Earned Premium,month,cumulative,Synthetic,Portfolio,Auto,2023-07,3,1029918.3460352087
Claims Reported,month,cumulative,Synthetic,Portfolio,Auto,2023-07,4,17.2273557532214
Loss Incurred,month,cumulative,Synthetic,Portfolio,Auto,2023-07,4,196388.92930712053
Exposure,month,cumulative,Synthetic,Portfolio,Auto,2023-07,4,12716.854422911687
Earned Premium,month,cumulative,Synthetic,Portfolio,Auto,2023-07,4,1024306.3680895215
Claims Reported,month,cumulative,Synthetic,Portfolio,Auto,2023-07,5,20.455510223897516
Loss Incurred,month,cumulative,Synthetic,Portfolio,Auto,2023-07,5,195425.01360358103
Exposure,month,cumulative,Synthetic,Portfolio,Auto,2023-07,5,12604.103334823172
Earned Premium,month,cumulative,Synthetic,Portfolio,Auto,2023-07,5,1019031.9169200837
Claims Reported,month,cumulative,Synthetic,Portfolio,Auto,2023-07,6,23.567565810522343
Loss Incurred,month,cumulative,Synthetic,Portfolio,Auto,2023-07,6,194460.9683029149
Exposure,month,cumulative,Synthetic,Portfolio,Auto,2023-07,6,12502.431837624119
Earned Premium,month,cumulative,Synthetic,Portfolio,Auto,2023-07,6,1014074.6923179874
Claims Reported,month,cumulative,Synthetic,Portfolio,Auto,2023-07,7,26.39764906259172
Loss Incurred,month,cumulative,Synthetic,Portfolio,Auto,2023-07,7,193496.84158896253
Exposure,month,cumulative,Synthetic,Portfolio,Auto,2023-07,7,12410.75118497639
Earned Premium,month,cumulative,Synthetic,Portfolio,Auto,2023-07,7,1009415.6150099973
Claims Reported,month,cumulative,Synthetic,Portfolio,Auto,2023-07,8,28.83796480523814
Loss Incurred,month,cumulative,Synthetic,Portfolio,Auto,2023-07,8,192532.6816618442
Exposure,month,cumulative,Synthetic,Portfolio,Auto,2023-07,8,12328.079617216768
Earned Premium,month,cumulative,Synthetic,Portfolio,Auto,2023-07,8,1005036.7532266015
Claims Reported,month,cumulative,Synthetic,Portfolio,Auto,2023-07,9,30.8475101867779
Loss Incurred,month,cumulative,Synthetic,Portfolio,Auto,2023-07,9,191568.53672832242
Exposure,month,cumulative,Synthetic,Portfolio,Auto,2023-07,9,12253.531848211514
Earned Premium,month,cumulative,Synthetic,Portfolio,Auto,2023-07,9,1000921.2536865532
Claims Reported,month,cumulative,Synthetic,Portfolio,Auto,2023-07,10,32.44051806386041
Loss Incurred,month,cumulative,Synthetic,Portfolio,Auto,2023-07,10,190604.45499216107
Exposure,month,cumulative,Synthetic,Portfolio,Auto,2023-07,10,12186.309585294966
Earned Premium,month,cumulative,Synthetic,Portfolio,Auto,2023-07,10,997053.2767322762
Claims Reported,month,cumulative,Synthetic,Portfolio,Auto,2023-07,11,33.665646725176806
Loss Incurred,month,cumulative,Synthetic,Portfolio,Auto,2023-07,11,189640.4846444863
Exposure,month,cumulative,Synthetic,Portfolio,Auto,2023-07,11,12125.692980775211
Earned Premium,month,cumulative,Synthetic,Portfolio,Auto,2023-07,11,993417.9353664888
Claims Reported,month,cumulative,Synthetic,Portfolio,Auto,2023-07,12,34.586079741833714
Loss Incurred,month,cumulative,Synthetic,Portfolio,Auto,2023-07,12,188676.67385415197
Exposure,month,cumulative,Synthetic,Portfolio,Auto,2023-07,12,12071.032923465536
Earned Premium,month,cumulative,Synthetic,Portfolio,Auto,2023-07,12,990001.2379554058
Claims Reported,month,cumulative,Synthetic,Portfolio,Auto,2023-07,13,35.26552187314721
Loss Incurred,month,cumulative,Synthetic,Portfolio,Auto,2023-07,13,187713.07075811538
Exposure,month,cumulative,Synthetic,Portfolio,Auto,2023-07,13,12021.74408769574
Earned Premium,month,cumulative,Synthetic,Portfolio,Auto,2023-07,13,986790.0343780023
Claims Reported,month,cumulative,Synthetic,Portfolio,Auto,2023-07,14,35.76057586878304
Loss Incurred,month,cumulative,Synthetic,Portfolio,Auto,2023-07,14,186749.72345182623
Exposure,month,cumulative,Synthetic,Portfolio,Auto,2023-07,14,11977.298665368826
Earned Premium,month,cumulative,Synthetic,Portfolio,Auto,2023-07,14,983771.9654140722
Claims Reported,month,cumulative,Synthetic,Portfolio,Auto,2023-07,15,36.117866206159434
Loss Incurred,month,cumulative,Synthetic,Portfolio,Auto,2023-07,15,185786.67997963307
Exposure,month,cumulative,Synthetic,Portfolio,Auto,2023-07,15,11937.22071394299
Earned Premium,month,cumulative,Synthetic,Portfolio,Auto,2023-07,15,980935.4151762942
Claims Reported,month,cumulative,Synthetic,Portfolio,Auto,2023-07,16,36.373963105709386
Loss Incurred,month,cumulative,Synthetic,Portfolio,Auto,2023-07,16,184823.98832521163
Exposure,month,cumulative,Synthetic,Portfolio,Auto,2023-07,16,11901.08105981445
Earned Premium,month,cumulative,Synthetic,Portfolio,Auto,2023-07,16,978269.466403221
Claims Reported,month,cumulative,Synthetic,Portfolio,Auto,2023-07,17,36.55662386026811
Loss Incurred,month,cumulative,Synthetic,Portfolio,Auto,2023-07,17,183861.69640201874
Exposure,month,cumulative,Synthetic,Portfolio,Auto,2023-07,17,11868.4927025241
Earned Premium,month,cumulative,Synthetic,Portfolio,Auto,2023-07,17,975763.8584411296
Claims Reported,month,cumulative,Synthetic,Portfolio,Auto,2023-07,18,36.686448530525034
Loss Incurred,month,cumulative,Synthetic,Portfolio,Auto,2023-07,18,182899.8520437762
Exposure,month,cumulative,Synthetic,Portfolio,Auto,2023-07,18,11839.106670574087
Earned Premium,month,cumulative,Synthetic,Portfolio,Auto,2023-07,18,973408.947753007
Claims Reported,month,cumulative,Synthetic,Portfolio,Auto,2023-07,19,36.7784896664765
Loss Incurred,month,cumulative,Synthetic,Portfolio,Auto,2023-07,19,181938.50299498817
Exposure,month,cumulative,Synthetic,Portfolio,Auto,2023-07,19,11812.608284476462
Earned Premium,month,cumulative,Synthetic,Portfolio,Auto,2023-07,19,971195.670802688
Claims Reported,month,cumulative,Synthetic,Portfolio,Auto,2023-07,20,36.84362784599693
Loss Incurred,month,cumulative,Synthetic,Portfolio,Auto,2023-07,20,180977.69690149653
Exposure,month,cumulative,Synthetic,Portfolio,Auto,2023-07,20,11788.713787016808
Earned Premium,month,cumulative,Synthetic,Portfolio,Auto,2023-07,20,969115.5091712846
Claims Reported,month,cumulative,Synthetic,Portfolio,Auto,2023-07,21,36.88966870442121
Loss Incurred,month,cumulative,Synthetic,Portfolio,Auto,2023-07,21,180017.48130107773
Exposure,month,cumulative,Synthetic,Portfolio,Auto,2023-07,21,11767.167304648188
Earned Premium,month,cumulative,Synthetic,Portfolio,Auto,2023-07,21,967160.4567716566
Claims Reported,month,cumulative,Synthetic,Portfolio,Auto,2023-07,22,36.92218232395115
Loss Incurred,month,cumulative,Synthetic,Portfolio,Auto,2023-07,22,179057.90361408555
Exposure,month,cumulative,Synthetic,Portfolio,Auto,2023-07,22,11747.738107476534
Earned Premium,month,cumulative,Synthetic,Portfolio,Auto,2023-07,22,965322.9890347327
Claims Reported,month,cumulative,Synthetic,Portfolio,Auto,2023-07,23,36.94512873028969
Loss Incurred,month,cumulative,Synthetic,Portfolio,Auto,2023-07,23,178099.01113414293
Exposure,month,cumulative,Synthetic,Portfolio,Auto,2023-07,23,11730.218138496128
Earned Premium,month,cumulative,Synthetic,Portfolio,Auto,2023-07,23,963596.0339490894
Claims Reported,month,cumulative,Synthetic,Portfolio,Auto,2023-07,24,36.96131592808911
Loss Incurred,month,cumulative,Synthetic,Portfolio,Auto,2023-07,24,177140.85101888774
Exposure,month,cumulative,Synthetic,Portfolio,Auto,2023-07,24,11714.419785617083
Earned Premium,month,cumulative,Synthetic,Portfolio,Auto,2023-07,24,961972.9448423265
Claims Reported,month,cumulative,Synthetic,Portfolio,Auto,2023-07,25,36.97273137598855
Loss Incurred,month,cumulative,Synthetic,Portfolio,Auto,2023-07,25,176183.47028077525
Exposure,month,cumulative,Synthetic,Portfolio,Auto,2023-07,25,11700.173872626598
Earned Premium,month,cumulative,Synthetic,Portfolio,Auto,2023-07,25,960447.474799479
Claims Reported,month,cumulative,Synthetic,Portfolio,Auto,2023-07,26,36.98077994234669
Loss Incurred,month,cumulative,Synthetic,Portfolio,Auto,2023-07,26,175226.9157779419
Exposure,month,cumulative,Synthetic,Portfolio,Auto,2023-07,26,11687.327847570297
Earned Premium,month,cumulative,Synthetic,Portfolio,Auto,2023-07,26,959013.752620007
Claims Reported,month,cumulative,Synthetic,Portfolio,Auto,2023-07,27,36.9864537762563
Loss Incurred,month,cumulative,Synthetic,Portfolio,Auto,2023-07,27,174271.23420513337
Exposure,month,cumulative,Synthetic,Portfolio,Auto,2023-07,27,11675.744149153965
Earned Premium,month,cumulative,Synthetic,Portfolio,Auto,2023-07,27,957666.2602208297
Claims Reported,month,cumulative,Synthetic,Portfolio,Auto,2023-07,28,36.990453105277226
Loss Incurred,month,cumulative,Synthetic,Portfolio,Auto,2023-07,28,173316.4720847016
Exposure,month,cumulative,Synthetic,Portfolio,Auto,2023-07,28,11665.298733672334
Earned Premium,month,cumulative,Synthetic,Portfolio,Auto,2023-07,28,956399.8113984298
Claims Reported,month,cumulative,Synthetic,Portfolio,Auto,2023-07,29,36.99327190433022
Loss Incurred,month,cumulative,Synthetic,Portfolio,Auto,2023-07,29,172362.67575767337
Exposure,month,cumulative,Synthetic,Portfolio,Auto,2023-07,29,11655.879746690587
Earned Premium,month,cumulative,Synthetic,Portfolio,Auto,2023-07,29,955209.5318682913
Claims Reported,month,cumulative,Synthetic,Portfolio,Auto,2023-08,0,10.63742873058015
Loss Incurred,month,cumulative,Synthetic,Portfolio,Auto,2023-08,0,360609.2890871096
Exposure,month,cumulative,Synthetic,Portfolio,Auto,2023-08,0,11735.632574324702
Earned Premium,month,cumulative,Synthetic,Portfolio,Auto,2023-08,0,867775.3904826919
Claims Reported,month,cumulative,Synthetic,Portfolio,Auto,2023-08,1,14.000307340084952
Loss Incurred,month,cumulative,Synthetic,Portfolio,Auto,2023-08,1,358880.2314511611
Exposure,month,cumulative,Synthetic,Portfolio,Auto,2023-08,1,11626.23608549395
Earned Premium,month,cumulative,Synthetic,Portfolio,Auto,2023-08,1,861386.5832801427
Claims Reported,month,cumulative,Synthetic,Portfolio,Auto,2023-08,2,18.013256907175705
Loss Incurred,month,cumulative,Synthetic,Portfolio,Auto,2023-08,2,357150.5472238845
Exposure,month,cumulative,Synthetic,Portfolio,Auto,2023-08,2,11524.657797881646
Earned Premium,month,cumulative,Synthetic,Portfolio,Auto,2023-08,2,855436.7806179129
Claims Reported,month,cumulative,Synthetic,Portfolio,Auto,2023-08,3,22.572631242990898
Loss Incurred,month,cumulative,Synthetic,Portfolio,Auto,2023-08,3,355420.3225922442
Exposure,month,cumulative,Synthetic,Portfolio,Auto,2023-08,3,11430.338970791941
Earned Premium,month,cumulative,Synthetic,Portfolio,Auto,2023-08,3,849895.8164602602
Claims Reported,month,cumulative,Synthetic,Portfolio,Auto,2023-08,4,27.472825078090153
Loss Incurred,month,cumulative,Synthetic,Portfolio,Auto,2023-08,4,353689.64385112154
Exposure,month,cumulative,Synthetic,Portfolio,Auto,2023-08,4,11342.760794858015
Earned Premium,month,cumulative,Synthetic,Portfolio,Auto,2023-08,4,844735.5976195087
Claims Reported,month,cumulative,Synthetic,Portfolio,Auto,2023-08,5,32.43459313100391
Loss Incurred,month,cumulative,Synthetic,Portfolio,Auto,2023-08,5,351958.5973861209
Exposure,month,cumulative,Synthetic,Portfolio,Auto,2023-08,5,11261.441538283514
Earned Premium,month,cumulative,Synthetic,Portfolio,Auto,2023-08,5,839929.9613210552
Claims Reported,month,cumulative,Synthetic,Portfolio,Auto,2023-08,6,37.164572049998775
Loss Incurred,month,cumulative,Synthetic,Portfolio,Auto,2023-08,6,350227.269656338
Exposure,month,cumulative,Synthetic,Portfolio,Auto,2023-08,6,11185.933897032584
Earned Premium,month,cumulative,Synthetic,Portfolio,Auto,2023-08,6,835454.5425557435
Claims Reported,month,cumulative,Synthetic,Portfolio,Auto,2023-08,7,41.421250973620594
Loss Incurred,month,cumulative,Synthetic,Portfolio,Auto,2023-08,7,348495.74717709573
Exposure,month,cumulative,Synthetic,Portfolio,Auto,2023-08,7,11115.822534392966
Earned Premium,month,cumulative,Synthetic,Portfolio,Auto,2023-08,7,831286.6505470722
Claims Reported,month,cumulative,Synthetic,Portfolio,Auto,2023-08,8,45.057975110196175
Loss Incurred,month,cumulative,Synthetic,Portfolio,Auto,2023-08,8,346764.11650265777
Exposure,month,cumulative,Synthetic,Portfolio,Auto,2023-08,8,11050.721796378273
Earned Premium,month,cumulative,Synthetic,Portfolio,Auto,2023-08,8,827405.1537069133
Claims Reported,month,cumulative,Synthetic,Portfolio,Auto,2023-08,9,48.02959315685377
Loss Incurred,month,cumulative,Synthetic,Portfolio,Auto,2023-08,9,345032.46420892427
Exposure,month,cumulative,Synthetic,Portfolio,Auto,2023-08,9,10990.273590402847
Earned Premium,month,cumulative,Synthetic,Portfolio,Auto,2023-08,9,823790.3724964552
Claims Reported,month,cumulative,Synthetic,Portfolio,Auto,2023-08,10,50.3705586681763
Loss Incurred,month,cumulative,Synthetic,Portfolio,Auto,2023-08,10,343300.87687611877
Exposure,month,cumulative,Synthetic,Portfolio,Auto,2023-08,10,10934.145415560604
Earned Premium,month,cumulative,Synthetic,Portfolio,Auto,2023-08,10,820423.9796491674
Claims Reported,month,cumulative,Synthetic,Portfolio,Auto,2023-08,11,52.16214816304553
Loss Incurred,month,cumulative,Synthetic,Portfolio,Auto,2023-08,11,341569.441071474
Exposure,month,cumulative,Synthetic,Portfolio,Auto,2023-08,11,10882.02853367329
Earned Premium,month,cumulative,Synthetic,Portfolio,Auto,2023-08,11,817288.9072499075
Claims Reported,month,cumulative,Synthetic,Portfolio,Auto,2023-08,12,53.50317739612272
Loss Incurred,month,cumulative,Synthetic,Portfolio,Auto,2023-08,12,339838.2433319218
Exposure,month,cumulative,Synthetic,Portfolio,Auto,2023-08,12,10833.63627104778
Earned Premium,month,cumulative,Synthetic,Portfolio,Auto,2023-08,12,814369.2601990531
Claims Reported,month,cumulative,Synthetic,Portfolio,Auto,2023-08,13,54.4903643791188
Loss Incurred,month,cumulative,Synthetic,Portfolio,Auto,2023-08,13,338107.3701467975
Exposure,month,cumulative,Synthetic,Portfolio,Auto,2023-08,13,10788.702441601125
Earned Premium,month,cumulative,Synthetic,Portfolio,Auto,2023-08,13,811650.235622914
Claims Reported,month,cumulative,Synthetic,Portfolio,Auto,2023-08,14,55.20819222890941
Loss Incurred,month,cumulative,Synthetic,Portfolio,Auto,2023-08,14,336376.90794056276
Exposure,month,cumulative,Synthetic,Portfolio,Auto,2023-08,14,10746.979882679545
Earned Premium,month,cumulative,Synthetic,Portfolio,Auto,2023-08,14,809118.0478218287
Claims Reported,month,cumulative,Synthetic,Portfolio,Auto,2023-08,15,55.725502999102716
Loss Incurred,month,cumulative,Synthetic,Portfolio,Auto,2023-08,15,334646.94305555796
Exposure,month,cumulative,Synthetic,Portfolio,Auto,2023-08,15,10708.239095517587
Earned Premium,month,cumulative,Synthetic,Portfolio,Auto,2023-08,15,806759.8583754244
Claims Reported,month,cumulative,Synthetic,Portfolio,Auto,2023-08,16,56.095907369579216
Loss Incurred,month,cumulative,Synthetic,Portfolio,Auto,2023-08,16,332917.5617347874
Exposure,month,cumulative,Synthetic,Portfolio,Auto,2023-08,16,10672.266982859086
Earned Premium,month,cumulative,Synthetic,Portfolio,Auto,2023-08,16,804563.7110506687
Claims Reported,month,cumulative,Synthetic,Portfolio,Auto,2023-08,17,56.359898440793515
Loss Incurred,month,cumulative,Synthetic,Portfolio,Auto,2023-08,17,331188.85010474856
Exposure,month,cumulative,Synthetic,Portfolio,Auto,2023-08,17,10638.865676796137
Earned Premium,month,cumulative,Synthetic,Portfolio,Auto,2023-08,17,802518.4711826904
Claims Reported,month,cumulative,Synthetic,Portfolio,Auto,2023-08,18,56.547427183703256
Loss Incurred,month,cumulative,Synthetic,Portfolio,Auto,2023-08,18,329460.894158309
Exposure,month,cumulative,Synthetic,Portfolio,Auto,2023-08,18,10607.851450378526
Earned Premium,month,cumulative,Synthetic,Portfolio,Auto,2023-08,18,800613.769221025
Claims Reported,month,cumulative,Synthetic,Portfolio,Auto,2023-08,19,56.68032777858875
Loss Incurred,month,cumulative,Synthetic,Portfolio,Auto,2023-08,19,327733.7797376412
Exposure,month,cumulative,Synthetic,Portfolio,Auto,2023-08,19,10579.05370700675
Earned Premium,month,cumulative,Synthetic,Portfolio,Auto,2023-08,19,798839.9481550601
Claims Reported,month,cumulative,Synthetic,Portfolio,Auto,2023-08,20,56.77435708468779
Loss Incurred,month,cumulative,Synthetic,Portfolio,Auto,2023-08,20,326007.5925172207
Exposure,month,cumulative,Synthetic,Portfolio,Auto,2023-08,20,10552.314042049773
Earned Premium,month,cumulative,Synthetic,Portfolio,Auto,2023-08,20,797188.0145521198
Claims Reported,month,cumulative,Synthetic,Portfolio,Auto,2023-08,21,56.84080602159085
Loss Incurred,month,cumulative,Synthetic,Portfolio,Auto,2023-08,21,324282.41798689513
Exposure,month,cumulative,Synthetic,Portfolio,Auto,2023-08,21,10527.485371525818
Earned Premium,month,cumulative,Synthetic,Portfolio,Auto,2023-08,21,795649.5929599516
Claims Reported,month,cumulative,Synthetic,Portfolio,Auto,2023-08,22,56.88772529867862
Loss Incurred,month,cumulative,Synthetic,Portfolio,Auto,2023-08,22,322558.34143503074
Exposure,month,cumulative,Synthetic,Portfolio,Auto,2023-08,22,10504.431123053406
Earned Premium,month,cumulative,Synthetic,Portfolio,Auto,2023-08,22,794216.8834424282
Claims Reported,month,cumulative,Synthetic,Portfolio,Auto,2023-08,23,56.92083530627122
Loss Incurred,month,cumulative,Synthetic,Portfolio,Auto,2023-08,23,320835.44793174556
Exposure,month,cumulative,Synthetic,Portfolio,Auto,2023-08,23,10483.024484622449
Earned Premium,month,cumulative,Synthetic,Portfolio,Auto,2023-08,23,792882.6220331683
Claims Reported,month,cumulative,Synthetic,Portfolio,Auto,2023-08,24,56.94419069328331
Loss Incurred,month,cumulative,Synthetic,Portfolio,Auto,2023-08,24,319113.8223122323
Exposure,month,cumulative,Synthetic,Portfolio,Auto,2023-08,24,10463.147707053138
Earned Premium,month,cumulative,Synthetic,Portfolio,Auto,2023-08,24,791640.0439065726
Claims Reported,month,cumulative,Synthetic,Portfolio,Auto,2023-08,25,56.96066047151065
Loss Incurred,month,cumulative,Synthetic,Portfolio,Auto,2023-08,25,317393.54916018195
Exposure,month,cumulative,Synthetic,Portfolio,Auto,2023-08,25,10444.691456305776
Earned Premium,month,cumulative,Synthetic,Portfolio,Auto,2023-08,25,790482.8490795479
Claims Reported,month,cumulative,Synthetic,Portfolio,Auto,2023-08,26,56.972272251498865
Loss Incurred,month,cumulative,Synthetic,Portfolio,Auto,2023-08,26,315674.71279131254
Exposure,month,cumulative,Synthetic,Portfolio,Auto,2023-08,26,10427.554212078854
Earned Premium,month,cumulative,Synthetic,Portfolio,Auto,2023-08,26,789405.1704700254
Claims Reported,month,cumulative,Synthetic,Portfolio,Auto,2023-08,27,56.98045777853892
Loss Incurred,month,cumulative,Synthetic,Portfolio,Auto,2023-08,27,313957.39723700966
Exposure,month,cumulative,Synthetic,Portfolio,Auto,2023-08,27,10411.641709387311
Earned Premium,month,cumulative,Synthetic,Portfolio,Auto,2023-08,27,788401.5441503258
Claims Reported,month,cumulative,Synthetic,Portfolio,Auto,2023-08,28,56.98622743486566
Loss Incurred,month,cumulative,Synthetic,Portfolio,Auto,2023-08,28,312241.68622808694
Exposure,month,cumulative,Synthetic,Portfolio,Auto,2023-08,28,10396.866420049333
Earned Premium,month,cumulative,Synthetic,Portfolio,Auto,2023-08,28,787466.881644553
Claims Reported,month,cumulative,Synthetic,Portfolio,Auto,2023-09,0,11.134579760796962
Loss Incurred,month,cumulative,Synthetic,Portfolio,Auto,2023-09,0,349290.3981005223
Exposure,month,cumulative,Synthetic,Portfolio,Auto,2023-09,0,11855.620921023083
Earned Premium,month,cumulative,Synthetic,Portfolio,Auto,2023-09,0,873285.2894741093
Claims Reported,month,cumulative,Synthetic,Portfolio,Auto,2023-09,1,14.624194045664563
Loss Incurred,month,cumulative,Synthetic,Portfolio,Auto,2023-09,1,347611.6409857659
Exposure,month,cumulative,Synthetic,Portfolio,Auto,2023-09,1,11723.613899755806
Earned Premium,month,cumulative,Synthetic,Portfolio,Auto,2023-09,1,868223.9223084538
Claims Reported,month,cumulative,Synthetic,Portfolio,Auto,2023-09,2,18.76945884048864
Loss Incurred,month,cumulative,Synthetic,Portfolio,Auto,2023-09,2,345932.3138885012
Exposure,month,cumulative,Synthetic,Portfolio,Auto,2023-09,2,11602.875643938512
Earned Premium,month,cumulative,Synthetic,Portfolio,Auto,2023-09,2,863436.3443466404
Claims Reported,month,cumulative,Synthetic,Portfolio,Auto,2023-09,3,23.454365694770843
Loss Incurred,month,cumulative,Synthetic,Portfolio,Auto,2023-09,3,344252.50052402174
Exposure,month,cumulative,Synthetic,Portfolio,Auto,2023-09,3,11492.444196596885
Earned Premium,month,cumulative,Synthetic,Portfolio,Auto,2023-09,3,858907.7452566604
Claims Reported,month,cumulative,Synthetic,Portfolio,Auto,2023-09,4,28.460306552463862
Loss Incurred,month,cumulative,Synthetic,Portfolio,Auto,2023-09,4,342572.2847047472
Exposure,month,cumulative,Synthetic,Portfolio,Auto,2023-09,4,11391.439718112282
Earned Premium,month,cumulative,Synthetic,Portfolio,Auto,2023-09,4,854624.115855459
Claims Reported,month,cumulative,Synthetic,Portfolio,Auto,2023-09,5,33.49862938186353
Loss Incurred,month,cumulative,Synthetic,Portfolio,Auto,2023-09,5,340891.75032351445
Exposure,month,cumulative,Synthetic,Portfolio,Auto,2023-09,5,11299.05747628232
Earned Premium,month,cumulative,Synthetic,Portfolio,Auto,2023-09,5,850572.2047716457
Claims Reported,month,cumulative,Synthetic,Portfolio,Auto,2023-09,6,38.27324776600859
Loss Incurred,month,cumulative,Synthetic,Portfolio,Auto,2023-09,6,339210.9813368351
Exposure,month,cumulative,Synthetic,Portfolio,Auto,2023-09,6,11214.561434784217
Earned Premium,month,cumulative,Synthetic,Portfolio,Auto,2023-09,6,846739.4774524887
Claims Reported,month,cumulative,Synthetic,Portfolio,Auto,2023-09,7,42.54665172012747
Loss Incurred,month,cumulative,Synthetic,Portfolio,Auto,2023-09,7,337530.0617481253
Exposure,month,cumulative,Synthetic,Portfolio,Auto,2023-09,7,11137.27838895826
Earned Premium,month,cumulative,Synthetic,Portfolio,Auto,2023-09,7,843114.0773883816
Claims Reported,month,cumulative,Synthetic,Portfolio,Auto,2023-09,8,46.1802039620633
Loss Incurred,month,cumulative,Synthetic,Portfolio,Auto,2023-09,8,335849.07559091685
Exposure,month,cumulative,Synthetic,Portfolio,Auto,2023-09,8,11066.59260218953
Earned Premium,month,cumulative,Synthetic,Portfolio,Auto,2023-09,8,839684.7894348315
Claims Reported,month,cumulative,Synthetic,Portfolio,Auto,2023-09,9,49.13736384032321
Loss Incurred,month,cumulative,Synthetic,Portfolio,Auto,2023-09,9,334168.1069120536
Exposure,month,cumulative,Synthetic,Portfolio,Auto,2023-09,9,11001.940900154306
Earned Premium,month,cumulative,Synthetic,Portfolio,Auto,2023-09,9,836441.0051185039
Claims Reported,month,cumulative,Synthetic,Portfolio,Auto,2023-09,10,51.45946511876372
Loss Incurred,month,cumulative,Synthetic,Portfolio,Auto,2023-09,10,332487.23975488456
Exposure,month,cumulative,Synthetic,Portfolio,Auto,2023-09,10,10942.808183845622
Earned Premium,month,cumulative,Synthetic,Portfolio,Auto,2023-09,10,833372.68982
Claims Reported,month,cumulative,Synthetic,Portfolio,Auto,2023-09,11,53.232186743736406
Loss Incurred,month,cumulative,Synthetic,Portfolio,Auto,2023-09,11,330806.558142456
Exposure,month,cumulative,Synthetic,Portfolio,Auto,2023-09,11,10888.723325628922
Earned Premium,month,cumulative,Synthetic,Portfolio,Auto,2023-09,11,830470.3517318462
Claims Reported,month,cumulative,Synthetic,Portfolio,Auto,2023-09,12,54.55658744871117
Loss Incurred,month,cumulative,Synthetic,Portfolio,Auto,2023-09,12,329126.14606071444
Exposure,month,cumulative,Synthetic,Portfolio,Auto,2023-09,12,10839.255415630498
Earned Premium,month,cumulative,Synthetic,Portfolio,Auto,2023-09,12,827725.0124956683
Claims Reported,month,cumulative,Synthetic,Portfolio,Auto,2023-09,13,55.53016600405783
Loss Incurred,month,cumulative,Synthetic,Portfolio,Auto,2023-09,13,327446.08744172397
Exposure,month,cumulative,Synthetic,Portfolio,Auto,2023-09,13,10794.010328552562
Earned Premium,month,cumulative,Synthetic,Portfolio,Auto,2023-09,13,825128.1794277149
Claims Reported,month,cumulative,Synthetic,Portfolio,Auto,2023-09,14,56.23737169837438
Loss Incurred,month,cumulative,Synthetic,Portfolio,Auto,2023-09,14,325766.4661469067
Exposure,month,cumulative,Synthetic,Portfolio,Auto,2023-09,14,10752.627583561818
Earned Premium,month,cumulative,Synthetic,Portfolio,Auto,2023-09,14,822671.8192468126
Claims Reported,month,cumulative,Synthetic,Portfolio,Auto,2023-09,15,56.74664853727503
Loss Incurred,month,cumulative,Synthetic,Portfolio,Auto,2023-09,15,324087.3659503137
Exposure,month,cumulative,Synthetic,Portfolio,Auto,2023-09,15,10714.777472233287
Earned Premium,month,cumulative,Synthetic,Portfolio,Auto,2023-09,15,820348.3332234784
Claims Reported,month,cumulative,Synthetic,Portfolio,Auto,2023-09,16,57.11110563250759
Loss Incurred,month,cumulative,Synthetic,Portfolio,Auto,2023-09,16,322408.87052193226
Exposure,month,cumulative,Synthetic,Portfolio,Auto,2023-09,16,10680.15843166692
Earned Premium,month,cumulative,Synthetic,Portfolio,Auto,2023-09,16,818150.5336733134
Claims Reported,month,cumulative,Synthetic,Portfolio,Auto,2023-09,17,57.37075885571735
Loss Incurred,month,cumulative,Synthetic,Portfolio,Auto,2023-09,17,320731.0634110384
Exposure,month,cumulative,Synthetic,Portfolio,Auto,2023-09,17,10648.494641847827
Earned Premium,month,cumulative,Synthetic,Portfolio,Auto,2023-09,17,816071.6217219632
Claims Reported,month,cumulative,Synthetic,Portfolio,Auto,2023-09,18,57.55515605365497
Loss Incurred,month,cumulative,Synthetic,Portfolio,Auto,2023-09,18,319054.02802959917
Exposure,month,cumulative,Synthetic,Portfolio,Auto,2023-09,18,10619.53382810761
Earned Premium,month,cumulative,Synthetic,Portfolio,Auto,2023-09,18,814105.1662728561
Claims Reported,month,cumulative,Synthetic,Portfolio,Auto,2023-09,19,57.68581214611294
Loss Incurred,month,cumulative,Synthetic,Portfolio,Auto,2023-09,19,317377.8476357343
Exposure,month,cumulative,Synthetic,Portfolio,Auto,2023-09,19,10593.04525117833
Earned Premium,month,cumulative,Synthetic,Portfolio,Auto,2023-09,19,812245.084112661
Claims Reported,month,cumulative,Synthetic,Portfolio,Auto,2023-09,20,57.77824081013817
Loss Incurred,month,cumulative,Synthetic,Portfolio,Auto,2023-09,20,315702.60531724186
Exposure,month,cumulative,Synthetic,Portfolio,Auto,2023-09,20,10568.817868825325
Earned Premium,month,cumulative,Synthetic,Portfolio,Auto,2023-09,20,810485.6210929177
Claims Reported,month,cumulative,Synthetic,Portfolio,Auto,2023-09,21,57.84355229412391
Loss Incurred,month,cumulative,Synthetic,Portfolio,Auto,2023-09,21,314028.3839751973
Exposure,month,cumulative,Synthetic,Portfolio,Auto,2023-09,21,10546.658654412042
Earned Premium,month,cumulative,Synthetic,Portfolio,Auto,2023-09,21,808821.3343296283
Claims Reported,month,cumulative,Synthetic,Portfolio,Auto,2023-09,22,57.889665276033995
Loss Incurred,month,cumulative,Synthetic,Portfolio,Auto,2023-09,22,312355.2663076296
Exposure,month,cumulative,Synthetic,Portfolio,Auto,2023-09,22,10526.391059000398
Earned Premium,month,cumulative,Synthetic,Portfolio,Auto,2023-09,22,807247.0753657402
Claims Reported,month,cumulative,Synthetic,Portfolio,Auto,2023-09,23,57.92220473042207
Loss Incurred,month,cumulative,Synthetic,Portfolio,Auto,2023-09,23,310683.3347932849
Exposure,month,cumulative,Synthetic,Portfolio,Auto,2023-09,23,10507.853604733798
Earned Premium,month,cumulative,Synthetic,Portfolio,Auto,2023-09,23,805757.9742444383
Claims Reported,month,cumulative,Synthetic,Portfolio,Auto,2023-09,24,57.94515687666494
Loss Incurred,month,cumulative,Synthetic,Portfolio,Auto,2023-09,24,309012.6716754806
Exposure,month,cumulative,Synthetic,Portfolio,Auto,2023-09,24,10490.89859829584
Earned Premium,month,cumulative,Synthetic,Portfolio,Auto,2023-09,24,804349.4244439747
Claims Reported,month,cumulative,Synthetic,Portfolio,Auto,2023-09,25,57.96134190935922
Loss Incurred,month,cumulative,Synthetic,Portfolio,Auto,2023-09,25,307343.35894606035
Exposure,month,cumulative,Synthetic,Portfolio,Auto,2023-09,25,10475.39095419451
Earned Premium,month,cumulative,Synthetic,Portfolio,Auto,2023-09,25,803017.0686274327
Claims Reported,month,cumulative,Synthetic,Portfolio,Auto,2023-09,26,57.9727527408505
Loss Incurred,month,cumulative,Synthetic,Portfolio,Auto,2023-09,26,305675.47832945327
Exposure,month,cumulative,Synthetic,Portfolio,Auto,2023-09,26,10461.207118496564
Earned Premium,month,cumulative,Synthetic,Portfolio,Auto,2023-09,26,801756.7851633412
Claims Reported,month,cumulative,Synthetic,Portfolio,Auto,2023-09,27,57.98079651686751
Loss Incurred,month,cumulative,Synthetic,Portfolio,Auto,2023-09,27,304009.1112668459
Exposure,month,cumulative,Synthetic,Portfolio,Auto,2023-09,27,10448.23408443725
Earned Premium,month,cumulative,Synthetic,Portfolio,Auto,2023-09,27,800564.6753754435
Claims Reported,month,cumulative,Synthetic,Portfolio,Auto,2023-10,0,7.092994519970828
Loss Incurred,month,cumulative,Synthetic,Portfolio,Auto,2023-10,0,282488.1073080409
Exposure,month,cumulative,Synthetic,Portfolio,Auto,2023-10,0,11466.957689163082
Earned Premium,month,cumulative,Synthetic,Portfolio,Auto,2023-10,0,897547.8703400394
Claims Reported,month,cumulative,Synthetic,Portfolio,Auto,2023-10,1,9.454503956299721
Loss Incurred,month,cumulative,Synthetic,Portfolio,Auto,2023-10,1,281117.6675075588
Exposure,month,cumulative,Synthetic,Portfolio,Auto,2023-10,1,11360.325883117488
Earned Premium,month,cumulative,Synthetic,Portfolio,Auto,2023-10,1,891702.1567556134
Claims Reported,month,cumulative,Synthetic,Portfolio,Auto,2023-10,2,12.352622639822975
Loss Incurred,month,cumulative,Synthetic,Portfolio,Auto,2023-10,2,279746.8867448139
Exposure,month,cumulative,Synthetic,Portfolio,Auto,2023-10,2,11261.29614771933
Earned Premium,month,cumulative,Synthetic,Portfolio,Auto,2023-10,2,886211.7914544864
Claims Reported,month,cumulative,Synthetic,Portfolio,Auto,2023-10,3,15.756102124935436
Loss Incurred,month,cumulative,Synthetic,Portfolio,Auto,2023-10,3,278375.83345430915
Exposure,month,cumulative,Synthetic,Portfolio,Auto,2023-10,3,11169.326510734694
Earned Premium,month,cumulative,Synthetic,Portfolio,Auto,2023-10,3,881055.1735832092
Claims Reported,month,cumulative,Synthetic,Portfolio,Auto,2023-10,4,19.55240743805652
Loss Incurred,month,cumulative,Synthetic,Portfolio,Auto,2023-10,4,277004.57612501783
Exposure,month,cumulative,Synthetic,Portfolio,Auto,2023-10,4,11083.913638600103
Earned Premium,month,cumulative,Synthetic,Portfolio,Auto,2023-10,4,876212.0153574864
Claims Reported,month,cumulative,Synthetic,Portfolio,Auto,2023-10,5,23.551127267689623
Loss Incurred,month,cumulative,Synthetic,Portfolio,Auto,2023-10,5,275633.1832867054
Exposure,month,cumulative,Synthetic,Portfolio,Auto,2023-10,5,11004.590081766895
Earned Premium,month,cumulative,Synthetic,Portfolio,Auto,2023-10,5,871663.2622435435
Claims Reported,month,cumulative,Synthetic,Portfolio,Auto,2023-10,6,27.51678639955945
Loss Incurred,month,cumulative,Synthetic,Portfolio,Auto,2023-10,6,274261.7234962334
Exposure,month,cumulative,Synthetic,Portfolio,Auto,2023-10,6,10930.921716432498
Earned Premium,month,cumulative,Synthetic,Portfolio,Auto,2023-10,6,867391.0179914951
Claims Reported,month,cumulative,Synthetic,Portfolio,Auto,2023-10,7,31.22149746793993
Loss Incurred,month,cumulative,Synthetic,Portfolio,Auto,2023-10,7,272890.26532385283
Exposure,month,cumulative,Synthetic,Portfolio,Auto,2023-10,7,10862.505368657607
Earned Premium,month,cumulative,Synthetic,Portfolio,Auto,2023-10,7,863378.4742257728
Claims Reported,month,cumulative,Synthetic,Portfolio,Auto,2023-10,8,34.494142605774044
Loss Incurred,month,cumulative,Synthetic,Portfolio,Auto,2023-10,8,271518.8773394911
Exposure,month,cumulative,Synthetic,Portfolio,Auto,2023-10,8,10798.966607866489
Earned Premium,month,cumulative,Synthetic,Portfolio,Auto,2023-10,8,859609.8443155994
Claims Reported,month,cumulative,Synthetic,Portfolio,Auto,2023-10,9,37.24528739946264
Loss Incurred,month,cumulative,Synthetic,Portfolio,Auto,2023-10,9,270147.628099039
Exposure,month,cumulative,Synthetic,Portfolio,Auto,2023-10,9,10739.957697654645
Earned Premium,month,cumulative,Synthetic,Portfolio,Auto,2023-10,9,856070.3012653326
Claims Reported,month,cumulative,Synthetic,Portfolio,Auto,2023-10,10,39.46326977731398
Loss Incurred,month,cumulative,Synthetic,Portfolio,Auto,2023-10,10,268776.58613064484
Exposure,month,cumulative,Synthetic,Portfolio,Auto,2023-10,10,10685.15569268894
Earned Premium,month,cumulative,Synthetic,Portfolio,Auto,2023-10,10,852745.9193803213
Claims Reported,month,cumulative,Synthetic,Portfolio,Auto,2023-10,11,41.19187264405541
Loss Incurred,month,cumulative,Synthetic,Portfolio,Auto,2023-10,11,267405.8199210184
Exposure,month,cumulative,Synthetic,Portfolio,Auto,2023-10,11,10634.260671284901
Earned Premium,month,cumulative,Synthetic,Portfolio,Auto,2023-10,11,849623.6194787681
Claims Reported,month,cumulative,Synthetic,Portfolio,Auto,2023-10,12,42.503853194055964
Loss Incurred,month,cumulative,Synthetic,Portfolio,Auto,2023-10,12,266035.3979017546
Exposure,month,cumulative,Synthetic,Portfolio,Auto,2023-10,12,10586.994093988342
Earned Premium,month,cumulative,Synthetic,Portfolio,Auto,2023-10,12,846691.1174340443
Claims Reported,month,cumulative,Synthetic,Portfolio,Auto,2023-10,13,43.47974065291181
Loss Incurred,month,cumulative,Synthetic,Portfolio,Auto,2023-10,13,264665.3884356788
Exposure,month,cumulative,Synthetic,Portfolio,Auto,2023-10,13,10543.097279178195
Earned Premium,month,cumulative,Synthetic,Portfolio,Auto,2023-10,13,843936.8758450053
Claims Reported,month,cumulative,Synthetic,Portfolio,Auto,2023-10,14,44.19479573281369
Loss Incurred,month,cumulative,Synthetic,Portfolio,Auto,2023-10,14,263295.8598032227
Exposure,month,cumulative,Synthetic,Portfolio,Auto,2023-10,14,10502.329987347726
Earned Premium,month,cumulative,Synthetic,Portfolio,Auto,2023-10,14,841350.0586441647
Claims Reported,month,cumulative,Synthetic,Portfolio,Auto,2023-10,15,44.71297864200194
Loss Incurred,month,cumulative,Synthetic,Portfolio,Auto,2023-10,15,261926.88018883392
Exposure,month,cumulative,Synthetic,Portfolio,Auto,2023-10,15,10464.469106316183
Earned Premium,month,cumulative,Synthetic,Portfolio,Auto,2023-10,15,838920.4884651379
Claims Reported,month,cumulative,Synthetic,Portfolio,Auto,2023-10,16,45.08549532796593
Loss Incurred,month,cumulative,Synthetic,Portfolio,Auto,2023-10,16,260558.51766742743
Exposure,month,cumulative,Synthetic,Portfolio,Auto,2023-10,16,10429.307430175279
Earned Premium,month,cumulative,Synthetic,Portfolio,Auto,2023-10,16,836638.6066016268
Claims Reported,month,cumulative,Synthetic,Portfolio,Auto,2023-10,17,45.351753621608104
Loss Incurred,month,cumulative,Synthetic,Portfolio,Auto,2023-10,17,259190.84019088233
Exposure,month,cumulative,Synthetic,Portfolio,Auto,2023-10,17,10396.65252528789
Earned Premium,month,cumulative,Synthetic,Portfolio,Auto,2023-10,17,834495.435400412
Claims Reported,month,cumulative,Synthetic,Portfolio,Auto,2023-10,18,45.54127947387455
Loss Incurred,month,cumulative,Synthetic,Portfolio,Auto,2023-10,18,257823.91557459158
Exposure,month,cumulative,Synthetic,Portfolio,Auto,2023-10,18,10366.325677132778
Earned Premium,month,cumulative,Synthetic,Portfolio,Auto,2023-10,18,832482.5429403924
Claims Reported,month,cumulative,Synthetic,Portfolio,Auto,2023-10,19,45.67579034205294
Loss Incurred,month,cumulative,Synthetic,Portfolio,Auto,2023-10,19,256457.81148406913
Exposure,month,cumulative,Synthetic,Portfolio,Auto,2023-10,19,10338.160912231611
Earned Premium,month,cumulative,Synthetic,Portfolio,Auto,2023-10,19,830592.009858711
Claims Reported,month,cumulative,Synthetic,Portfolio,Auto,2023-10,20,45.77105680019699
Loss Incurred,month,cumulative,Synthetic,Portfolio,Auto,2023-10,20,255092.5954216196
Exposure,month,cumulative,Synthetic,Portfolio,Auto,2023-10,20,10312.004089805465
Earned Premium,month,cumulative,Synthetic,Portfolio,Auto,2023-10,20,828816.3981934476
Claims Reported,month,cumulative,Synthetic,Portfolio,Auto,2023-10,21,45.83842898081908
Loss Incurred,month,cumulative,Synthetic,Portfolio,Auto,2023-10,21,253728.3347130783
Exposure,month,cumulative,Synthetic,Portfolio,Auto,2023-10,21,10287.712058189585
Earned Premium,month,cumulative,Synthetic,Portfolio,Auto,2023-10,21,827148.722120297
Claims Reported,month,cumulative,Synthetic,Portfolio,Auto,2023-10,22,45.886024605303255
Loss Incurred,month,cumulative,Synthetic,Portfolio,Auto,2023-10,22,252365.0964946243
Exposure,month,cumulative,Synthetic,Portfolio,Auto,2023-10,22,10265.15187138964
Earned Premium,month,cumulative,Synthetic,Portfolio,Auto,2023-10,22,825582.4204681019
Claims Reported,month,cumulative,Synthetic,Portfolio,Auto,2023-10,23,45.91962408561973
Loss Incurred,month,cumulative,Synthetic,Portfolio,Auto,2023-10,23,251002.94769967397
Exposure,month,cumulative,Synthetic,Portfolio,Auto,2023-10,23,10244.20006149179
Earned Premium,month,cumulative,Synthetic,Portfolio,Auto,2023-10,23,824111.3309051064
Claims Reported,month,cumulative,Synthetic,Portfolio,Auto,2023-10,24,45.94333080917685
Loss Incurred,month,cumulative,Synthetic,Portfolio,Auto,2023-10,24,249641.95504585927
Exposure,month,cumulative,Synthetic,Portfolio,Auto,2023-10,24,10224.741962944632
Earned Premium,month,cumulative,Synthetic,Portfolio,Auto,2023-10,24,822729.6656943717
Claims Reported,month,cumulative,Synthetic,Portfolio,Auto,2023-10,25,45.960051362609406
Loss Incurred,month,cumulative,Synthetic,Portfolio,Auto,2023-10,25,248282.1850220971
Exposure,month,cumulative,Synthetic,Portfolio,Auto,2023-10,25,10206.671085014907
Earned Premium,month,cumulative,Synthetic,Portfolio,Auto,2023-10,25,821431.9889229673
Claims Reported,month,cumulative,Synthetic,Portfolio,Auto,2023-10,26,45.971841449397616
Loss Incurred,month,cumulative,Synthetic,Portfolio,Auto,2023-10,26,246923.70387575397
Exposure,month,cumulative,Synthetic,Portfolio,Auto,2023-10,26,10189.888528982534
Earned Premium,month,cumulative,Synthetic,Portfolio,Auto,2023-10,26,820213.1951153511
Claims Reported,month,cumulative,Synthetic,Portfolio,Auto,2023-11,0,9.737673424789438
Loss Incurred,month,cumulative,Synthetic,Portfolio,Auto,2023-11,0,381022.07906714187
Exposure,month,cumulative,Synthetic,Portfolio,Auto,2023-11,0,11776.704125463419
Earned Premium,month,cumulative,Synthetic,Portfolio,Auto,2023-11,0,895135.0006152017
Claims Reported,month,cumulative,Synthetic,Portfolio,Auto,2023-11,1,12.775727187693592
Loss Incurred,month,cumulative,Synthetic,Portfolio,Auto,2023-11,1,379182.3453206211
Exposure,month,cumulative,Synthetic,Portfolio,Auto,2023-11,1,11656.530834360166
Earned Premium,month,cumulative,Synthetic,Portfolio,Auto,2023-11,1,888592.8081854007
Claims Reported,month,cumulative,Synthetic,Portfolio,Auto,2023-11,2,16.376102010110362
Loss Incurred,month,cumulative,Synthetic,Portfolio,Auto,2023-11,2,377342.06914521084
Exposure,month,cumulative,Synthetic,Portfolio,Auto,2023-11,2,11545.75907739405
Earned Premium,month,cumulative,Synthetic,Portfolio,Auto,2023-11,2,882496.8828509748
Claims Reported,month,cumulative,Synthetic,Portfolio,Auto,2023-11,3,20.43413153655645
Loss Incurred,month,cumulative,Synthetic,Portfolio,Auto,2023-11,3,375501.34235165705
Exposure,month,cumulative,Synthetic,Portfolio,Auto,2023-11,3,11443.653343010712
Earned Premium,month,cumulative,Synthetic,Portfolio,Auto,2023-11,3,876816.7830860056
Claims Reported,month,cumulative,Synthetic,Portfolio,Auto,2023-11,4,24.75733279345973
Loss Incurred,month,cumulative,Synthetic,Portfolio,Auto,2023-11,4,373660.2568407436
Exposure,month,cumulative,Synthetic,Portfolio,Auto,2023-11,4,11349.535661035605
Earned Premium,month,cumulative,Synthetic,Portfolio,Auto,2023-11,4,871524.1438934291
Claims Reported,month,cumulative,Synthetic,Portfolio,Auto,2023-11,5,29.09509780875669
Loss Incurred,month,cumulative,Synthetic,Portfolio,Auto,2023-11,5,371818.9045849529
Exposure,month,cumulative,Synthetic,Portfolio,Auto,2023-11,5,11262.78110103106
Earned Premium,month,cumulative,Synthetic,Portfolio,Auto,2023-11,5,866592.5351573367
Claims Reported,month,cumulative,Synthetic,Portfolio,Auto,2023-11,6,33.19347385228292
Loss Incurred,month,cumulative,Synthetic,Portfolio,Auto,2023-11,6,369977.3776100968
Exposure,month,cumulative,Synthetic,Portfolio,Auto,2023-11,6,11182.813622831025
Earned Premium,month,cumulative,Synthetic,Portfolio,Auto,2023-11,6,861997.3296575902
Claims Reported,month,cumulative,Synthetic,Portfolio,Auto,2023-11,7,36.85147455223447
Loss Incurred,month,cumulative,Synthetic,Portfolio,Auto,2023-11,7,368135.76797692425
Exposure,month,cumulative,Synthetic,Portfolio,Auto,2023-11,7,11109.102251701506
Earned Premium,month,cumulative,Synthetic,Portfolio,Auto,2023-11,7,857715.5800876453
Claims Reported,month,cumulative,Synthetic,Portfolio,Auto,2023-11,8,39.95425500663784
Loss Incurred,month,cumulative,Synthetic,Portfolio,Auto,2023-11,8,366294.16776271444
Exposure,month,cumulative,Synthetic,Portfolio,Auto,2023-11,8,11041.15755273023
Earned Premium,month,cumulative,Synthetic,Portfolio,Auto,2023-11,8,853725.9044614441
Claims Reported,month,cumulative,Synthetic,Portfolio,Auto,2023-11,9,42.47436812432255
Loss Incurred,month,cumulative,Synthetic,Portfolio,Auto,2023-11,9,364452.6690428632
Exposure,month,cumulative,Synthetic,Portfolio,Auto,2023-11,9,10978.528381035867
Earned Premium,month,cumulative,Synthetic,Portfolio,Auto,2023-11,9,850008.3793371271
Claims Reported,month,cumulative,Synthetic,Portfolio,Auto,2023-11,10,44.45009364337352
Loss Incurred,month,cumulative,Synthetic,Portfolio,Auto,2023-11,10,362611.3638724688
Exposure,month,cumulative,Synthetic,Portfolio,Auto,2023-11,10,10920.798886218618
Earned Premium,month,cumulative,Synthetic,Portfolio,Auto,2023-11,10,846544.4403243491
Claims Reported,month,cumulative,Synthetic,Portfolio,Auto,2023-11,11,45.956505093031566
Loss Incurred,month,cumulative,Synthetic,Portfolio,Auto,2023-11,11,360770.3442679289
Exposure,month,cumulative,Synthetic,Portfolio,Auto,2023-11,11,10867.585751162022
Earned Premium,month,cumulative,Synthetic,Portfolio,Auto,2023-11,11,843316.7893783584
Claims Reported,month,cumulative,Synthetic,Portfolio,Auto,2023-11,12,47.08088341091987
Loss Incurred,month,cumulative,Synthetic,Portfolio,Auto,2023-11,12,358929.70218855137
Exposure,month,cumulative,Synthetic,Portfolio,Auto,2023-11,12,10818.535646851988
Earned Premium,month,cumulative,Synthetic,Portfolio,Auto,2023-11,12,840309.3084178898
Claims Reported,month,cumulative,Synthetic,Portfolio,Auto,2023-11,13,47.90684523013068
Loss Incurred,month,cumulative,Synthetic,Portfolio,Auto,2023-11,13,357089.5295181906
Exposure,month,cumulative,Synthetic,Portfolio,Auto,2023-11,13,10773.322886313332
Earned Premium,month,cumulative,Synthetic,Portfolio,Auto,2023-11,13,837506.9788354989
Claims Reported,month,cumulative,Synthetic,Portfolio,Auto,2023-11,14,48.506515304288286
Loss Incurred,month,cumulative,Synthetic,Portfolio,Auto,2023-11,14,355249.9180469162
Exposure,month,cumulative,Synthetic,Portfolio,Auto,2023-11,14,10731.647262086215
Earned Premium,month,cumulative,Synthetic,Portfolio,Auto,2023-11,14,834895.806498395
Claims Reported,month,cumulative,Synthetic,Portfolio,Auto,2023-11,15,48.93819305496452
Loss Incurred,month,cumulative,Synthetic,Portfolio,Auto,2023-11,15,353410.95945272036
Exposure,month,cumulative,Synthetic,Portfolio,Auto,2023-11,15,10693.232052883606
Earned Premium,month,cumulative,Synthetic,Portfolio,Auto,2023-11,15,832462.7518652423
Claims Reported,month,cumulative,Synthetic,Portfolio,Auto,2023-11,16,49.247035235813144
Loss Incurred,month,cumulative,Synthetic,Portfolio,Auto,2023-11,16,351572.74528327386
Exposure,month,cumulative,Synthetic,Portfolio,Auto,2023-11,16,10657.822186194195
Earned Premium,month,cumulative,Synthetic,Portfolio,Auto,2023-11,16,830195.6648699535
Claims Reported,month,cumulative,Synthetic,Portfolio,Auto,2023-11,17,49.4670244555839
Loss Incurred,month,cumulative,Synthetic,Portfolio,Auto,2023-11,17,349735.3669377366
Exposure,month,cumulative,Synthetic,Portfolio,Auto,2023-11,17,10625.182544630648
Earned Premium,month,cumulative,Synthetic,Portfolio,Auto,2023-11,17,828083.2242473
Claims Reported,month,cumulative,Synthetic,Portfolio,Auto,2023-11,18,49.623232462545744
Loss Incurred,month,cumulative,Synthetic,Portfolio,Auto,2023-11,18,347898.9156486313
Exposure,month,cumulative,Synthetic,Portfolio,Auto,2023-11,18,10595.09640477756
Earned Premium,month,cumulative,Synthetic,Portfolio,Auto,2023-11,18,826114.8809973452
Claims Reported,month,cumulative,Synthetic,Portfolio,Auto,2023-11,19,49.73390426656247
Loss Incurred,month,cumulative,Synthetic,Portfolio,Auto,2023-11,19,346063.4824637877
Exposure,month,cumulative,Synthetic,Portfolio,Auto,2023-11,19,10567.36399817324
Earned Premium,month,cumulative,Synthetic,Portfolio,Auto,2023-11,19,824280.8057063787
Claims Reported,month,cumulative,Synthetic,Portfolio,Auto,2023-11,20,49.81219033960405
Loss Incurred,month,cumulative,Synthetic,Portfolio,Auto,2023-11,20,344229.15822836524
Exposure,month,cumulative,Synthetic,Portfolio,Auto,2023-11,20,10541.801184870406
Earned Premium,month,cumulative,Synthetic,Portfolio,Auto,2023-11,20,822571.8394612835
Claims Reported,month,cumulative,Synthetic,Portfolio,Auto,2023-11,21,49.86750580018032
Loss Incurred,month,cumulative,Synthetic,Portfolio,Auto,2023-11,21,342396.03356695996
Exposure,month,cumulative,Synthetic,Portfolio,Auto,2023-11,21,10518.238230768411
Earned Premium,month,cumulative,Synthetic,Portfolio,Auto,2023-11,21,820979.4481122153
Claims Reported,month,cumulative,Synthetic,Portfolio,Auto,2023-11,22,49.906559794516475
Loss Incurred,month,cumulative,Synthetic,Portfolio,Auto,2023-11,22,340564.1988658063
Exposure,month,cumulative,Synthetic,Portfolio,Auto,2023-11,22,10496.518680598589
Earned Premium,month,cumulative,Synthetic,Portfolio,Auto,2023-11,22,819495.6796551935
Claims Reported,month,cumulative,Synthetic,Portfolio,Auto,2023-11,23,49.93411744082078
Loss Incurred,month,cumulative,Synthetic,Portfolio,Auto,2023-11,23,338733.74425507785
Exposure,month,cumulative,Synthetic,Portfolio,Auto,2023-11,23,10476.498319079506
Earned Premium,month,cumulative,Synthetic,Portfolio,Auto,2023-11,23,818113.1245217829
Claims Reported,month,cumulative,Synthetic,Portfolio,Auto,2023-11,24,49.95355527274275
Loss Incurred,month,cumulative,Synthetic,Portfolio,Auto,2023-11,24,336904.7595912969
Exposure,month,cumulative,Synthetic,Portfolio,Auto,2023-11,24,10458.044213344312
Earned Premium,month,cumulative,Synthetic,Portfolio,Auto,2023-11,24,816824.8785775629
Claims Reported,month,cumulative,Synthetic,Portfolio,Auto,2023-11,25,49.96726197338489
Loss Incurred,month,cumulative,Synthetic,Portfolio,Auto,2023-11,25,335077.334439858
Exposure,month,cumulative,Synthetic,Portfolio,Auto,2023-11,25,10441.033830281993
Earned Premium,month,cumulative,Synthetic,Portfolio,Auto,2023-11,25,815624.5086446073
Claims Reported,month,cumulative,Synthetic,Portfolio,Auto,2023-12,0,7.932162174522238
Loss Incurred,month,cumulative,Synthetic,Portfolio,Auto,2023-12,0,298853.8545015218
Exposure,month,cumulative,Synthetic,Portfolio,Auto,2023-12,0,11666.297479515624
Earned Premium,month,cumulative,Synthetic,Portfolio,Auto,2023-12,0,919829.8237511133
Claims Reported,month,cumulative,Synthetic,Portfolio,Auto,2023-12,1,10.350819200361881
Loss Incurred,month,cumulative,Synthetic,Portfolio,Auto,2023-12,1,297433.86703493446
Exposure,month,cumulative,Synthetic,Portfolio,Auto,2023-12,1,11549.314663010744
Earned Premium,month,cumulative,Synthetic,Portfolio,Auto,2023-12,1,915449.5108598019
Claims Reported,month,cumulative,Synthetic,Portfolio,Auto,2023-12,2,13.18360566846247
Loss Incurred,month,cumulative,Synthetic,Portfolio,Auto,2023-12,2,296013.241120797
Exposure,month,cumulative,Synthetic,Portfolio,Auto,2023-12,2,11441.325117529315
Earned Premium,month,cumulative,Synthetic,Portfolio,Auto,2023-12,2,911263.8861361094
Claims Reported,month,cumulative,Synthetic,Portfolio,Auto,2023-12,3,16.333673608874687
Loss Incurred,month,cumulative,Synthetic,Portfolio,Auto,2023-12,3,294592.04740468564
Exposure,month,cumulative,Synthetic,Portfolio,Auto,2023-12,3,11341.637468678777
Earned Premium,month,cumulative,Synthetic,Portfolio,Auto,2023-12,3,907264.296435032
Claims Reported,month,cumulative,Synthetic,Portfolio,Auto,2023-12,4,19.640717845455587
Loss Incurred,month,cumulative,Synthetic,Portfolio,Auto,2023-12,4,293170.356645459
Exposure,month,cumulative,Synthetic,Portfolio,Auto,2023-12,4,11249.613492755507
Earned Premium,month,cumulative,Synthetic,Portfolio,Auto,2023-12,4,903442.4732107912
Claims Reported,month,cumulative,Synthetic,Portfolio,Auto,2023-12,5,22.909348079504653
Loss Incurred,month,cumulative,Synthetic,Portfolio,Auto,2023-12,5,291748.23970119667
Exposure,month,cumulative,Synthetic,Portfolio,Auto,2023-12,5,11164.664030687003
Earned Premium,month,cumulative,Synthetic,Portfolio,Auto,2023-12,5,899790.5154228682
Claims Reported,month,cumulative,Synthetic,Portfolio,Auto,2023-12,6,25.952983731699334
Loss Incurred,month,cumulative,Synthetic,Portfolio,Auto,2023-12,6,290325.7675150956
Exposure,month,cumulative,Synthetic,Portfolio,Auto,2023-12,6,11086.24521609737
Earned Premium,month,cumulative,Synthetic,Portfolio,Auto,2023-12,6,896300.8732017995
Claims Reported,month,cumulative,Synthetic,Portfolio,Auto,2023-12,7,28.633723724458612
Loss Incurred,month,cumulative,Synthetic,Portfolio,Auto,2023-12,7,288903.0111013309
Exposure,month,cumulative,Synthetic,Portfolio,Auto,2023-12,7,11013.854993347231
Earned Premium,month,cumulative,Synthetic,Portfolio,Auto,2023-12,7,892966.3322409657
Claims Reported,month,cumulative,Synthetic,Portfolio,Auto,2023-12,8,30.881553778975057
Loss Incurred,month,cumulative,Synthetic,Portfolio,Auto,2023-12,8,287480.04153088614
Exposure,month,cumulative,Synthetic,Portfolio,Auto,2023-12,8,10947.02990325581
Earned Premium,month,cumulative,Synthetic,Portfolio,Auto,2023-12,8,889779.9988821055
Claims Reported,month,cumulative,Synthetic,Portfolio,Auto,2023-12,9,32.6899642820904
Loss Incurred,month,cumulative,Synthetic,Portfolio,Auto,2023-12,9,286056.92991735955
Exposure,month,cumulative,Synthetic,Portfolio,Auto,2023-12,9,10885.342115926578
Earned Premium,month,cumulative,Synthetic,Portfolio,Auto,2023-12,9,886735.2858637213
Claims Reported,month,cumulative,Synthetic,Portfolio,Auto,2023-12,10,34.097019789254695
Loss Incurred,month,cumulative,Synthetic,Portfolio,Auto,2023-12,10,284633.7474027521
Exposure,month,cumulative,Synthetic,Portfolio,Auto,2023-12,10,10828.396691679922
Earned Premium,month,cumulative,Synthetic,Portfolio,Auto,2023-12,10,883825.8987029148
Claims Reported,month,cumulative,Synthetic,Portfolio,Auto,2023-12,11,35.163583601281545
Loss Incurred,month,cumulative,Synthetic,Portfolio,Auto,2023-12,11,283210.5651432437
Exposure,month,cumulative,Synthetic,Portfolio,Auto,2023-12,11,10775.82905255673
Earned Premium,month,cumulative,Synthetic,Portfolio,Auto,2023-12,11,881045.8226824962
Claims Reported,month,cumulative,Synthetic,Portfolio,Auto,2023-12,12,35.95615910875542
Loss Incurred,month,cumulative,Synthetic,Portfolio,Auto,2023-12,12,281787.4542949634
Exposure,month,cumulative,Synthetic,Portfolio,Auto,2023-12,12,10727.302648204784
Earned Premium,month,cumulative,Synthetic,Portfolio,Auto,2023-12,12,878389.3104164683
Claims Reported,month,cumulative,Synthetic,Portfolio,Auto,2023-12,13,36.53648400439756
Loss Incurred,month,cumulative,Synthetic,Portfolio,Auto,2023-12,13,280364.48599975905
Exposure,month,cumulative,Synthetic,Portfolio,Auto,2023-12,13,10682.506801204503
Earned Premium,month,cumulative,Synthetic,Portfolio,Auto,2023-12,13,875850.8699681767
Claims Reported,month,cumulative,Synthetic,Portfolio,Auto,2023-12,14,36.95681300212876
Loss Incurred,month,cumulative,Synthetic,Portfolio,Auto,2023-12,14,278941.731370974
Exposure,month,cumulative,Synthetic,Portfolio,Auto,2023-12,14,10641.154718039246
Earned Premium,month,cumulative,Synthetic,Portfolio,Auto,2023-12,14,873425.253496562
Claims Reported,month,cumulative,Synthetic,Portfolio,Auto,2023-12,15,37.25887021697138
Loss Incurred,month,cumulative,Synthetic,Portfolio,Auto,2023-12,15,277519.2614792349
Exposure,month,cumulative,Synthetic,Portfolio,Auto,2023-12,15,10602.981652975966
Earned Premium,month,cumulative,Synthetic,Portfolio,Auto,2023-12,15,871107.4464070448
Claims Reported,month,cumulative,Synthetic,Portfolio,Auto,2023-12,16,37.47470920893436
Loss Incurred,month,cumulative,Synthetic,Portfolio,Auto,2023-12,16,276097.1473382583
Exposure,month,cumulative,Synthetic,Portfolio,Auto,2023-12,16,10567.743213100957
Earned Premium,month,cumulative,Synthetic,Portfolio,Auto,2023-12,16,868892.6569846094
Claims Reported,month,cumulative,Synthetic,Portfolio,Auto,2023-12,17,37.62831653963033
Loss Incurred,month,cumulative,Synthetic,Portfolio,Auto,2023-12,17,274675.4598906813
Exposure,month,cumulative,Synthetic,Portfolio,Auto,2023-12,17,10535.213793659103
Earned Premium,month,cumulative,Synthetic,Portfolio,Auto,2023-12,17,866776.3064876609
Claims Reported,month,cumulative,Synthetic,Portfolio,Auto,2023-12,18,37.737320345241294
Loss Incurred,month,cumulative,Synthetic,Portfolio,Auto,2023-12,18,273254.26999392227
Exposure,month,cumulative,Synthetic,Portfolio,Auto,2023-12,18,10505.185133679335
Earned Premium,month,cumulative,Synthetic,Portfolio,Auto,2023-12,18,864754.0196821685
Claims Reported,month,cumulative,Synthetic,Portfolio,Auto,2023-12,19,37.814514128778015
Loss Incurred,month,cumulative,Synthetic,Portfolio,Auto,2023-12,19,271833.6484060774
Exposure,month,cumulative,Synthetic,Portfolio,Auto,2023-12,19,10477.464982639065
Earned Premium,month,cumulative,Synthetic,Portfolio,Auto,2023-12,19,862821.6157965338
Claims Reported,month,cumulative,Synthetic,Portfolio,Auto,2023-12,20,37.86910162853698
Loss Incurred,month,cumulative,Synthetic,Portfolio,Auto,2023-12,20,270413.6657718602
Exposure,month,cumulative,Synthetic,Portfolio,Auto,2023-12,20,10451.875869631256
Earned Premium,month,cumulative,Synthetic,Portfolio,Auto,2023-12,20,860975.0998784779
Claims Reported,month,cumulative,Synthetic,Portfolio,Auto,2023-12,21,37.90766354656325
Loss Incurred,month,cumulative,Synthetic,Portfolio,Auto,2023-12,21,268994.39260858815
Exposure,month,cumulative,Synthetic,Portfolio,Auto,2023-12,21,10428.253967154058
Earned Premium,month,cumulative,Synthetic,Portfolio,Auto,2023-12,21,859210.654536083
Claims Reported,month,cumulative,Synthetic,Portfolio,Auto,2023-12,22,37.93488487568058
Loss Incurred,month,cumulative,Synthetic,Portfolio,Auto,2023-12,22,267575.89929222385
Exposure,month,cumulative,Synthetic,Portfolio,Auto,2023-12,22,10406.448042248729
Earned Premium,month,cumulative,Synthetic,Portfolio,Auto,2023-12,22,857524.6320459133
Claims Reported,month,cumulative,Synthetic,Portfolio,Auto,2023-12,23,37.954090915898554
Loss Incurred,month,cumulative,Synthetic,Portfolio,Auto,2023-12,23,266158.2560434755
Exposure,month,cumulative,Synthetic,Portfolio,Auto,2023-12,23,10386.318488270772
Earned Premium,month,cumulative,Synthetic,Portfolio,Auto,2023-12,23,855913.5468118985
Claims Reported,month,cumulative,Synthetic,Portfolio,Auto,2023-12,24,37.96763686882568
Loss Incurred,month,cumulative,Synthetic,Portfolio,Auto,2023-12,24,264741.5329139635
Exposure,month,cumulative,Synthetic,Portfolio,Auto,2023-12,24,10367.736431095453
Earned Premium,month,cumulative,Synthetic,Portfolio,Auto,2023-12,24,854374.068159393
Claims Reported,month,cumulative,Synthetic,Portfolio,Auto,2024-01,0,21.969693794871898
Loss Incurred,month,cumulative,Synthetic,Portfolio,Auto,2024-01,0,702780.3551983222
Exposure,month,cumulative,Synthetic,Portfolio,Auto,2024-01,0,12772.865413569174
Earned Premium,month,cumulative,Synthetic,Portfolio,Auto,2024-01,0,1015533.8805072467
Claims Reported,month,cumulative,Synthetic,Portfolio,Auto,2024-01,1,28.523825484449976
Loss Incurred,month,cumulative,Synthetic,Portfolio,Auto,2024-01,1,699406.1565253333
Exposure,month,cumulative,Synthetic,Portfolio,Auto,2024-01,1,12630.773154631519
Earned Premium,month,cumulative,Synthetic,Portfolio,Auto,2024-01,1,1007590.5332383465
Claims Reported,month,cumulative,Synthetic,Portfolio,Auto,2024-01,2,36.11647707995252
Loss Incurred,month,cumulative,Synthetic,Portfolio,Auto,2024-01,2,696030.7784396692
Exposure,month,cumulative,Synthetic,Portfolio,Auto,2024-01,2,12500.799680741025
Earned Premium,month,cumulative,Synthetic,Portfolio,Auto,2024-01,2,1000227.0810956362
Claims Reported,month,cumulative,Synthetic,Portfolio,Auto,2024-01,3,44.45533371262022
Loss Incurred,month,cumulative,Synthetic,Portfolio,Auto,2024-01,3,692654.3891732265
Exposure,month,cumulative,Synthetic,Portfolio,Auto,2024-01,3,12381.91140321301
Earned Premium,month,cumulative,Synthetic,Portfolio,Auto,2024-01,3,993401.1894881694
Claims Reported,month,cumulative,Synthetic,Portfolio,Auto,2024-01,4,53.09392410648905
Loss Incurred,month,cumulative,Synthetic,Portfolio,Auto,2024-01,4,689277.1571598549
Exposure,month,cumulative,Synthetic,Portfolio,Auto,2024-01,4,12273.162886223403
Earned Premium,month,cumulative,Synthetic,Portfolio,Auto,2024-01,4,987073.6144141583
Claims Reported,month,cumulative,Synthetic,Portfolio,Auto,2024-01,5,61.51790730618225
Loss Incurred,month,cumulative,Synthetic,Portfolio,Auto,2024-01,5,685899.2510017867
Exposure,month,cumulative,Synthetic,Portfolio,Auto,2024-01,5,12173.68932841488
Earned Premium,month,cumulative,Synthetic,Portfolio,Auto,2024-01,5,981207.976835992
Claims Reported,month,cumulative,Synthetic,Portfolio,Auto,2024-01,6,69.26188123142242
Loss Incurred,month,cumulative,Synthetic,Portfolio,Auto,2024-01,6,682520.8394359954
Exposure,month,cumulative,Synthetic,Portfolio,Auto,2024-01,6,12082.699685732841
Earned Premium,month,cumulative,Synthetic,Portfolio,Auto,2024-01,6,975770.5535267516
Claims Reported,month,cumulative,Synthetic,Portfolio,Auto,2024-01,7,76.00398825382936
Loss Incurred,month,cumulative,Synthetic,Portfolio,Auto,2024-01,7,679142.0913004968
Exposure,month,cumulative,Synthetic,Portfolio,Auto,2024-01,7,11999.470380801968
Earned Premium,month,cumulative,Synthetic,Portfolio,Auto,2024-01,7,970730.0831857399
Claims Reported,month,cumulative,Synthetic,Portfolio,Auto,2024-01,8,81.60151963023623
Loss Incurred,month,cumulative,Synthetic,Portfolio,Auto,2024-01,8,675763.1755006068
Exposure,month,cumulative,Synthetic,Portfolio,Auto,2024-01,8,11923.339548818338
Earned Premium,month,cumulative,Synthetic,Portfolio,Auto,2024-01,8,966057.586708329
Claims Reported,month,cumulative,Synthetic,Portfolio,Auto,2024-01,9,86.06836196420977
Loss Incurred,month,cumulative,Synthetic,Portfolio,Auto,2024-01,9,672384.2609751708
Exposure,month,cumulative,Synthetic,Portfolio,Auto,2024-01,9,11853.70177419877
Earned Premium,month,cumulative,Synthetic,Portfolio,Auto,2024-01,9,961726.2005768047
Claims Reported,month,cumulative,Synthetic,Portfolio,Auto,2024-01,10,89.52160519472528
Loss Incurred,month,cumulative,Synthetic,Portfolio,Auto,2024-01,10,669005.5166627797
Exposure,month,cumulative,Synthetic,Portfolio,Auto,2024-01,10,11790.00327613154
Earned Premium,month,cumulative,Synthetic,Portfolio,Auto,2024-01,10,957711.0224143254
Claims Reported,month,cumulative,Synthetic,Portfolio,Auto,2024-01,11,92.12634535371429
Loss Incurred,month,cumulative,Synthetic,Portfolio,Auto,2024-01,11,665627.1114679854
Exposure,month,cumulative,Synthetic,Portfolio,Auto,2024-01,11,11731.737504742565
Earned Premium,month,cumulative,Synthetic,Portfolio,Auto,2024-01,11,953988.9678140406
Claims Reported,month,cumulative,Synthetic,Portfolio,Auto,2024-01,12,94.05482271754789
Loss Incurred,month,cumulative,Synthetic,Portfolio,Auto,2024-01,12,662249.2142275294
Exposure,month,cumulative,Synthetic,Portfolio,Auto,2024-01,12,11678.441112856379
Earned Premium,month,cumulative,Synthetic,Portfolio,Auto,2024-01,12,950538.6376202374
Claims Reported,month,cumulative,Synthetic,Portfolio,Auto,2024-01,13,95.46301770026932
Loss Incurred,month,cumulative,Synthetic,Portfolio,Auto,2024-01,13,658871.9936766024
Exposure,month,cumulative,Synthetic,Portfolio,Auto,2024-01,13,11629.690271318164
Earned Premium,month,cumulative,Synthetic,Portfolio,Auto,2024-01,13,947340.1948984785
Claims Reported,month,cumulative,Synthetic,Portfolio,Auto,2024-01,14,96.48095315257481
Loss Incurred,month,cumulative,Synthetic,Portfolio,Auto,2024-01,14,655495.6184151463
Exposure,month,cumulative,Synthetic,Portfolio,Auto,2024-01,14,11585.097298575105
Earned Premium,month,cumulative,Synthetic,Portfolio,Auto,2024-01,14,944375.2508873965
Claims Reported,month,cumulative,Synthetic,Portfolio,Auto,2024-01,15,97.21141794875169
Loss Incurred,month,cumulative,Synthetic,Portfolio,Auto,2024-01,15,652120.2568742126
Exposure,month,cumulative,Synthetic,Portfolio,Auto,2024-01,15,11544.3075777145
Earned Premium,month,cumulative,Synthetic,Portfolio,Auto,2024-01,15,941626.7592764486
Claims Reported,month,cumulative,Synthetic,Portfolio,Auto,2024-01,16,97.73284695486372
Loss Incurred,month,cumulative,Synthetic,Portfolio,Auto,2024-01,16,648746.0772823952
Exposure,month,cumulative,Synthetic,Portfolio,Auto,2024-01,16,11506.996736441984
Earned Premium,month,cumulative,Synthetic,Portfolio,Auto,2024-01,16,939078.9182018061
Claims Reported,month,cumulative,Synthetic,Portfolio,Auto,2024-01,17,98.10366432469925
Loss Incurred,month,cumulative,Synthetic,Portfolio,Auto,2024-01,17,645373.2476323444
Exposure,month,cumulative,Synthetic,Portfolio,Auto,2024-01,17,11472.86806757415
Earned Premium,month,cumulative,Synthetic,Portfolio,Auto,2024-01,17,936717.0793969218
Claims Reported,month,cumulative,Synthetic,Portfolio,Auto,2024-01,18,98.36666957495102
Loss Incurred,month,cumulative,Synthetic,Portfolio,Auto,2024-01,18,642001.9356473857
Exposure,month,cumulative,Synthetic,Portfolio,Auto,2024-01,18,11441.650169532591
Earned Premium,month,cumulative,Synthetic,Portfolio,Auto,2024-01,18,934527.6639754593
Claims Reported,month,cumulative,Synthetic,Portfolio,Auto,2024-01,19,98.55285484952674
Loss Incurred,month,cumulative,Synthetic,Portfolio,Auto,2024-01,19,638632.3087482504
Exposure,month,cumulative,Synthetic,Portfolio,Auto,2024-01,19,11413.094788075809
Earned Premium,month,cumulative,Synthetic,Portfolio,Auto,2024-01,19,932498.084362395
Claims Reported,month,cumulative,Synthetic,Portfolio,Auto,2024-01,20,98.68448129576902
Loss Incurred,month,cumulative,Synthetic,Portfolio,Auto,2024-01,20,635264.5340199338
Exposure,month,cumulative,Synthetic,Portfolio,Auto,2024-01,20,11386.97484210581
Earned Premium,month,cumulative,Synthetic,Portfolio,Auto,2024-01,20,930616.6719244508
Claims Reported,month,cumulative,Synthetic,Portfolio,Auto,2024-01,21,98.77744826667842
Loss Incurred,month,cumulative,Synthetic,Portfolio,Auto,2024-01,21,631898.7781786975
Exposure,month,cumulative,Synthetic,Portfolio,Auto,2024-01,21,11363.082617850005
Earned Premium,month,cumulative,Synthetic,Portfolio,Auto,2024-01,21,928872.6098837868
Claims Reported,month,cumulative,Synthetic,Portfolio,Auto,2024-01,22,98.84306626209133
Loss Incurred,month,cumulative,Synthetic,Portfolio,Auto,2024-01,22,628535.2075392243
Exposure,month,cumulative,Synthetic,Portfolio,Auto,2024-01,22,11341.228117057952
Earned Premium,month,cumulative,Synthetic,Portfolio,Auto,2024-01,22,927255.8711292535
Claims Reported,month,cumulative,Synthetic,Portfolio,Auto,2024-01,23,98.8893588701117
Loss Incurred,month,cumulative,Synthetic,Portfolio,Auto,2024-01,23,625173.9879819456
Exposure,month,cumulative,Synthetic,Portfolio,Auto,2024-01,23,11321.23754607736
Earned Premium,month,cumulative,Synthetic,Portfolio,Auto,2024-01,23,925757.1605676644
Claims Reported,month,cumulative,Synthetic,Portfolio,Auto,2024-02,0,4.722867169668527
Loss Incurred,month,cumulative,Synthetic,Portfolio,Auto,2024-02,0,144616.25350883984
Exposure,month,cumulative,Synthetic,Portfolio,Auto,2024-02,0,13003.699647658957
Earned Premium,month,cumulative,Synthetic,Portfolio,Auto,2024-02,0,1106760.334359368
Claims Reported,month,cumulative,Synthetic,Portfolio,Auto,2024-02,1,6.259602949116472
Loss Incurred,month,cumulative,Synthetic,Portfolio,Auto,2024-02,1,143925.81412718486
Exposure,month,cumulative,Synthetic,Portfolio,Auto,2024-02,1,12880.64547155808
Earned Premium,month,cumulative,Synthetic,Portfolio,Auto,2024-02,1,1096621.7980319688
Claims Reported,month,cumulative,Synthetic,Portfolio,Auto,2024-02,2,8.121894911944679
Loss Incurred,month,cumulative,Synthetic,Portfolio,Auto,2024-02,2,143235.09602668765
Exposure,month,cumulative,Synthetic,Portfolio,Auto,2024-02,2,12766.518846982835
Earned Premium,month,cumulative,Synthetic,Portfolio,Auto,2024-02,2,1087350.0912667264
Claims Reported,month,cumulative,Synthetic,Portfolio,Auto,2024-02,3,10.276345957911207
Loss Incurred,month,cumulative,Synthetic,Portfolio,Auto,2024-02,3,142544.1335939272
Exposure,month,cumulative,Synthetic,Portfolio,Auto,2024-02,3,12660.67208217039
Earned Premium,month,cumulative,Synthetic,Portfolio,Auto,2024-02,3,1078871.1014436763
Claims Reported,month,cumulative,Synthetic,Portfolio,Auto,2024-02,4,12.638924902381678
Loss Incurred,month,cumulative,Synthetic,Portfolio,Auto,2024-02,4,141852.96126425458
Exposure,month,cumulative,Synthetic,Portfolio,Auto,2024-02,4,12562.504475242918
Earned Premium,month,cumulative,Synthetic,Portfolio,Auto,2024-02,4,1071117.052460063
Claims Reported,month,cumulative,Synthetic,Portfolio,Auto,2024-02,5,15.082447543549655
Loss Incurred,month,cumulative,Synthetic,Portfolio,Auto,2024-02,5,141161.61351493996
Exposure,month,cumulative,Synthetic,Portfolio,Auto,2024-02,5,12471.458905102516
Earned Premium,month,cumulative,Synthetic,Portfolio,Auto,2024-02,5,1064025.9629676777
Claims Reported,month,cumulative,Synthetic,Portfolio,Auto,2024-02,6,17.461377574673712
Loss Incurred,month,cumulative,Synthetic,Portfolio,Auto,2024-02,6,140470.12485830157
Exposure,month,cumulative,Synthetic,Portfolio,Auto,2024-02,6,12387.018669655856
Earned Premium,month,cumulative,Synthetic,Portfolio,Auto,2024-02,6,1057541.1509300852
Claims Reported,month,cumulative,Synthetic,Portfolio,Auto,2024-02,7,19.644894017967758
Loss Incurred,month,cumulative,Synthetic,Portfolio,Auto,2024-02,7,139778.52983482013
Exposure,month,cumulative,Synthetic,Portfolio,Auto,2024-02,7,12308.704553424917
Earned Premium,month,cumulative,Synthetic,Portfolio,Auto,2024-02,7,1051610.7805394614
Claims Reported,month,cumulative,Synthetic,Portfolio,Auto,2024-02,8,21.54329055782655
Loss Incurred,month,cumulative,Synthetic,Portfolio,Auto,2024-02,8,139086.8630062409
Exposure,month,cumulative,Synthetic,Portfolio,Auto,2024-02,8,12236.07210790187
Earned Premium,month,cumulative,Synthetic,Portfolio,Auto,2024-02,8,1046187.4478713577
Claims Reported,month,cumulative,Synthetic,Portfolio,Auto,2024-02,9,23.11754873035136
Loss Incurred,month,cumulative,Synthetic,Portfolio,Auto,2024-02,9,138395.15894866714
Exposure,month,cumulative,Synthetic,Portfolio,Auto,2024-02,9,12168.70912921356
Earned Premium,month,cumulative,Synthetic,Portfolio,Auto,2024-02,9,1041227.8019653577
Claims Reported,month,cumulative,Synthetic,Portfolio,Auto,2024-02,10,24.372603785832872
Loss Incurred,month,cumulative,Synthetic,Portfolio,Auto,2024-02,10,137703.45224564715
Exposure,month,cumulative,Synthetic,Portfolio,Auto,2024-02,10,12106.233318780854
Earned Premium,month,cumulative,Synthetic,Portfolio,Auto,2024-02,10,1036692.1983027667
Claims Reported,month,cumulative,Synthetic,Portfolio,Auto,2024-02,11,25.342133447808543
Loss Incurred,month,cumulative,Synthetic,Portfolio,Auto,2024-02,11,137011.77748125838
Exposure,month,cumulative,Synthetic,Portfolio,Auto,2024-02,11,12048.290113696597
Earned Premium,month,cumulative,Synthetic,Portfolio,Auto,2024-02,11,1032544.3819114341
Claims Reported,month,cumulative,Synthetic,Portfolio,Auto,2024-02,12,26.07301561933656
Loss Incurred,month,cumulative,Synthetic,Portfolio,Auto,2024-02,12,136320.1692331909
Exposure,month,cumulative,Synthetic,Portfolio,Auto,2024-02,12,11994.550674509124
Earned Premium,month,cumulative,Synthetic,Portfolio,Auto,2024-02,12,1028751.1975646396
Claims Reported,month,cumulative,Synthetic,Portfolio,Auto,2024-02,13,26.613906618821098
Loss Incurred,month,cumulative,Synthetic,Portfolio,Auto,2024-02,13,135628.66206583436
Exposure,month,cumulative,Synthetic,Portfolio,Auto,2024-02,13,11944.71001899163
Earned Premium,month,cumulative,Synthetic,Portfolio,Auto,2024-02,13,1025282.324757532
Claims Reported,month,cumulative,Synthetic,Portfolio,Auto,2024-02,14,27.008745427350306
Loss Incurred,month,cumulative,Synthetic,Portfolio,Auto,2024-02,14,134937.29052336962
Exposure,month,cumulative,Synthetic,Portfolio,Auto,2024-02,14,11898.485291306108
Earned Premium,month,cumulative,Synthetic,Portfolio,Auto,2024-02,14,1022110.0353426875
Claims Reported,month,cumulative,Synthetic,Portfolio,Auto,2024-02,15,27.294094739501
Loss Incurred,month,cumulative,Synthetic,Portfolio,Auto,2024-02,15,134246.08912286971
Exposure,month,cumulative,Synthetic,Portfolio,Auto,2024-02,15,11855.614156739053
Earned Premium,month,cumulative,Synthetic,Portfolio,Auto,2024-02,15,1019208.9718874594
Claims Reported,month,cumulative,Synthetic,Portfolio,Auto,2024-02,16,27.498825687769955
Loss Incurred,month,cumulative,Synthetic,Portfolio,Auto,2024-02,16,133555.0923474121
Exposure,month,cumulative,Synthetic,Portfolio,Auto,2024-02,16,11815.853312898713
Earned Premium,month,cumulative,Synthetic,Portfolio,Auto,2024-02,16,1016555.9449814409
Claims Reported,month,cumulative,Synthetic,Portfolio,Auto,2024-02,17,27.644951712705495
Loss Incurred,month,cumulative,Synthetic,Portfolio,Auto,2024-02,17,132864.33463920534
Exposure,month,cumulative,Synthetic,Portfolio,Auto,2024-02,17,11778.977108924602
Earned Premium,month,cumulative,Synthetic,Portfolio,Auto,2024-02,17,1014129.7478738342
Claims Reported,month,cumulative,Synthetic,Portfolio,Auto,2024-02,18,27.74886127594732
Loss Incurred,month,cumulative,Synthetic,Portfolio,Auto,2024-02,18,132173.8503927328
Exposure,month,cumulative,Synthetic,Portfolio,Auto,2024-02,18,11744.776264873093
Earned Premium,month,cumulative,Synthetic,Portfolio,Auto,2024-02,18,1011910.9869590446
Claims Reported,month,cumulative,Synthetic,Portfolio,Auto,2024-02,19,27.822555530968334
Loss Incurred,month,cumulative,Synthetic,Portfolio,Auto,2024-02,19,131483.67394791718
Exposure,month,cumulative,Synthetic,Portfolio,Auto,2024-02,19,11713.056684011217
Earned Premium,month,cumulative,Synthetic,Portfolio,Auto,2024-02,19,1009881.9267555006
Claims Reported,month,cumulative,Synthetic,Portfolio,Auto,2024-02,20,27.874722541716913
Loss Incurred,month,cumulative,Synthetic,Portfolio,Auto,2024-02,20,130793.83958330772
Exposure,month,cumulative,Synthetic,Portfolio,Auto,2024-02,20,11683.638351278325
Earned Premium,month,cumulative,Synthetic,Portfolio,Auto,2024-02,20,1008026.3481385516
Claims Reported,month,cumulative,Synthetic,Portfolio,Auto,2024-02,21,27.911601668019603
Loss Incurred,month,cumulative,Synthetic,Portfolio,Auto,2024-02,21,130104.38150929363
Exposure,month,cumulative,Synthetic,Portfolio,Auto,2024-02,21,11656.354311664065
Earned Premium,month,cumulative,Synthetic,Portfolio,Auto,2024-02,21,1006329.4186942382
Claims Reported,month,cumulative,Synthetic,Portfolio,Auto,2024-02,22,27.937648616592785
Loss Incurred,month,cumulative,Synthetic,Portfolio,Auto,2024-02,22,129415.33386134596
Exposure,month,cumulative,Synthetic,Portfolio,Auto,2024-02,22,11631.049722704807
Earned Premium,month,cumulative,Synthetic,Portfolio,Auto,2024-02,22,1004777.57415762
Claims Reported,month,cumulative,Synthetic,Portfolio,Auto,2024-03,0,4.637441006027301
Loss Incurred,month,cumulative,Synthetic,Portfolio,Auto,2024-03,0,144036.39733666598
Exposure,month,cumulative,Synthetic,Portfolio,Auto,2024-03,0,13547.24787872538
Earned Premium,month,cumulative,Synthetic,Portfolio,Auto,2024-03,0,1131621.2684875848
Claims Reported,month,cumulative,Synthetic,Portfolio,Auto,2024-03,1,6.106172372068029
Loss Incurred,month,cumulative,Synthetic,Portfolio,Auto,2024-03,1,143344.50342339024
Exposure,month,cumulative,Synthetic,Portfolio,Auto,2024-03,1,13423.584197962677
Earned Premium,month,cumulative,Synthetic,Portfolio,Auto,2024-03,1,1125278.4725976898
Claims Reported,month,cumulative,Synthetic,Portfolio,Auto,2024-03,2,7.860501935920226
Loss Incurred,month,cumulative,Synthetic,Portfolio,Auto,2024-03,2,142652.3709927942
Exposure,month,cumulative,Synthetic,Portfolio,Auto,2024-03,2,13308.574974542247
Earned Premium,month,cumulative,Synthetic,Portfolio,Auto,2024-03,2,1119267.4925732245
Claims Reported,month,cumulative,Synthetic,Portfolio,Auto,2024-03,3,9.855933387371426
Loss Incurred,month,cumulative,Synthetic,Portfolio,Auto,2024-03,3,141960.03454459875
Exposure,month,cumulative,Synthetic,Portfolio,Auto,2024-03,3,13201.614536439552
Earned Premium,month,cumulative,Synthetic,Portfolio,Auto,2024-03,3,1113570.9698596231
Claims Reported,month,cumulative,Synthetic,Portfolio,Auto,2024-03,4,12.00316710253999
Loss Incurred,month,cumulative,Synthetic,Portfolio,Auto,2024-03,4,141267.528619273
Exposure,month,cumulative,Synthetic,Portfolio,Auto,2024-03,4,13102.139598874784
Earned Premium,month,cumulative,Synthetic,Portfolio,Auto,2024-03,4,1108172.4539945729
Claims Reported,month,cumulative,Synthetic,Portfolio,Auto,2024-03,5,14.180175447091614
Loss Incurred,month,cumulative,Synthetic,Portfolio,Auto,2024-03,5,140574.88779114926
Exposure,month,cumulative,Synthetic,Portfolio,Auto,2024-03,5,13009.626297891346
Earned Premium,month,cumulative,Synthetic,Portfolio,Auto,2024-03,5,1103056.3551022413
Claims Reported,month,cumulative,Synthetic,Portfolio,Auto,2024-03,6,16.258106520154204
Loss Incurred,month,cumulative,Synthetic,Portfolio,Auto,2024-03,6,139882.14666152347
Exposure,month,cumulative,Synthetic,Portfolio,Auto,2024-03,6,12923.587431535892
Earned Premium,month,cumulative,Synthetic,Portfolio,Auto,2024-03,6,1098207.8988727117
Claims Reported,month,cumulative,Synthetic,Portfolio,Auto,2024-03,7,18.13030349256556
Loss Incurred,month,cumulative,Synthetic,Portfolio,Auto,2024-03,7,139189.33985174453
Exposure,month,cumulative,Synthetic,Portfolio,Auto,2024-03,7,12843.569894111119
Earned Premium,month,cumulative,Synthetic,Portfolio,Auto,2024-03,7,1093613.0838966174
Claims Reported,month,cumulative,Synthetic,Portfolio,Auto,2024-03,8,19.731475816714052
Loss Incurred,month,cumulative,Synthetic,Portfolio,Auto,2024-03,8,138496.50199629486
Exposure,month,cumulative,Synthetic,Portfolio,Auto,2024-03,8,12769.152289989363
Earned Premium,month,cumulative,Synthetic,Portfolio,Auto,2024-03,8,1089258.6412317634
Claims Reported,month,cumulative,Synthetic,Portfolio,Auto,2024-03,9,21.04094464941172
Loss Incurred,month,cumulative,Synthetic,Portfolio,Auto,2024-03,9,137803.6677358655
Exposure,month,cumulative,Synthetic,Portfolio,Auto,2024-03,9,12699.942714420644
Earned Premium,month,cumulative,Synthetic,Portfolio,Auto,2024-03,9,1085131.996084973
Claims Reported,month,cumulative,Synthetic,Portfolio,Auto,2024-03,10,22.07322663925132
Loss Incurred,month,cumulative,Synthetic,Portfolio,Auto,2024-03,10,137110.87171042862
Exposure,month,cumulative,Synthetic,Portfolio,Auto,2024-03,10,12635.576689648266
Earned Premium,month,cumulative,Synthetic,Portfolio,Auto,2024-03,10,1081221.231498502
Claims Reported,month,cumulative,Synthetic,Portfolio,Auto,2024-03,11,22.86367986908245
Loss Incurred,month,cumulative,Synthetic,Portfolio,Auto,2024-03,11,136418.14855231
Exposure,month,cumulative,Synthetic,Portfolio,Auto,2024-03,11,12575.715245462914
Earned Premium,month,cumulative,Synthetic,Portfolio,Auto,2024-03,11,1077515.0539361564
Claims Reported,month,cumulative,Synthetic,Portfolio,Auto,2024-03,12,23.45558702961212
Loss Incurred,month,cumulative,Synthetic,Portfolio,Auto,2024-03,12,135725.53287926526
Exposure,month,cumulative,Synthetic,Portfolio,Auto,2024-03,12,12520.043134086955
Earned Premium,month,cumulative,Synthetic,Portfolio,Auto,2024-03,12,1074002.7606697322
Claims Reported,month,cumulative,Synthetic,Portfolio,Auto,2024-03,13,23.89144686035049
Loss Incurred,month,cumulative,Synthetic,Portfolio,Auto,2024-03,13,135033.05928756192
Exposure,month,cumulative,Synthetic,Portfolio,Auto,2024-03,13,12468.267169987916
Earned Premium,month,cumulative,Synthetic,Portfolio,Auto,2024-03,13,1070674.208871593
Claims Reported,month,cumulative,Synthetic,Portfolio,Auto,2024-03,14,24.208450658748188
Loss Incurred,month,cumulative,Synthetic,Portfolio,Auto,2024-03,14,134340.76234507063
Exposure,month,cumulative,Synthetic,Portfolio,Auto,2024-03,14,12420.114685878203
Earned Premium,month,cumulative,Synthetic,Portfolio,Auto,2024-03,14,1067519.7863241339
Claims Reported,month,cumulative,Synthetic,Portfolio,Auto,2024-03,15,24.436939905996717
Loss Incurred,month,cumulative,Synthetic,Portfolio,Auto,2024-03,15,133648.67658436875
Exposure,month,cumulative,Synthetic,Portfolio,Auto,2024-03,15,12375.332096769853
Earned Premium,month,cumulative,Synthetic,Portfolio,Auto,2024-03,15,1064530.3836615465
Claims Reported,month,cumulative,Synthetic,Portfolio,Auto,2024-03,16,24.600561539201088
Loss Incurred,month,cumulative,Synthetic,Portfolio,Auto,2024-03,16,132956.83649585838
Exposure,month,cumulative,Synthetic,Portfolio,Auto,2024-03,16,12333.683564522209
Earned Premium,month,cumulative,Synthetic,Portfolio,Auto,2024-03,16,1061697.3680637209
Claims Reported,month,cumulative,Synthetic,Portfolio,Auto,2024-03,17,24.717186056839044
Loss Incurred,month,cumulative,Synthetic,Portfolio,Auto,2024-03,17,132265.2765209029
Exposure,month,cumulative,Synthetic,Portfolio,Auto,2024-03,17,12294.94975584969
Earned Premium,month,cumulative,Synthetic,Portfolio,Auto,2024-03,17,1059012.5583263212
Claims Reported,month,cumulative,Synthetic,Portfolio,Auto,2024-03,18,24.80003635750233
Loss Incurred,month,cumulative,Synthetic,Portfolio,Auto,2024-03,18,131574.03104498368
Exposure,month,cumulative,Synthetic,Portfolio,Auto,2024-03,18,12258.926687248893
Earned Premium,month,cumulative,Synthetic,Portfolio,Auto,2024-03,18,1056468.2012350403
Claims Reported,month,cumulative,Synthetic,Portfolio,Auto,2024-03,19,24.858754371284704
Loss Incurred,month,cumulative,Synthetic,Portfolio,Auto,2024-03,19,130883.13439088088
Exposure,month,cumulative,Synthetic,Portfolio,Auto,2024-03,19,12225.424650762137
Earned Premium,month,cumulative,Synthetic,Portfolio,Auto,2024-03,19,1054056.9491758083
Claims Reported,month,cumulative,Synthetic,Portfolio,Auto,2024-03,20,24.900299541426847
Loss Incurred,month,cumulative,Synthetic,Portfolio,Auto,2024-03,20,130192.62081188073
Exposure,month,cumulative,Synthetic,Portfolio,Auto,2024-03,20,12194.267214920177
Earned Premium,month,cumulative,Synthetic,Portfolio,Auto,2024-03,20,1051771.8389162954
Claims Reported,month,cumulative,Synthetic,Portfolio,Auto,2024-03,21,24.929659433563682
Loss Incurred,month,cumulative,Synthetic,Portfolio,Auto,2024-03,21,129502.52448501198
Exposure,month,cumulative,Synthetic,Portfolio,Auto,2024-03,21,12165.29029560276
Earned Premium,month,cumulative,Synthetic,Portfolio,Auto,2024-03,21,1049606.271497436
Claims Reported,month,cumulative,Synthetic,Portfolio,Auto,2024-04,0,9.949695289931576
Loss Incurred,month,cumulative,Synthetic,Portfolio,Auto,2024-04,0,420418.2782515504
Exposure,month,cumulative,Synthetic,Portfolio,Auto,2024-04,0,14118.82558094678
Earned Premium,month,cumulative,Synthetic,Portfolio,Auto,2024-04,0,1113914.228040884
Claims Reported,month,cumulative,Synthetic,Portfolio,Auto,2024-04,1,13.30354850522838
Loss Incurred,month,cumulative,Synthetic,Portfolio,Auto,2024-04,1,418404.0096863894
Exposure,month,cumulative,Synthetic,Portfolio,Auto,2024-04,1,13993.83360856292
Earned Premium,month,cumulative,Synthetic,Portfolio,Auto,2024-04,1,1106214.6159170247
Claims Reported,month,cumulative,Synthetic,Portfolio,Auto,2024-04,2,17.448122575639466
Loss Incurred,month,cumulative,Synthetic,Portfolio,Auto,2024-04,2,416388.9961193227
Exposure,month,cumulative,Synthetic,Portfolio,Auto,2024-04,2,13877.325081222682
Earned Premium,month,cumulative,Synthetic,Portfolio,Auto,2024-04,2,1099011.7364590007
Claims Reported,month,cumulative,Synthetic,Portfolio,Auto,2024-04,3,22.35614093053764
Loss Incurred,month,cumulative,Synthetic,Portfolio,Auto,2024-04,3,414373.3379393421
Exposure,month,cumulative,Synthetic,Portfolio,Auto,2024-04,3,13768.724211229981
Earned Premium,month,cumulative,Synthetic,Portfolio,Auto,2024-04,3,1092273.543462752
Claims Reported,month,cumulative,Synthetic,Portfolio,Auto,2024-04,4,27.883246250493887
Loss Incurred,month,cumulative,Synthetic,Portfolio,Auto,2024-04,4,412357.1356641571
Exposure,month,cumulative,Synthetic,Portfolio,Auto,2024-04,4,13667.494290704686
Earned Premium,month,cumulative,Synthetic,Portfolio,Auto,2024-04,4,1085970.0581525655
Claims Reported,month,cumulative,Synthetic,Portfolio,Auto,2024-04,5,33.7659471761189
Loss Incurred,month,cumulative,Synthetic,Portfolio,Auto,2024-04,5,410340.4899201715
Exposure,month,cumulative,Synthetic,Portfolio,Auto,2024-04,5,13573.135039160508
Earned Premium,month,cumulative,Synthetic,Portfolio,Auto,2024-04,5,1080073.235803034
Claims Reported,month,cumulative,Synthetic,Portfolio,Auto,2024-04,6,39.66269550306161
Loss Incurred,month,cumulative,Synthetic,Portfolio,Auto,2024-04,6,408323.5014224136
Exposure,month,cumulative,Synthetic,Portfolio,Auto,2024-04,6,13485.18013110788
Earned Premium,month,cumulative,Synthetic,Portfolio,Auto,2024-04,6,1074556.840965762
Claims Reported,month,cumulative,Synthetic,Portfolio,Auto,2024-04,7,45.2287166508296
Loss Incurred,month,cumulative,Synthetic,Portfolio,Auto,2024-04,7,406306.2709544295
Exposure,month,cumulative,Synthetic,Portfolio,Auto,2024-04,7,13403.194891463156
Earned Premium,month,cumulative,Synthetic,Portfolio,Auto,2024-04,7,1069396.330745694
Claims Reported,month,cumulative,Synthetic,Portfolio,Auto,2024-04,8,50.19231694160938
Loss Incurred,month,cumulative,Synthetic,Portfolio,Auto,2024-04,8,404288.8993481458
Exposure,month,cumulative,Synthetic,Portfolio,Auto,2024-04,8,13326.77414737482
Earned Premium,month,cumulative,Synthetic,Portfolio,Auto,2024-04,8,1064568.7456077535
Claims Reported,month,cumulative,Synthetic,Portfolio,Auto,2024-04,9,54.39932116480705
Loss Incurred,month,cumulative,Synthetic,Portfolio,Auto,2024-04,9,402271.48746371333
Exposure,month,cumulative,Synthetic,Portfolio,Auto,2024-04,9,13255.540225850375
Earned Premium,month,cumulative,Synthetic,Portfolio,Auto,2024-04,9,1060052.60722798
Claims Reported,month,cumulative,Synthetic,Portfolio,Auto,2024-04,10,57.81413195409233
Loss Incurred,month,cumulative,Synthetic,Portfolio,Auto,2024-04,10,400254.1361693381
Exposure,month,cumulative,Synthetic,Portfolio,Auto,2024-04,10,13189.14108728814
Earned Premium,month,cumulative,Synthetic,Portfolio,Auto,2024-04,10,1055827.8229346953
Claims Reported,month,cumulative,Synthetic,Portfolio,Auto,2024-04,11,60.48992900513996
Loss Incurred,month,cumulative,Synthetic,Portfolio,Auto,2024-04,11,398236.94632110867
Exposure,month,cumulative,Synthetic,Portfolio,Auto,2024-04,11,13127.248585689813
Earned Premium,month,cumulative,Synthetic,Portfolio,Auto,2024-04,11,1051875.5963145536
Claims Reported,month,cumulative,Synthetic,Portfolio,Auto,2024-04,12,62.52931660818154
Loss Incurred,month,cumulative,Synthetic,Portfolio,Auto,2024-04,12,396220.01874282974
Exposure,month,cumulative,Synthetic,Portfolio,Auto,2024-04,12,13069.556846955753
Earned Premium,month,cumulative,Synthetic,Portfolio,Auto,2024-04,12,1048178.3435857496
Claims Reported,month,cumulative,Synthetic,Portfolio,Auto,2024-04,13,64.05105471829233
Loss Incurred,month,cumulative,Synthetic,Portfolio,Auto,2024-04,13,394203.4542058676
Exposure,month,cumulative,Synthetic,Portfolio,Auto,2024-04,13,13015.780757248483
Earned Premium,month,cumulative,Synthetic,Portfolio,Auto,2024-04,13,1044719.6153663237
Claims Reported,month,cumulative,Synthetic,Portfolio,Auto,2024-04,14,65.16866919490845
Loss Incurred,month,cumulative,Synthetic,Portfolio,Auto,2024-04,14,392187.3534090199
Exposure,month,cumulative,Synthetic,Portfolio,Auto,2024-04,14,12965.654553953851
Earned Premium,month,cumulative,Synthetic,Portfolio,Auto,2024-04,14,1041484.0234895083
Claims Reported,month,cumulative,Synthetic,Portfolio,Auto,2024-04,15,65.97995651699814
Loss Incurred,month,cumulative,Synthetic,Portfolio,Auto,2024-04,15,390171.81695841474
Exposure,month,cumulative,Synthetic,Portfolio,Auto,2024-04,15,12918.930512276362
Earned Premium,month,cumulative,Synthetic,Portfolio,Auto,2024-04,15,1038457.1725405046
Claims Reported,month,cumulative,Synthetic,Portfolio,Auto,2024-04,16,66.56390096560288
Loss Incurred,month,cumulative,Synthetic,Portfolio,Auto,2024-04,16,388156.9453474497
Exposure,month,cumulative,Synthetic,Portfolio,Auto,2024-04,16,12875.377720977815
Earned Premium,month,cumulative,Synthetic,Portfolio,Auto,2024-04,16,1035625.595810098
Claims Reported,month,cumulative,Synthetic,Portfolio,Auto,2024-04,17,66.98164692900544
Loss Incurred,month,cumulative,Synthetic,Portfolio,Auto,2024-04,17,386142.8389367788
Exposure,month,cumulative,Synthetic,Portfolio,Auto,2024-04,17,12834.780941208895
Earned Premium,month,cumulative,Synthetic,Portfolio,Auto,2024-04,17,1032976.6953801577
Claims Reported,month,cumulative,Synthetic,Portfolio,Auto,2024-04,18,67.27919092261487
Loss Incurred,month,cumulative,Synthetic,Portfolio,Auto,2024-04,18,384129.5979343553
Exposure,month,cumulative,Synthetic,Portfolio,Auto,2024-04,18,12796.939542794065
Earned Premium,month,cumulative,Synthetic,Portfolio,Auto,2024-04,18,1030498.6860744624
Claims Reported,month,cumulative,Synthetic,Portfolio,Auto,2024-04,19,67.49045938996302
Loss Incurred,month,cumulative,Synthetic,Portfolio,Auto,2024-04,19,382117.32237553986
Exposure,month,cumulative,Synthetic,Portfolio,Auto,2024-04,19,12761.666512712847
Earned Premium,month,cumulative,Synthetic,Portfolio,Auto,2024-04,19,1028180.54302548
Claims Reported,month,cumulative,Synthetic,Portfolio,Auto,2024-04,20,67.64013647894545
Loss Incurred,month,cumulative,Synthetic,Portfolio,Auto,2024-04,20,380106.11210328114
Exposure,month,cumulative,Synthetic,Portfolio,Auto,2024-04,20,12728.78753087736
Earned Premium,month,cumulative,Synthetic,Portfolio,Auto,2024-04,20,1026011.9526238241
Claims Reported,month,cumulative,Synthetic,Portfolio,Auto,2024-05,0,16.519745453208092
Loss Incurred,month,cumulative,Synthetic,Portfolio,Auto,2024-05,0,470876.515188966
Exposure,month,cumulative,Synthetic,Portfolio,Auto,2024-05,0,12873.125859124424
Earned Premium,month,cumulative,Synthetic,Portfolio,Auto,2024-05,0,1058741.9632685285
Claims Reported,month,cumulative,Synthetic,Portfolio,Auto,2024-05,1,21.3050610898534
Loss Incurred,month,cumulative,Synthetic,Portfolio,Auto,2024-05,1,468626.71234693506
Exposure,month,cumulative,Synthetic,Portfolio,Auto,2024-05,1,12716.48804488575
Earned Premium,month,cumulative,Synthetic,Portfolio,Auto,2024-05,1,1053583.6940869102
Claims Reported,month,cumulative,Synthetic,Portfolio,Auto,2024-05,2,26.769481873782965
Loss Incurred,month,cumulative,Synthetic,Portfolio,Auto,2024-05,2,466376.0176642981
Exposure,month,cumulative,Synthetic,Portfolio,Auto,2024-05,2,12574.46243692635
Earned Premium,month,cumulative,Synthetic,Portfolio,Auto,2024-05,2,1048659.9852836935
Claims Reported,month,cumulative,Synthetic,Portfolio,Auto,2024-05,3,32.675263436631255
Loss Incurred,month,cumulative,Synthetic,Portfolio,Auto,2024-05,3,464124.54320762865
Exposure,month,cumulative,Synthetic,Portfolio,Auto,2024-05,3,12445.6859124691
Earned Premium,month,cumulative,Synthetic,Portfolio,Auto,2024-05,3,1043960.1707673696
Claims Reported,month,cumulative,Synthetic,Portfolio,Auto,2024-05,4,38.6902700073742
Loss Incurred,month,cumulative,Synthetic,Portfolio,Auto,2024-05,4,461872.4011991656
Exposure,month,cumulative,Synthetic,Portfolio,Auto,2024-05,4,12328.922509801396
Earned Premium,month,cumulative,Synthetic,Portfolio,Auto,2024-05,4,1039474.0694623091
Claims Reported,month,cumulative,Synthetic,Portfolio,Auto,2024-05,5,44.45737344099268
Loss Incurred,month,cumulative,Synthetic,Portfolio,Auto,2024-05,5,459619.70399447554
Exposure,month,cumulative,Synthetic,Portfolio,Auto,2024-05,5,12223.051565854104
Earned Premium,month,cumulative,Synthetic,Portfolio,Auto,2024-05,5,1035191.9632537846
Claims Reported,month,cumulative,Synthetic,Portfolio,Auto,2024-05,6,49.67523888714477
Loss Incurred,month,cumulative,Synthetic,Portfolio,Auto,2024-05,6,457366.5640600565
Exposure,month,cumulative,Synthetic,Portfolio,Auto,2024-05,6,12127.056960385224
Earned Premium,month,cumulative,Synthetic,Portfolio,Auto,2024-05,6,1031104.575935892
Claims Reported,month,cumulative,Synthetic,Portfolio,Auto,2024-05,7,54.15420965671518
Loss Incurred,month,cumulative,Synthetic,Portfolio,Auto,2024-05,7,455113.09395089693
Exposure,month,cumulative,Synthetic,Portfolio,Auto,2024-05,7,12040.017363536876
Earned Premium,month,cumulative,Synthetic,Portfolio,Auto,2024-05,7,1027203.0531167686
Claims Reported,month,cumulative,Synthetic,Portfolio,Auto,2024-05,8,57.82853298676323
Loss Incurred,month,cumulative,Synthetic,Portfolio,Auto,2024-05,8,452859.4062879948
Exposure,month,cumulative,Synthetic,Portfolio,Auto,2024-05,8,11961.097393164388
Earned Premium,month,cumulative,Synthetic,Portfolio,Auto,2024-05,8,1023478.9430375727
Claims Reported,month,cumulative,Synthetic,Portfolio,Auto,2024-05,9,60.73230028772386
Loss Incurred,month,cumulative,Synthetic,Portfolio,Auto,2024-05,9,450605.61373585113
Exposure,month,cumulative,Synthetic,Portfolio,Auto,2024-05,9,11889.539597067902
Earned Premium,month,cumulative,Synthetic,Portfolio,Auto,2024-05,9,1019924.1782636775
Claims Reported,month,cumulative,Synthetic,Portfolio,Auto,2024-05,10,62.96013101525047
Loss Incurred,month,cumulative,Synthetic,Portfolio,Auto,2024-05,10,448351.8289799422
Exposure,month,cumulative,Synthetic,Portfolio,Auto,2024-05,10,11824.6571831742
Earned Premium,month,cumulative,Synthetic,Portfolio,Auto,2024-05,10,1016531.0582084147
Claims Reported,month,cumulative,Synthetic,Portfolio,Auto,2024-05,11,64.63083361279568
Loss Incurred,month,cumulative,Synthetic,Portfolio,Auto,2024-05,11,446098.16470418556
Exposure,month,cumulative,Synthetic,Portfolio,Auto,2024-05,11,11765.827427895025
Earned Premium,month,cumulative,Synthetic,Portfolio,Auto,2024-05,11,1013292.2324515107
Claims Reported,month,cumulative,Synthetic,Portfolio,Auto,2024-05,12,65.86242942151122
Loss Incurred,month,cumulative,Synthetic,Portfolio,Auto,2024-05,12,443844.7335684051
Exposure,month,cumulative,Synthetic,Portfolio,Auto,2024-05,12,11712.4856993971
Earned Premium,month,cumulative,Synthetic,Portfolio,Auto,2024-05,12,1010200.6848160787
Claims Reported,month,cumulative,Synthetic,Portfolio,Auto,2024-05,13,66.75889687681733
Loss Incurred,month,cumulative,Synthetic,Portfolio,Auto,2024-05,13,441591.64818580647
Exposure,month,cumulative,Synthetic,Portfolio,Auto,2024-05,13,11664.12003842089
Earned Premium,month,cumulative,Synthetic,Portfolio,Auto,2024-05,13,1007249.7181696723
Claims Reported,month,cumulative,Synthetic,Portfolio,Auto,2024-05,14,67.40542671871083
Loss Incurred,month,cumulative,Synthetic,Portfolio,Auto,2024-05,14,439339.0211004731
Exposure,month,cumulative,Synthetic,Portfolio,Auto,2024-05,14,11620.266244636214
Earned Premium,month,cumulative,Synthetic,Portfolio,Auto,2024-05,14,1004432.939916477
Claims Reported,month,cumulative,Synthetic,Portfolio,Auto,2024-05,15,67.86860187591027
Loss Incurred,month,cumulative,Synthetic,Portfolio,Auto,2024-05,15,437086.96476489067
Exposure,month,cumulative,Synthetic,Portfolio,Auto,2024-05,15,11580.503421375006
Earned Premium,month,cumulative,Synthetic,Portfolio,Auto,2024-05,15,1001744.2481492091
Claims Reported,month,cumulative,Synthetic,Portfolio,Auto,2024-05,16,68.19883778844473
Loss Incurred,month,cumulative,Synthetic,Portfolio,Auto,2024-05,16,434835.591517511
Exposure,month,cumulative,Synthetic,Portfolio,Auto,2024-05,16,11544.449935980667
Earned Premium,month,cumulative,Synthetic,Portfolio,Auto,2024-05,16,999177.8184307275
Claims Reported,month,cumulative,Synthetic,Portfolio,Auto,2024-05,17,68.43348802983003
Loss Incurred,month,cumulative,Synthetic,Portfolio,Auto,2024-05,17,432585.0135603645
Exposure,month,cumulative,Synthetic,Portfolio,Auto,2024-05,17,11511.75975700266
Earned Premium,month,cumulative,Synthetic,Portfolio,Auto,2024-05,17,996728.0911767181
Claims Reported,month,cumulative,Synthetic,Portfolio,Auto,2024-05,18,68.59981547260686
Loss Incurred,month,cumulative,Synthetic,Portfolio,Auto,2024-05,18,430335.34293672955
Exposure,month,cumulative,Synthetic,Portfolio,Auto,2024-05,18,11482.119133081676
Earned Premium,month,cumulative,Synthetic,Portfolio,Auto,2024-05,18,994389.7596121251
Claims Reported,month,cumulative,Synthetic,Portfolio,Auto,2024-05,19,68.7175108986654
Loss Incurred,month,cumulative,Synthetic,Portfolio,Auto,2024-05,19,428086.69150887046
Exposure,month,cumulative,Synthetic,Portfolio,Auto,2024-05,19,11455.243581650278
Earned Premium,month,cumulative,Synthetic,Portfolio,Auto,2024-05,19,992157.758275232
Claims Reported,month,cumulative,Synthetic,Portfolio,Auto,2024-06,0,22.09868888070831
Loss Incurred,month,cumulative,Synthetic,Portfolio,Auto,2024-06,0,468450.94616881845
Exposure,month,cumulative,Synthetic,Portfolio,Auto,2024-06,0,13372.13330874551
Earned Premium,month,cumulative,Synthetic,Portfolio,Auto,2024-06,0,1065659.7991542679
Claims Reported,month,cumulative,Synthetic,Portfolio,Auto,2024-06,1,28.60052228457549
Loss Incurred,month,cumulative,Synthetic,Portfolio,Auto,2024-06,1,466212.24713512004
Exposure,month,cumulative,Synthetic,Portfolio,Auto,2024-06,1,13224.929620160072
Earned Premium,month,cumulative,Synthetic,Portfolio,Auto,2024-06,1,1056909.9979382665
Claims Reported,month,cumulative,Synthetic,Portfolio,Auto,2024-06,2,36.08133666952919
Loss Incurred,month,cumulative,Synthetic,Portfolio,Auto,2024-06,2,463972.66532620025
Exposure,month,cumulative,Synthetic,Portfolio,Auto,2024-06,2,13090.149411682
Earned Premium,month,cumulative,Synthetic,Portfolio,Auto,2024-06,2,1048830.7210924404
Claims Reported,month,cumulative,Synthetic,Portfolio,Auto,2024-06,3,44.23465711756927
Loss Incurred,month,cumulative,Synthetic,Portfolio,Auto,2024-06,3,461732.31226048263
Exposure,month,cumulative,Synthetic,Portfolio,Auto,2024-06,3,12966.744184734513
Earned Premium,month,cumulative,Synthetic,Portfolio,Auto,2024-06,3,1041370.5842573169
Claims Reported,month,cumulative,Synthetic,Portfolio,Auto,2024-06,4,52.612627394793556
Loss Incurred,month,cumulative,Synthetic,Portfolio,Auto,2024-06,4,459491.29961035924
Exposure,month,cumulative,Synthetic,Portfolio,Auto,2024-06,4,12853.75393037949
Earned Premium,month,cumulative,Synthetic,Portfolio,Auto,2024-06,4,1034482.1408160552
Claims Reported,month,cumulative,Synthetic,Portfolio,Auto,2024-06,5,60.716224475835084
Loss Incurred,month,cumulative,Synthetic,Portfolio,Auto,2024-06,5,457249.73917996034
Exposure,month,cumulative,Synthetic,Portfolio,Auto,2024-06,5,12750.299661099261
Earned Premium,month,cumulative,Synthetic,Portfolio,Auto,2024-06,5,1028121.5801330317
Claims Reported,month,cumulative,Synthetic,Portfolio,Auto,2024-06,6,68.10865180532808
Loss Incurred,month,cumulative,Synthetic,Portfolio,Auto,2024-06,6,455007.74288286845
Exposure,month,cumulative,Synthetic,Portfolio,Auto,2024-06,6,12655.576572870103
Earned Premium,month,cumulative,Synthetic,Portfolio,Auto,2024-06,6,1022248.4489173369
Claims Reported,month,cumulative,Synthetic,Portfolio,Auto,2024-06,7,74.50069275305091
Loss Incurred,month,cumulative,Synthetic,Portfolio,Auto,2024-06,7,452765.4227197852
Exposure,month,cumulative,Synthetic,Portfolio,Auto,2024-06,7,12568.847784332966
Earned Premium,month,cumulative,Synthetic,Portfolio,Auto,2024-06,7,1016825.3939390494
Claims Reported,month,cumulative,Synthetic,Portfolio,Auto,2024-06,8,79.77676348713683
Loss Incurred,month,cumulative,Synthetic,Portfolio,Auto,2024-06,8,450522.8907561613
Exposure,month,cumulative,Synthetic,Portfolio,Auto,2024-06,8,12489.438604356463
Earned Premium,month,cumulative,Synthetic,Portfolio,Auto,2024-06,8,1011817.9244619608
Claims Reported,month,cumulative,Synthetic,Portfolio,Auto,2024-06,9,83.9671759877122
Loss Incurred,month,cumulative,Synthetic,Portfolio,Auto,2024-06,9,448280.2590998002
Exposure,month,cumulative,Synthetic,Portfolio,Auto,2024-06,9,12416.731283397628
Earned Premium,month,cumulative,Synthetic,Portfolio,Auto,2024-06,9,1007194.192881815
Claims Reported,month,cumulative,Synthetic,Portfolio,Auto,2024-06,10,87.19468379804691
Loss Incurred,month,cumulative,Synthetic,Portfolio,Auto,2024-06,10,446037.63987844175
Exposure,month,cumulative,Synthetic,Portfolio,Auto,2024-06,10,12350.160207829596
Earned Premium,month,cumulative,Synthetic,Portfolio,Auto,2024-06,10,1002924.7921749201
Claims Reported,month,cumulative,Synthetic,Portfolio,Auto,2024-06,11,89.62224682072822
Loss Incurred,month,cumulative,Synthetic,Portfolio,Auto,2024-06,11,443795.1452173393
Exposure,month,cumulative,Synthetic,Portfolio,Auto,2024-06,11,12289.207499851353
Earned Premium,month,cumulative,Synthetic,Portfolio,Auto,2024-06,11,998982.5688688993
Claims Reported,month,cumulative,Synthetic,Portfolio,Auto,2024-06,12,91.4157344718319
Loss Incurred,month,cumulative,Synthetic,Portfolio,Auto,2024-06,12,441552.887216836
Exposure,month,cumulative,Synthetic,Portfolio,Auto,2024-06,12,12233.39898874979
Earned Premium,month,cumulative,Synthetic,Portfolio,Auto,2024-06,12,995342.4503460735
Claims Reported,month,cumulative,Synthetic,Portfolio,Auto,2024-06,13,92.72331499966566
Loss Incurred,month,cumulative,Synthetic,Portfolio,Auto,2024-06,13,439310.97792995424
Exposure,month,cumulative,Synthetic,Portfolio,Auto,2024-06,13,12182.300522173298
Earned Premium,month,cumulative,Synthetic,Portfolio,Auto,2024-06,13,991981.2853811203
Claims Reported,month,cumulative,Synthetic,Portfolio,Auto,2024-06,14,93.66744785297357
Loss Incurred,month,cumulative,Synthetic,Portfolio,Auto,2024-06,14,437069.5293400022
Exposure,month,cumulative,Synthetic,Portfolio,Auto,2024-06,14,12135.514588721011
Earned Premium,month,cumulative,Synthetic,Portfolio,Auto,2024-06,14,988877.6968988257
Claims Reported,month,cumulative,Synthetic,Portfolio,Auto,2024-06,15,94.34439882007928
Loss Incurred,month,cumulative,Synthetic,Portfolio,Auto,2024-06,15,434828.65333821217
Exposure,month,cumulative,Synthetic,Portfolio,Auto,2024-06,15,12092.677225573818
Earned Premium,month,cumulative,Synthetic,Portfolio,Auto,2024-06,15,986011.9460154665
Claims Reported,month,cumulative,Synthetic,Portfolio,Auto,2024-06,16,94.82734535007907
Loss Incurred,month,cumulative,Synthetic,Portfolio,Auto,2024-06,16,432588.461701417
Exposure,month,cumulative,Synthetic,Portfolio,Auto,2024-06,16,12053.455187110574
Earned Premium,month,cumulative,Synthetic,Portfolio,Auto,2024-06,16,983365.8064991207
Claims Reported,month,cumulative,Synthetic,Portfolio,Auto,2024-06,17,95.17065254632355
Loss Incurred,month,cumulative,Synthetic,Portfolio,Auto,2024-06,17,430349.0660697756
Exposure,month,cumulative,Synthetic,Portfolio,Auto,2024-06,17,12017.543352483257
Earned Premium,month,cumulative,Synthetic,Portfolio,Auto,2024-06,17,980922.4488504761
Claims Reported,month,cumulative,Synthetic,Portfolio,Auto,2024-06,18,95.41407390651958
Loss Incurred,month,cumulative,Synthetic,Portfolio,Auto,2024-06,18,428110.5779245562
Exposure,month,cumulative,Synthetic,Portfolio,Auto,2024-06,18,11984.6623519838
Earned Premium,month,cumulative,Synthetic,Portfolio,Auto,2024-06,18,978666.3332668825
Claims Reported,month,cumulative,Synthetic,Portfolio,Auto,2024-07,0,10.85543943080988
Loss Incurred,month,cumulative,Synthetic,Portfolio,Auto,2024-07,0,401822.36739290605
Exposure,month,cumulative,Synthetic,Portfolio,Auto,2024-07,0,12232.850643582868
Earned Premium,month,cumulative,Synthetic,Portfolio,Auto,2024-07,0,960287.371884617
Claims Reported,month,cumulative,Synthetic,Portfolio,Auto,2024-07,1,14.477019926411803
Loss Incurred,month,cumulative,Synthetic,Portfolio,Auto,2024-07,1,399883.542359771
Exposure,month,cumulative,Synthetic,Portfolio,Auto,2024-07,1,12129.742811493403
Earned Premium,month,cumulative,Synthetic,Portfolio,Auto,2024-07,1,952753.7708533221
Claims Reported,month,cumulative,Synthetic,Portfolio,Auto,2024-07,2,18.926616642540353
Loss Incurred,month,cumulative,Synthetic,Portfolio,Auto,2024-07,2,397944.1326702514
Exposure,month,cumulative,Synthetic,Portfolio,Auto,2024-07,2,12033.29786289699
Earned Premium,month,cumulative,Synthetic,Portfolio,Auto,2024-07,2,945771.7908237161
Claims Reported,month,cumulative,Synthetic,Portfolio,Auto,2024-07,3,24.15927387883741
Loss Incurred,month,cumulative,Synthetic,Portfolio,Auto,2024-07,3,396004.23507016624
Exposure,month,cumulative,Synthetic,Portfolio,Auto,2024-07,3,11943.085238683405
Earned Premium,month,cumulative,Synthetic,Portfolio,Auto,2024-07,3,939301.0413200833
Claims Reported,month,cumulative,Synthetic,Portfolio,Auto,2024-07,4,30.005023401688145
Loss Incurred,month,cumulative,Synthetic,Portfolio,Auto,2024-07,4,394063.9464028183
Exposure,month,cumulative,Synthetic,Portfolio,Auto,2024-07,4,11858.702202703389
Earned Premium,month,cumulative,Synthetic,Portfolio,Auto,2024-07,4,933304.0893148906
Claims Reported,month,cumulative,Synthetic,Portfolio,Auto,2024-07,5,36.17291555805343
Loss Incurred,month,cumulative,Synthetic,Portfolio,Auto,2024-07,5,392123.36358967255
Exposure,month,cumulative,Synthetic,Portfolio,Auto,2024-07,5,11779.77204383398
Earned Premium,month,cumulative,Synthetic,Portfolio,Auto,2024-07,5,927746.242680216
Claims Reported,month,cumulative,Synthetic,Portfolio,Auto,2024-07,6,42.30043283413051
Loss Incurred,month,cumulative,Synthetic,Portfolio,Auto,2024-07,6,390182.58361099917
Exposure,month,cumulative,Synthetic,Portfolio,Auto,2024-07,6,11705.94239422733
Earned Premium,month,cumulative,Synthetic,Portfolio,Auto,2024-07,6,922595.3494951756
Claims Reported,month,cumulative,Synthetic,Portfolio,Auto,2024-07,7,48.03432698180406
Loss Incurred,month,cumulative,Synthetic,Portfolio,Auto,2024-07,7,388241.7034864934
Exposure,month,cumulative,Synthetic,Portfolio,Auto,2024-07,7,11636.883656235183
Earned Premium,month,cumulative,Synthetic,Portfolio,Auto,2024-07,7,917821.6120483434
Claims Reported,month,cumulative,Synthetic,Portfolio,Auto,2024-07,8,53.10721555412861
Loss Incurred,month,cumulative,Synthetic,Portfolio,Auto,2024-07,8,386300.8202558777
Exposure,month,cumulative,Synthetic,Portfolio,Auto,2024-07,8,11572.287530986361
Earned Premium,month,cumulative,Synthetic,Portfolio,Auto,2024-07,8,913397.4144591811
Claims Reported,month,cumulative,Synthetic,Portfolio,Auto,2024-07,9,57.377344491407705
Loss Incurred,month,cumulative,Synthetic,Portfolio,Auto,2024-07,9,384360.03095949575
Exposure,month,cumulative,Synthetic,Portfolio,Auto,2024-07,9,11511.865642048338
Earned Premium,month,cumulative,Synthetic,Portfolio,Auto,2024-07,9,909297.1629212718
Claims Reported,month,cumulative,Synthetic,Portfolio,Auto,2024-07,10,60.82367601576374
Loss Incurred,month,cumulative,Synthetic,Portfolio,Auto,2024-07,10,382419.43261890614
Exposure,month,cumulative,Synthetic,Portfolio,Auto,2024-07,10,11455.348248028557
Earned Premium,month,cumulative,Synthetic,Portfolio,Auto,2024-07,10,905497.1376431712
Claims Reported,month,cumulative,Synthetic,Portfolio,Auto,2024-07,11,63.51192063783857
Loss Incurred,month,cumulative,Synthetic,Portfolio,Auto,2024-07,11,380479.12221748376
Exposure,month,cumulative,Synthetic,Portfolio,Auto,2024-07,11,11402.483038368138
Earned Premium,month,cumulative,Synthetic,Portfolio,Auto,2024-07,11,901975.3556303619
Claims Reported,month,cumulative,Synthetic,Portfolio,Auto,2024-07,12,65.55360999942121
Loss Incurred,month,cumulative,Synthetic,Portfolio,Auto,2024-07,12,378539.19668103784
Exposure,month,cumulative,Synthetic,Portfolio,Auto,2024-07,12,11353.034006952039
Earned Premium,month,cumulative,Synthetic,Portfolio,Auto,2024-07,12,898711.4435145071
Claims Reported,month,cumulative,Synthetic,Portfolio,Auto,2024-07,13,67.07303514744194
Loss Incurred,month,cumulative,Synthetic,Portfolio,Auto,2024-07,13,376599.7528584543
Exposure,month,cumulative,Synthetic,Portfolio,Auto,2024-07,13,11306.780398507148
Earned Premium,month,cumulative,Synthetic,Portfolio,Auto,2024-07,13,895686.5196943282
Claims Reported,month,cumulative,Synthetic,Portfolio,Auto,2024-07,14,68.18676462026887
Loss Incurred,month,cumulative,Synthetic,Portfolio,Auto,2024-07,14,374660.8875023706
Exposure,month,cumulative,Synthetic,Portfolio,Auto,2024-07,14,11263.515723084669
Earned Premium,month,cumulative,Synthetic,Portfolio,Auto,2024-07,14,892883.0851062958
Claims Reported,month,cumulative,Synthetic,Portfolio,Auto,2024-07,15,68.99407489634116
Loss Incurred,month,cumulative,Synthetic,Portfolio,Auto,2024-07,15,372722.6972498915
Exposure,month,cumulative,Synthetic,Portfolio,Auto,2024-07,15,11223.046834227216
Earned Premium,month,cumulative,Synthetic,Portfolio,Auto,2024-07,15,890284.9219932454
Claims Reported,month,cumulative,Synthetic,Portfolio,Auto,2024-07,16,69.57455557468089
Loss Incurred,month,cumulative,Synthetic,Portfolio,Auto,2024-07,16,370785.2786033542
Exposure,month,cumulative,Synthetic,Portfolio,Auto,2024-07,16,11185.193066705226
Earned Premium,month,cumulative,Synthetic,Portfolio,Auto,2024-07,16,887877.0000852997
Claims Reported,month,cumulative,Synthetic,Portfolio,Auto,2024-07,17,69.98951524470348
Loss Incurred,month,cumulative,Synthetic,Portfolio,Auto,2024-07,17,368848.72791114944
Exposure,month,cumulative,Synthetic,Portfolio,Auto,2024-07,17,11149.785429973314
Earned Premium,month,cumulative,Synthetic,Portfolio,Auto,2024-07,17,885645.3896503577
Claims Reported,month,cumulative,Synthetic,Portfolio,Auto,2024-08,0,19.29515235277999
Loss Incurred,month,cumulative,Synthetic,Portfolio,Auto,2024-08,0,404615.3965016883
Exposure,month,cumulative,Synthetic,Portfolio,Auto,2024-08,0,11954.688748076174
Earned Premium,month,cumulative,Synthetic,Portfolio,Auto,2024-08,0,923162.3486173967
Claims Reported,month,cumulative,Synthetic,Portfolio,Auto,2024-08,1,25.002645745145742
Loss Incurred,month,cumulative,Synthetic,Portfolio,Auto,2024-08,1,402670.40006814414
Exposure,month,cumulative,Synthetic,Portfolio,Auto,2024-08,1,11864.871778453109
Earned Premium,month,cumulative,Synthetic,Portfolio,Auto,2024-08,1,916605.2573894284
Claims Reported,month,cumulative,Synthetic,Portfolio,Auto,2024-08,2,31.586795597601217
Loss Incurred,month,cumulative,Synthetic,Portfolio,Auto,2024-08,2,400724.7465110422
Exposure,month,cumulative,Synthetic,Portfolio,Auto,2024-08,2,11780.228316582308
Earned Premium,month,cumulative,Synthetic,Portfolio,Auto,2024-08,2,910482.8576586514
Claims Reported,month,cumulative,Synthetic,Portfolio,Auto,2024-08,3,38.783988435783236
Loss Incurred,month,cumulative,Synthetic,Portfolio,Auto,2024-08,3,398778.53282524546
Exposure,month,cumulative,Synthetic,Portfolio,Auto,2024-08,3,11700.460365519819
Earned Premium,month,cumulative,Synthetic,Portfolio,Auto,2024-08,3,904766.3322725872
Claims Reported,month,cumulative,Synthetic,Portfolio,Auto,2024-08,4,46.20256507900934
Loss Incurred,month,cumulative,Synthetic,Portfolio,Auto,2024-08,4,396831.8561174977
Exposure,month,cumulative,Synthetic,Portfolio,Auto,2024-08,4,11625.287093112554
Earned Premium,month,cumulative,Synthetic,Portfolio,Auto,2024-08,4,899428.7744641285
Claims Reported,month,cumulative,Synthetic,Portfolio,Auto,2024-08,5,53.400547090011585
Loss Incurred,month,cumulative,Synthetic,Portfolio,Auto,2024-08,5,394884.8135870633
Exposure,month,cumulative,Synthetic,Portfolio,Auto,2024-08,5,11554.443843296724
Earned Premium,month,cumulative,Synthetic,Portfolio,Auto,2024-08,5,894445.0612057054
Claims Reported,month,cumulative,Synthetic,Portfolio,Auto,2024-08,6,59.986099739055355
Loss Incurred,month,cumulative,Synthetic,Portfolio,Auto,2024-08,6,392937.5025063282
Exposure,month,cumulative,Synthetic,Portfolio,Auto,2024-08,6,11487.68120434603
Earned Premium,month,cumulative,Synthetic,Portfolio,Auto,2024-08,6,889791.7349592297
Claims Reported,month,cumulative,Synthetic,Portfolio,Auto,2024-08,7,65.69533562250366
Loss Incurred,month,cumulative,Synthetic,Portfolio,Auto,2024-08,7,390990.0202013708
Exposure,month,cumulative,Synthetic,Portfolio,Auto,2024-08,7,11424.764130789303
Earned Premium,month,cumulative,Synthetic,Portfolio,Auto,2024-08,7,885446.8932652294
Claims Reported,month,cumulative,Synthetic,Portfolio,Auto,2024-08,8,70.41824357168886
Loss Incurred,month,cumulative,Synthetic,Portfolio,Auto,2024-08,8,389042.4640325081
Exposure,month,cumulative,Synthetic,Portfolio,Auto,2024-08,8,11365.471115906135
Earned Premium,month,cumulative,Synthetic,Portfolio,Auto,2024-08,8,881390.0856514884
Claims Reported,month,cumulative,Synthetic,Portfolio,Auto,2024-08,9,74.17606070453861
Loss Incurred,month,cumulative,Synthetic,Portfolio,Auto,2024-08,9,387094.9313748285
Exposure,month,cumulative,Synthetic,Portfolio,Auto,2024-08,9,11309.593411887277
Earned Premium,month,cumulative,Synthetic,Portfolio,Auto,2024-08,9,877602.2173759575
Claims Reported,month,cumulative,Synthetic,Portfolio,Auto,2024-08,10,77.07445764450348
Loss Incurred,month,cumulative,Synthetic,Portfolio,Auto,2024-08,10,385147.5195987191
Exposure,month,cumulative,Synthetic,Portfolio,Auto,2024-08,10,11256.934294914205
Earned Premium,month,cumulative,Synthetic,Portfolio,Auto,2024-08,10,874065.4595508701
Claims Reported,month,cumulative,Synthetic,Portfolio,Auto,2024-08,11,79.25682418575623
Loss Incurred,month,cumulative,Synthetic,Portfolio,Auto,2024-08,11,383200.3260503929
Exposure,month,cumulative,Synthetic,Portfolio,Auto,2024-08,11,11207.308372570506
Earned Premium,month,cumulative,Synthetic,Portfolio,Auto,2024-08,11,870763.1652250295
Claims Reported,month,cumulative,Synthetic,Portfolio,Auto,2024-08,12,80.87045445617302
Loss Incurred,month,cumulative,Synthetic,Portfolio,Auto,2024-08,12,381253.4480324279
Exposure,month,cumulative,Synthetic,Portfolio,Auto,2024-08,12,11160.540931146794
Earned Premium,month,cumulative,Synthetic,Portfolio,Auto,2024-08,12,867679.791029283
Claims Reported,month,cumulative,Synthetic,Portfolio,Auto,2024-08,13,82.04760004514029
Loss Incurred,month,cumulative,Synthetic,Portfolio,Auto,2024-08,13,379306.98278432497
Exposure,month,cumulative,Synthetic,Portfolio,Auto,2024-08,13,11116.467320541182
Earned Premium,month,cumulative,Synthetic,Portfolio,Auto,2024-08,13,864800.8240163788
Claims Reported,month,cumulative,Synthetic,Portfolio,Auto,2024-08,14,82.89791701289285
Loss Incurred,month,cumulative,Synthetic,Portfolio,Auto,2024-08,14,377361.02746309014
Exposure,month,cumulative,Synthetic,Portfolio,Auto,2024-08,14,11074.932374589873
Earned Premium,month,cumulative,Synthetic,Portfolio,Auto,2024-08,14,862112.7133508541
Claims Reported,month,cumulative,Synthetic,Portfolio,Auto,2024-08,15,83.50778927462503
Loss Incurred,month,cumulative,Synthetic,Portfolio,Auto,2024-08,15,375415.67912385537
Exposure,month,cumulative,Synthetic,Portfolio,Auto,2024-08,15,11035.789864786995
Earned Premium,month,cumulative,Synthetic,Portfolio,Auto,2024-08,15,859602.8065274276
Claims Reported,month,cumulative,Synthetic,Portfolio,Auto,2024-08,16,83.94297692363006
Loss Incurred,month,cumulative,Synthetic,Portfolio,Auto,2024-08,16,373471.0347005396
Exposure,month,cumulative,Synthetic,Portfolio,Auto,2024-08,16,10998.901985470517
Earned Premium,month,cumulative,Synthetic,Portfolio,Auto,2024-08,16,857259.2898176893
Claims Reported,month,cumulative,Synthetic,Portfolio,Auto,2024-09,0,9.57805141062099
Loss Incurred,month,cumulative,Synthetic,Portfolio,Auto,2024-09,0,435646.89495887735
Exposure,month,cumulative,Synthetic,Portfolio,Auto,2024-09,0,11797.332695168912
Earned Premium,month,cumulative,Synthetic,Portfolio,Auto,2024-09,0,938546.163294752
Claims Reported,month,cumulative,Synthetic,Portfolio,Auto,2024-09,1,12.739651019998613
Loss Incurred,month,cumulative,Synthetic,Portfolio,Auto,2024-09,1,433551.1154007715
Exposure,month,cumulative,Synthetic,Portfolio,Auto,2024-09,1,11686.593767390466
Earned Premium,month,cumulative,Synthetic,Portfolio,Auto,2024-09,1,934024.505188437
Claims Reported,month,cumulative,Synthetic,Portfolio,Auto,2024-09,2,16.601252959118817
Loss Incurred,month,cumulative,Synthetic,Portfolio,Auto,2024-09,2,431454.64338771853
Exposure,month,cumulative,Synthetic,Portfolio,Auto,2024-09,2,11583.82419845425
Earned Premium,month,cumulative,Synthetic,Portfolio,Auto,2024-09,2,929706.1654338591
Claims Reported,month,cumulative,Synthetic,Portfolio,Auto,2024-09,3,21.11051841161017
Loss Incurred,month,cumulative,Synthetic,Portfolio,Auto,2024-09,3,429357.5834476722
Exposure,month,cumulative,Synthetic,Portfolio,Auto,2024-09,3,11488.450471155154
Earned Premium,month,cumulative,Synthetic,Portfolio,Auto,2024-09,3,925582.0017316273
Claims Reported,month,cumulative,Synthetic,Portfolio,Auto,2024-09,4,26.10777611603964
Loss Incurred,month,cumulative,Synthetic,Portfolio,Auto,2024-09,4,427260.04022602655
Exposure,month,cumulative,Synthetic,Portfolio,Auto,2024-09,4,11399.940341618974
Earned Premium,month,cumulative,Synthetic,Portfolio,Auto,2024-09,4,921643.2828698759
Claims Reported,month,cumulative,Synthetic,Portfolio,Auto,2024-09,5,31.33483209309933
Loss Incurred,month,cumulative,Synthetic,Portfolio,Auto,2024-09,5,425162.1184647498
Exposure,month,cumulative,Synthetic,Portfolio,Auto,2024-09,5,11317.79986905525
Earned Premium,month,cumulative,Synthetic,Portfolio,Auto,2024-09,5,917881.6702395331
Claims Reported,month,cumulative,Synthetic,Portfolio,Auto,2024-09,6,36.4819241892586
Loss Incurred,month,cumulative,Synthetic,Portfolio,Auto,2024-09,6,423063.92298147705
Exposure,month,cumulative,Synthetic,Portfolio,Auto,2024-09,6,11241.570659264815
Earned Premium,month,cumulative,Synthetic,Portfolio,Auto,2024-09,6,914289.2001807633
Claims Reported,month,cumulative,Synthetic,Portfolio,Auto,2024-09,7,41.25760773258838
Loss Incurred,month,cumulative,Synthetic,Portfolio,Auto,2024-09,7,420965.5586485707
Exposure,month,cumulative,Synthetic,Portfolio,Auto,2024-09,7,11170.827306519113
Earned Premium,month,cumulative,Synthetic,Portfolio,Auto,2024-09,7,910858.2671232086
Claims Reported,month,cumulative,Synthetic,Portfolio,Auto,2024-09,8,45.45028407288565
Loss Incurred,month,cumulative,Synthetic,Portfolio,Auto,2024-09,8,418867.13037215814
Exposure,month,cumulative,Synthetic,Portfolio,Auto,2024-09,8,11105.175019535409
Earned Premium,month,cumulative,Synthetic,Portfolio,Auto,2024-09,8,907581.6074843382
Claims Reported,month,cumulative,Synthetic,Portfolio,Auto,2024-09,9,48.95611678302148
Loss Incurred,month,cumulative,Synthetic,Portfolio,Auto,2024-09,9,416768.7430711546
Exposure,month,cumulative,Synthetic,Portfolio,Auto,2024-09,9,11044.247418299366
Earned Premium,month,cumulative,Synthetic,Portfolio,Auto,2024-09,9,904452.2842918145
Claims Reported,month,cumulative,Synthetic,Portfolio,Auto,2024-09,10,51.77016179828547
Loss Incurred,month,cumulative,Synthetic,Portfolio,Auto,2024-09,10,414670.50165628036
Exposure,month,cumulative,Synthetic,Portfolio,Auto,2024-09,10,10987.704489439942
Earned Premium,month,cumulative,Synthetic,Portfolio,Auto,2024-09,10,901463.6724973219
Claims Reported,month,cumulative,Synthetic,Portfolio,Auto,2024-09,11,53.95569967925964
Loss Incurred,month,cumulative,Synthetic,Portfolio,Auto,2024-09,11,412572.5110090828
Exposure,month,cumulative,Synthetic,Portfolio,Auto,2024-09,11,10935.230688746296
Earned Premium,month,cumulative,Synthetic,Portfolio,Auto,2024-09,11,898609.4449507646
Claims Reported,month,cumulative,Synthetic,Portfolio,Auto,2024-09,12,55.610056097017775
Loss Incurred,month,cumulative,Synthetic,Portfolio,Auto,2024-09,12,410474.8759609686
Exposure,month,cumulative,Synthetic,Portfolio,Auto,2024-09,12,10886.533180237637
Earned Premium,month,cumulative,Synthetic,Portfolio,Auto,2024-09,12,895883.5590051434
Claims Reported,month,cumulative,Synthetic,Portfolio,Auto,2024-09,13,56.83814144995875
Loss Incurred,month,cumulative,Synthetic,Portfolio,Auto,2024-09,13,408377.7012722596
Exposure,month,cumulative,Synthetic,Portfolio,Auto,2024-09,13,10841.340201958894
Earned Premium,month,cumulative,Synthetic,Portfolio,Auto,2024-09,13,893280.2437237466
Claims Reported,month,cumulative,Synthetic,Portfolio,Auto,2024-09,14,57.73665318879482
Loss Incurred,month,cumulative,Synthetic,Portfolio,Auto,2024-09,14,406281.091611277
Exposure,month,cumulative,Synthetic,Portfolio,Auto,2024-09,14,10799.399549382391
Earned Premium,month,cumulative,Synthetic,Portfolio,Auto,2024-09,14,890793.9876625786
Claims Reported,month,cumulative,Synthetic,Portfolio,Auto,2024-09,15,58.38707869682755
Loss Incurred,month,cumulative,Synthetic,Portfolio,Auto,2024-09,15,404185.1515334656
Exposure,month,cumulative,Synthetic,Portfolio,Auto,2024-09,15,10760.477167951953
Earned Premium,month,cumulative,Synthetic,Portfolio,Auto,2024-09,15,888419.5272021543
Claims Reported,month,cumulative,Synthetic,Portfolio,Auto,2024-10,0,15.342734540982388
Loss Incurred,month,cumulative,Synthetic,Portfolio,Auto,2024-10,0,418191.04524841247
Exposure,month,cumulative,Synthetic,Portfolio,Auto,2024-10,0,11671.382430998921
Earned Premium,month,cumulative,Synthetic,Portfolio,Auto,2024-10,0,950763.456243134
Claims Reported,month,cumulative,Synthetic,Portfolio,Auto,2024-10,1,20.074096957263354
Loss Incurred,month,cumulative,Synthetic,Portfolio,Auto,2024-10,1,416188.61559625855
Exposure,month,cumulative,Synthetic,Portfolio,Auto,2024-10,1,11558.321809533367
Earned Premium,month,cumulative,Synthetic,Portfolio,Auto,2024-10,1,944538.1382001454
Claims Reported,month,cumulative,Synthetic,Portfolio,Auto,2024-10,2,25.64758139531906
Loss Incurred,month,cumulative,Synthetic,Portfolio,Auto,2024-10,2,414185.4340753165
Exposure,month,cumulative,Synthetic,Portfolio,Auto,2024-10,2,11453.657856775517
Earned Premium,month,cumulative,Synthetic,Portfolio,Auto,2024-10,2,938693.2612176164
Claims Reported,month,cumulative,Synthetic,Portfolio,Auto,2024-10,3,31.886236370395796
Loss Incurred,month,cumulative,Synthetic,Portfolio,Auto,2024-10,3,412181.60047337
Exposure,month,cumulative,Synthetic,Portfolio,Auto,2024-10,3,11356.766977662184
Earned Premium,month,cumulative,Synthetic,Portfolio,Auto,2024-10,3,933205.5758166475
Claims Reported,month,cumulative,Synthetic,Portfolio,Auto,2024-10,4,38.482623841464594
Loss Incurred,month,cumulative,Synthetic,Portfolio,Auto,2024-10,4,410177.2147084045
Exposure,month,cumulative,Synthetic,Portfolio,Auto,2024-10,4,11267.0718896401
Earned Premium,month,cumulative,Synthetic,Portfolio,Auto,2024-10,4,928053.2533383431
Claims Reported,month,cumulative,Synthetic,Portfolio,Auto,2024-10,5,45.05004835667377
Loss Incurred,month,cumulative,Synthetic,Portfolio,Auto,2024-10,5,408172.37680870626
Exposure,month,cumulative,Synthetic,Portfolio,Auto,2024-10,5,11184.038183176575
Earned Premium,month,cumulative,Synthetic,Portfolio,Auto,2024-10,5,923215.7991147912
Claims Reported,month,cumulative,Synthetic,Portfolio,Auto,2024-10,6,51.20846557773139
Loss Incurred,month,cumulative,Synthetic,Portfolio,Auto,2024-10,6,406167.18689291494
Exposure,month,cumulative,Synthetic,Portfolio,Auto,2024-10,6,11107.171137710571
Earned Premium,month,cumulative,Synthetic,Portfolio,Auto,2024-10,6,918673.97094633
Claims Reported,month,cumulative,Synthetic,Portfolio,Auto,2024-10,7,56.66734697331411
Loss Incurred,month,cumulative,Synthetic,Portfolio,Auto,2024-10,7,404161.7451500365
Exposure,month,cumulative,Synthetic,Portfolio,Auto,2024-10,7,11036.012774073411
Earned Premium,month,cumulative,Synthetic,Portfolio,Auto,2024-10,7,914409.7025608232
Claims Reported,month,cumulative,Synthetic,Portfolio,Auto,2024-10,8,61.269982477984996
Loss Incurred,month,cumulative,Synthetic,Portfolio,Auto,2024-10,8,402156.15181942825
Exposure,month,cumulative,Synthetic,Portfolio,Auto,2024-10,8,10970.139125817243
Earned Premium,month,cumulative,Synthetic,Portfolio,Auto,2024-10,8,910406.0317504868
Claims Reported,month,cumulative,Synthetic,Portfolio,Auto,2024-10,9,64.98974729493598
Loss Incurred,month,cumulative,Synthetic,Portfolio,Auto,2024-10,9,400150.5071707604
Exposure,month,cumulative,Synthetic,Portfolio,Auto,2024-10,9,10909.15771319365
Earned Premium,month,cumulative,Synthetic,Portfolio,Auto,2024-10,9,906647.0329004095
Claims Reported,month,cumulative,Synthetic,Portfolio,Auto,2024-10,10,67.89443073577795
Loss Incurred,month,cumulative,Synthetic,Portfolio,Auto,2024-10,10,398144.91148396634
Exposure,month,cumulative,Synthetic,Portfolio,Auto,2024-10,10,10852.705204732187
Earned Premium,month,cumulative,Synthetic,Portfolio,Auto,2024-10,10,903117.753640386
Claims Reported,month,cumulative,Synthetic,Portfolio,Auto,2024-10,11,70.10235146990178
Loss Incurred,month,cumulative,Synthetic,Portfolio,Auto,2024-10,11,396139.46502918756
Exposure,month,cumulative,Synthetic,Portfolio,Auto,2024-10,11,10800.445252486365
Earned Premium,month,cumulative,Synthetic,Portfolio,Auto,2024-10,11,899804.155368076
Claims Reported,month,cumulative,Synthetic,Portfolio,Auto,2024-10,12,71.74652297313501
Loss Incurred,month,cumulative,Synthetic,Portfolio,Auto,2024-10,12,394134.26804672333
Exposure,month,cumulative,Synthetic,Portfolio,Auto,2024-10,12,10752.066488049353
Earned Premium,month,cumulative,Synthetic,Portfolio,Auto,2024-10,12,896693.0574069065
Claims Reported,month,cumulative,Synthetic,Portfolio,Auto,2024-10,13,72.95225326683139
Loss Incurred,month,cumulative,Synthetic,Portfolio,Auto,2024-10,13,392129.42072699283
Exposure,month,cumulative,Synthetic,Portfolio,Auto,2024-10,13,10707.28066739949
Earned Premium,month,cumulative,Synthetic,Portfolio,Auto,2024-10,13,893772.0845765927
Claims Reported,month,cumulative,Synthetic,Portfolio,Auto,2024-10,14,73.82654992513604
Loss Incurred,month,cumulative,Synthetic,Portfolio,Auto,2024-10,14,390125.0231905181
Exposure,month,cumulative,Synthetic,Portfolio,Auto,2024-10,14,10665.820953522481
Earned Premium,month,cumulative,Synthetic,Portfolio,Auto,2024-10,14,891029.6179677222
Claims Reported,month,cumulative,Synthetic,Portfolio,Auto,2024-11,0,12.932261597627598
Loss Incurred,month,cumulative,Synthetic,Portfolio,Auto,2024-11,0,325791.19479323574
Exposure,month,cumulative,Synthetic,Portfolio,Auto,2024-11,0,12027.22595494807
Earned Premium,month,cumulative,Synthetic,Portfolio,Auto,2024-11,0,945058.6611006998
Claims Reported,month,cumulative,Synthetic,Portfolio,Auto,2024-11,1,16.919054823368466
Loss Incurred,month,cumulative,Synthetic,Portfolio,Auto,2024-11,1,324223.1361292225
Exposure,month,cumulative,Synthetic,Portfolio,Auto,2024-11,1,11895.601718217195
Earned Premium,month,cumulative,Synthetic,Portfolio,Auto,2024-11,1,938654.9979538154
Claims Reported,month,cumulative,Synthetic,Portfolio,Auto,2024-11,2,21.614701405613374
Loss Incurred,month,cumulative,Synthetic,Portfolio,Auto,2024-11,2,322654.5667769088
Exposure,month,cumulative,Synthetic,Portfolio,Auto,2024-11,2,11775.02113678631
Earned Premium,month,cumulative,Synthetic,Portfolio,Auto,2024-11,2,932656.3161041512
Claims Reported,month,cumulative,Synthetic,Portfolio,Auto,2024-11,3,26.86979701093051
Loss Incurred,month,cumulative,Synthetic,Portfolio,Auto,2024-11,3,321085.56495029305
Exposure,month,cumulative,Synthetic,Portfolio,Auto,2024-11,3,11664.55761593841
Earned Premium,month,cumulative,Synthetic,Portfolio,Auto,2024-11,3,927037.0036718604
Claims Reported,month,cumulative,Synthetic,Portfolio,Auto,2024-11,4,32.425129113038224
Loss Incurred,month,cumulative,Synthetic,Portfolio,Auto,2024-11,4,319516.20894976554
Exposure,month,cumulative,Synthetic,Portfolio,Auto,2024-11,4,11563.362304941269
Earned Premium,month,cumulative,Synthetic,Portfolio,Auto,2024-11,4,921773.0685269309
Claims Reported,month,cumulative,Synthetic,Portfolio,Auto,2024-11,5,37.954948977266355
Loss Incurred,month,cumulative,Synthetic,Portfolio,Auto,2024-11,5,317946.57714649336
Exposure,month,cumulative,Synthetic,Portfolio,Auto,2024-11,5,11470.657574101586
Earned Premium,month,cumulative,Synthetic,Portfolio,Auto,2024-11,5,916842.0358527559
Claims Reported,month,cumulative,Synthetic,Portfolio,Auto,2024-11,6,43.13936643093276
Loss Incurred,month,cumulative,Synthetic,Portfolio,Auto,2024-11,6,316376.74796677555
Exposure,month,cumulative,Synthetic,Portfolio,Auto,2024-11,6,11385.731039113214
Earned Premium,month,cumulative,Synthetic,Portfolio,Auto,2024-11,6,912222.8521880019
Claims Reported,month,cumulative,Synthetic,Portfolio,Auto,2024-11,7,47.7340635766033
Loss Incurred,month,cumulative,Synthetic,Portfolio,Auto,2024-11,7,314806.79987637495
Exposure,month,cumulative,Synthetic,Portfolio,Auto,2024-11,7,11307.930086779894
Earned Premium,month,cumulative,Synthetic,Portfolio,Auto,2024-11,7,907895.7955370746
Claims Reported,month,cumulative,Synthetic,Portfolio,Auto,2024-11,8,51.607465755325734
Loss Incurred,month,cumulative,Synthetic,Portfolio,Auto,2024-11,8,313236.8113648332
Exposure,month,cumulative,Synthetic,Portfolio,Auto,2024-11,8,11236.656860045752
Earned Premium,month,cumulative,Synthetic,Portfolio,Auto,2024-11,8,903842.3911653886
Claims Reported,month,cumulative,Synthetic,Portfolio,Auto,2024-11,9,54.73747695852669
Loss Incurred,month,cumulative,Synthetic,Portfolio,Auto,2024-11,9,311666.8609297757
Exposure,month,cumulative,Synthetic,Portfolio,Auto,2024-11,9,11171.363663796265
Earned Premium,month,cumulative,Synthetic,Portfolio,Auto,2024-11,9,900045.3327199247
Claims Reported,month,cumulative,Synthetic,Portfolio,Auto,2024-11,10,57.18138558881495
Loss Incurred,month,cumulative,Synthetic,Portfolio,Auto,2024-11,10,310097.027061213
Exposure,month,cumulative,Synthetic,Portfolio,Auto,2024-11,10,11111.548756125865
Earned Premium,month,cumulative,Synthetic,Portfolio,Auto,2024-11,10,896488.4083382919
Claims Reported,month,cumulative,Synthetic,Portfolio,Auto,2024-11,11,59.03891407104662
Loss Incurred,month,cumulative,Synthetic,Portfolio,Auto,2024-11,11,308527.3882258454
Exposure,month,cumulative,Synthetic,Portfolio,Auto,2024-11,11,11056.752492730404
Earned Premium,month,cumulative,Synthetic,Portfolio,Auto,2024-11,11,893156.4314308072
Claims Reported,month,cumulative,Synthetic,Portfolio,Auto,2024-11,12,60.422077155401325
Loss Incurred,month,cumulative,Synthetic,Portfolio,Auto,2024-11,12,306958.022851378
Exposure,month,cumulative,Synthetic,Portfolio,Auto,2024-11,12,11006.55379479627
Earned Premium,month,cumulative,Synthetic,Portfolio,Auto,2024-11,12,890035.1758400673
Claims Reported,month,cumulative,Synthetic,Portfolio,Auto,2024-11,13,61.43635609753962
Loss Incurred,month,cumulative,Synthetic,Portfolio,Auto,2024-11,13,305389.00931085134
Exposure,month,cumulative,Synthetic,Portfolio,Auto,2024-11,13,10960.566913243842
Earned Premium,month,cumulative,Synthetic,Portfolio,Auto,2024-11,13,887111.3151011645
Claims Reported,month,cumulative,Synthetic,Portfolio,Auto,2024-12,0,7.268621162754182
Loss Incurred,month,cumulative,Synthetic,Portfolio,Auto,2024-12,0,264495.81085196784
Exposure,month,cumulative,Synthetic,Portfolio,Auto,2024-12,0,12362.375300711687
Earned Premium,month,cumulative,Synthetic,Portfolio,Auto,2024-12,0,1005376.9330690807
Claims Reported,month,cumulative,Synthetic,Portfolio,Auto,2024-12,1,9.617179981974953
Loss Incurred,month,cumulative,Synthetic,Portfolio,Auto,2024-12,1,263230.39358612127
Exposure,month,cumulative,Synthetic,Portfolio,Auto,2024-12,1,12250.281897278053
Earned Premium,month,cumulative,Synthetic,Portfolio,Auto,2024-12,1,998577.4251724038
Claims Reported,month,cumulative,Synthetic,Portfolio,Auto,2024-12,2,12.452506803958542
Loss Incurred,month,cumulative,Synthetic,Portfolio,Auto,2024-12,2,261964.49087590643
Exposure,month,cumulative,Synthetic,Portfolio,Auto,2024-12,2,12145.980777773602
Earned Premium,month,cumulative,Synthetic,Portfolio,Auto,2024-12,2,992207.1203507975
Claims Reported,month,cumulative,Synthetic,Portfolio,Auto,2024-12,3,15.718007735830886
Loss Incurred,month,cumulative,Synthetic,Portfolio,Auto,2024-12,3,260698.16577085777
Exposure,month,cumulative,Synthetic,Portfolio,Auto,2024-12,3,12048.930253865448
Earned Premium,month,cumulative,Synthetic,Portfolio,Auto,2024-12,3,986238.926161331
Claims Reported,month,cumulative,Synthetic,Portfolio,Auto,2024-12,4,19.281046604541356
Loss Incurred,month,cumulative,Synthetic,Portfolio,Auto,2024-12,4,259431.48140484313
Exposure,month,cumulative,Synthetic,Portfolio,Auto,2024-12,4,11958.626293221529
Earned Premium,month,cumulative,Synthetic,Portfolio,Auto,2024-12,4,980647.4603083356
Claims Reported,month,cumulative,Synthetic,Portfolio,Auto,2024-12,5,22.94658782763725
Loss Incurred,month,cumulative,Synthetic,Portfolio,Auto,2024-12,5,258164.50098349183
Exposure,month,cumulative,Synthetic,Portfolio,Auto,2024-12,5,11874.599901816404
Earned Premium,month,cumulative,Synthetic,Portfolio,Auto,2024-12,5,975408.9426943491
Claims Reported,month,cumulative,Synthetic,Portfolio,Auto,2024-12,6,26.49626722709746
Loss Incurred,month,cumulative,Synthetic,Portfolio,Auto,2024-12,6,256897.2877715927
Exposure,month,cumulative,Synthetic,Portfolio,Auto,2024-12,6,11796.414688208695
Earned Premium,month,cumulative,Synthetic,Portfolio,Auto,2024-12,6,970501.0942850905
Claims Reported,month,cumulative,Synthetic,Portfolio,Auto,2024-12,7,29.738020878579313
Loss Incurred,month,cumulative,Synthetic,Portfolio,Auto,2024-12,7,255629.90508046641
Exposure,month,cumulative,Synthetic,Portfolio,Auto,2024-12,7,11723.664597140161
Earned Premium,month,cumulative,Synthetic,Portfolio,Auto,2024-12,7,965903.0423583483
Claims Reported,month,cumulative,Synthetic,Portfolio,Auto,2024-12,8,32.54384968857409
Loss Incurred,month,cumulative,Synthetic,Portfolio,Auto,2024-12,8,254362.41625531862
Exposure,month,cumulative,Synthetic,Portfolio,Auto,2024-12,8,11655.971800685893
Earned Premium,month,cumulative,Synthetic,Portfolio,Auto,2024-12,8,961595.2317338124
Claims Reported,month,cumulative,Synthetic,Portfolio,Auto,2024-12,9,34.86175268618719
Loss Incurred,month,cumulative,Synthetic,Portfolio,Auto,2024-12,9,253094.88466257846
Exposure,month,cumulative,Synthetic,Portfolio,Auto,2024-12,9,11592.98473600329
Earned Premium,month,cumulative,Synthetic,Portfolio,Auto,2024-12,9,957559.3416063138
Claims Reported,month,cumulative,Synthetic,Portfolio,Auto,2024-12,10,36.70394965615369
Loss Incurred,month,cumulative,Synthetic,Portfolio,Auto,2024-12,10,251827.3736772279
Exposure,month,cumulative,Synthetic,Portfolio,Auto,2024-12,10,11534.37627948886
Earned Premium,month,cumulative,Synthetic,Portfolio,Auto,2024-12,10,953778.2076287736
Claims Reported,month,cumulative,Synthetic,Portfolio,Auto,2024-12,11,38.12358740210924
Loss Incurred,month,cumulative,Synthetic,Portfolio,Auto,2024-12,11,250559.94667012777
Exposure,month,cumulative,Synthetic,Portfolio,Auto,2024-12,11,11479.842047860302
Earned Premium,month,cumulative,Synthetic,Portfolio,Auto,2024-12,11,950235.7489134842
Claims Reported,month,cumulative,Synthetic,Portfolio,Auto,2024-12,12,39.19179793557389
Loss Incurred,month,cumulative,Synthetic,Portfolio,Auto,2024-12,12,249292.66699534512
Exposure,month,cumulative,Synthetic,Portfolio,Auto,2024-12,12,11429.098817340573
Earned Premium,month,cumulative,Synthetic,Portfolio,Auto,2024-12,12,946916.8996412627
Claims Reported,month,cumulative,Synthetic,Portfolio,Auto,2025-01,0,6.3316747586186075
Loss Incurred,month,cumulative,Synthetic,Portfolio,Auto,2025-01,0,175335.43393745128
Exposure,month,cumulative,Synthetic,Portfolio,Auto,2025-01,0,14119.693031995666
Earned Premium,month,cumulative,Synthetic,Portfolio,Auto,2025-01,0,1133041.9838941453
Claims Reported,month,cumulative,Synthetic,Portfolio,Auto,2025-01,1,8.368285203174452
Loss Incurred,month,cumulative,Synthetic,Portfolio,Auto,2025-01,1,174495.54529499914
Exposure,month,cumulative,Synthetic,Portfolio,Auto,2025-01,1,14009.628906931626
Earned Premium,month,cumulative,Synthetic,Portfolio,Auto,2025-01,1,1125442.4730869203
Claims Reported,month,cumulative,Synthetic,Portfolio,Auto,2025-01,2,10.82104853347427
Loss Incurred,month,cumulative,Synthetic,Portfolio,Auto,2025-01,2,173655.34444889793
Exposure,month,cumulative,Synthetic,Portfolio,Auto,2025-01,2,13906.142464228653
Earned Premium,month,cumulative,Synthetic,Portfolio,Auto,2025-01,2,1118318.693932256
Claims Reported,month,cumulative,Synthetic,Portfolio,Auto,2025-01,3,13.637897199665286
Loss Incurred,month,cumulative,Synthetic,Portfolio,Auto,2025-01,3,172814.8732567584
Exposure,month,cumulative,Synthetic,Portfolio,Auto,2025-01,3,13808.840606633501
Earned Premium,month,cumulative,Synthetic,Portfolio,Auto,2025-01,3,1111640.8654862219
Claims Reported,month,cumulative,Synthetic,Portfolio,Auto,2025-01,4,16.701621999489902
Loss Incurred,month,cumulative,Synthetic,Portfolio,Auto,2025-01,4,171974.1736301738
Exposure,month,cumulative,Synthetic,Portfolio,Auto,2025-01,4,13717.353729278548
Earned Premium,month,cumulative,Synthetic,Portfolio,Auto,2025-01,4,1105381.071100897
Claims Reported,month,cumulative,Synthetic,Portfolio,Auto,2025-01,5,19.842883172603994
Loss Incurred,month,cumulative,Synthetic,Portfolio,Auto,2025-01,5,171133.28752637104
Exposure,month,cumulative,Synthetic,Portfolio,Auto,2025-01,5,13631.334315723418
Earned Premium,month,cumulative,Synthetic,Portfolio,Auto,2025-01,5,1099513.1417188812
Claims Reported,month,cumulative,Synthetic,Portfolio,Auto,2025-01,6,22.874657954300247
Loss Incurred,month,cumulative,Synthetic,Portfolio,Auto,2025-01,6,170292.256939843
Exposure,month,cumulative,Synthetic,Portfolio,Auto,2025-01,6,13550.455617900334
Earned Premium,month,cumulative,Synthetic,Portfolio,Auto,2025-01,6,1094012.546473605
Claims Reported,month,cumulative,Synthetic,Portfolio,Auto,2025-01,7,25.634711632849314
Loss Incurred,month,cumulative,Synthetic,Portfolio,Auto,2025-01,7,169451.12389396483
Exposure,month,cumulative,Synthetic,Portfolio,Auto,2025-01,7,13474.410414948961
Earned Premium,month,cumulative,Synthetic,Portfolio,Auto,2025-01,7,1088856.2901380933
Claims Reported,month,cumulative,Synthetic,Portfolio,Auto,2025-01,8,28.016922969698484
Loss Incurred,month,cumulative,Synthetic,Portfolio,Auto,2025-01,8,168609.93043259773
Exposure,month,cumulative,Synthetic,Portfolio,Auto,2025-01,8,13402.909846226097
Earned Premium,month,cumulative,Synthetic,Portfolio,Auto,2025-01,8,1084022.8169934663
Claims Reported,month,cumulative,Synthetic,Portfolio,Auto,2025-01,9,29.98020833131745
Loss Incurred,month,cumulative,Synthetic,Portfolio,Auto,2025-01,9,167768.71861168457
Exposure,month,cumulative,Synthetic,Portfolio,Auto,2025-01,9,13335.682314057342
Earned Premium,month,cumulative,Synthetic,Portfolio,Auto,2025-01,9,1079491.9207153022
Claims Reported,month,cumulative,Synthetic,Portfolio,Auto,2025-01,10,31.53756498295278
Loss Incurred,month,cumulative,Synthetic,Portfolio,Auto,2025-01,10,166927.53049083968
Exposure,month,cumulative,Synthetic,Portfolio,Auto,2025-01,10,13272.472452062832
Earned Premium,month,cumulative,Synthetic,Portfolio,Auto,2025-01,10,1075244.6599011396
Claims Reported,month,cumulative,Synthetic,Portfolio,Auto,2025-01,11,32.73588969557223
Loss Incurred,month,cumulative,Synthetic,Portfolio,Auto,2025-01,11,166086.4081249379
Exposure,month,cumulative,Synthetic,Portfolio,Auto,2025-01,11,13213.040155138182
Earned Premium,month,cumulative,Synthetic,Portfolio,Auto,2025-01,11,1071263.278885984
Claims Reported,month,cumulative,Synthetic,Portfolio,Auto,2025-02,0,20.61835701118499
Loss Incurred,month,cumulative,Synthetic,Portfolio,Auto,2025-02,0,734189.1196690814
Exposure,month,cumulative,Synthetic,Portfolio,Auto,2025-02,0,13880.05842080884
Earned Premium,month,cumulative,Synthetic,Portfolio,Auto,2025-02,0,1157779.2756454244
Claims Reported,month,cumulative,Synthetic,Portfolio,Auto,2025-02,1,27.12794511585285
Loss Incurred,month,cumulative,Synthetic,Portfolio,Auto,2025-02,1,730687.458227697
Exposure,month,cumulative,Synthetic,Portfolio,Auto,2025-02,1,13753.276163189392
Earned Premium,month,cumulative,Synthetic,Portfolio,Auto,2025-02,1,1150022.668152858
Claims Reported,month,cumulative,Synthetic,Portfolio,Auto,2025-02,2,34.890474593386685
Loss Incurred,month,cumulative,Synthetic,Portfolio,Auto,2025-02,2,727184.3490098059
Exposure,month,cumulative,Synthetic,Portfolio,Auto,2025-02,2,13635.372255316384
Earned Premium,month,cumulative,Synthetic,Portfolio,Auto,2025-02,2,1142751.0750637741
Claims Reported,month,cumulative,Synthetic,Portfolio,Auto,2025-02,3,43.70285166232623
Loss Incurred,month,cumulative,Synthetic,Portfolio,Auto,2025-02,3,723679.9663741613
Exposure,month,cumulative,Synthetic,Portfolio,Auto,2025-02,3,13525.7249611859
Earned Premium,month,cumulative,Synthetic,Portfolio,Auto,2025-02,3,1135934.1688191448
Claims Reported,month,cumulative,Synthetic,Portfolio,Auto,2025-02,4,53.165508696712
Loss Incurred,month,cumulative,Synthetic,Portfolio,Auto,2025-02,4,720174.4849336807
Exposure,month,cumulative,Synthetic,Portfolio,Auto,2025-02,4,13423.756083927936
Earned Premium,month,cumulative,Synthetic,Portfolio,Auto,2025-02,4,1129543.518217721
Claims Reported,month,cumulative,Synthetic,Portfolio,Auto,2025-02,5,62.73815461547316
Loss Incurred,month,cumulative,Synthetic,Portfolio,Auto,2025-02,5,716668.0795207073
Exposure,month,cumulative,Synthetic,Portfolio,Auto,2025-02,5,13328.927916833578
Earned Premium,month,cumulative,Synthetic,Portfolio,Auto,2025-02,5,1123552.4698383105
Claims Reported,month,cumulative,Synthetic,Portfolio,Auto,2025-02,6,71.85527306012202
Loss Incurred,month,cumulative,Synthetic,Portfolio,Auto,2025-02,6,713160.9251521762
Exposure,month,cumulative,Synthetic,Portfolio,Auto,2025-02,6,13240.740407896648
Earned Premium,month,cumulative,Synthetic,Portfolio,Auto,2025-02,6,1117936.0368766275
Claims Reported,month,cumulative,Synthetic,Portfolio,Auto,2025-02,7,80.05314619254777
Loss Incurred,month,cumulative,Synthetic,Portfolio,Auto,2025-02,7,709653.1969947029
Exposure,month,cumulative,Synthetic,Portfolio,Auto,2025-02,7,13158.728522917761
Earned Premium,month,cumulative,Synthetic,Portfolio,Auto,2025-02,7,1112670.794933082
Claims Reported,month,cumulative,Synthetic,Portfolio,Auto,2025-02,8,87.05184774313018
Loss Incurred,month,cumulative,Synthetic,Portfolio,Auto,2025-02,8,706145.0703296089
Exposure,month,cumulative,Synthetic,Portfolio,Auto,2025-02,8,13082.459793265805
Earned Premium,month,cumulative,Synthetic,Portfolio,Auto,2025-02,8,1107734.7843168774
Claims Reported,month,cumulative,Synthetic,Portfolio,Auto,2025-02,9,92.76702394828564
Loss Incurred,month,cumulative,Synthetic,Portfolio,Auto,2025-02,9,702636.7205178967
Exposure,month,cumulative,Synthetic,Portfolio,Auto,2025-02,9,13011.532035365584
Earned Premium,month,cumulative,Synthetic,Portfolio,Auto,2025-02,9,1103107.418458951
Claims Reported,month,cumulative,Synthetic,Portfolio,Auto,2025-02,10,97.26704216307972
Loss Incurred,month,cumulative,Synthetic,Portfolio,Auto,2025-02,10,699128.3229651935
Exposure,month,cumulative,Synthetic,Portfolio,Auto,2025-02,10,12945.571229885942
Earned Premium,month,cumulative,Synthetic,Portfolio,Auto,2025-02,10,1098769.398051781
Claims Reported,month,cumulative,Synthetic,Portfolio,Auto,2025-03,0,15.80846770721958
Loss Incurred,month,cumulative,Synthetic,Portfolio,Auto,2025-03,0,557280.8720503384
Exposure,month,cumulative,Synthetic,Portfolio,Auto,2025-03,0,13828.33473384017
Earned Premium,month,cumulative,Synthetic,Portfolio,Auto,2025-03,0,1173732.660605682
Claims Reported,month,cumulative,Synthetic,Portfolio,Auto,2025-03,1,20.656103263638162
Loss Incurred,month,cumulative,Synthetic,Portfolio,Auto,2025-03,1,554602.629590889
Exposure,month,cumulative,Synthetic,Portfolio,Auto,2025-03,1,13679.879558858325
Earned Premium,month,cumulative,Synthetic,Portfolio,Auto,2025-03,1,1166951.1376078248
Claims Reported,month,cumulative,Synthetic,Portfolio,Auto,2025-03,2,26.35013631071748
Loss Incurred,month,cumulative,Synthetic,Portfolio,Auto,2025-03,2,551923.4762796386
Exposure,month,cumulative,Synthetic,Portfolio,Auto,2025-03,2,13543.643150784448
Earned Premium,month,cumulative,Synthetic,Portfolio,Auto,2025-03,2,1160535.3121718261
Claims Reported,month,cumulative,Synthetic,Portfolio,Auto,2025-03,3,32.70275629767659
Loss Incurred,month,cumulative,Synthetic,Portfolio,Auto,2025-03,3,549243.5456722833
Exposure,month,cumulative,Synthetic,Portfolio,Auto,2025-03,3,13418.61983053211
Earned Premium,month,cumulative,Synthetic,Portfolio,Auto,2025-03,3,1154465.4638445096
Claims Reported,month,cumulative,Synthetic,Portfolio,Auto,2025-03,4,39.3956738507266
Loss Incurred,month,cumulative,Synthetic,Portfolio,Auto,2025-03,4,546562.9714797738
Exposure,month,cumulative,Synthetic,Portfolio,Auto,2025-03,4,13303.886692541259
Earned Premium,month,cumulative,Synthetic,Portfolio,Auto,2025-03,4,1148722.9356095754
Claims Reported,month,cumulative,Synthetic,Portfolio,Auto,2025-03,5,46.034860530131866
Loss Incurred,month,cumulative,Synthetic,Portfolio,Auto,2025-03,5,543881.8875416594
Exposure,month,cumulative,Synthetic,Portfolio,Auto,2025-03,5,13198.596792011824
Earned Premium,month,cumulative,Synthetic,Portfolio,Auto,2025-03,5,1143290.0765411523
Claims Reported,month,cumulative,Synthetic,Portfolio,Auto,2025-03,6,52.238620366768714
Loss Incurred,month,cumulative,Synthetic,Portfolio,Auto,2025-03,6,541200.4277993782
Exposure,month,cumulative,Synthetic,Portfolio,Auto,2025-03,6,13101.972892869608
Earned Premium,month,cumulative,Synthetic,Portfolio,Auto,2025-03,6,1138150.1875497862
Claims Reported,month,cumulative,Synthetic,Portfolio,Auto,2025-03,7,57.72002115656048
Loss Incurred,month,cumulative,Synthetic,Portfolio,Auto,2025-03,7,538518.726269502
Exposure,month,cumulative,Synthetic,Portfolio,Auto,2025-03,7,13013.301730312709
Earned Premium,month,cumulative,Synthetic,Portfolio,Auto,2025-03,7,1133287.470054109
Claims Reported,month,cumulative,Synthetic,Portfolio,Auto,2025-03,8,62.328796422112035
Loss Incurred,month,cumulative,Synthetic,Portfolio,Auto,2025-03,8,535836.9170169523
Exposure,month,cumulative,Synthetic,Portfolio,Auto,2025-03,8,12931.928745585406
Earned Premium,month,cumulative,Synthetic,Portfolio,Auto,2025-03,8,1128686.9774204197
Claims Reported,month,cumulative,Synthetic,Portfolio,Auto,2025-03,9,66.0449676177512
Loss Incurred,month,cumulative,Synthetic,Portfolio,Auto,2025-03,9,533155.1341281935
Exposure,month,cumulative,Synthetic,Portfolio,Auto,2025-03,9,12857.25325411228
Earned Premium,month,cumulative,Synthetic,Portfolio,Auto,2025-03,9,1124334.5690209093
Claims Reported,month,cumulative,Synthetic,Portfolio,Auto,2025-04,0,24.28073179062586
Loss Incurred,month,cumulative,Synthetic,Portfolio,Auto,2025-04,0,925012.0387139547
Exposure,month,cumulative,Synthetic,Portfolio,Auto,2025-04,0,14462.472809015391
Earned Premium,month,cumulative,Synthetic,Portfolio,Auto,2025-04,0,1216950.012356356
Claims Reported,month,cumulative,Synthetic,Portfolio,Auto,2025-04,1,31.58635900022493
Loss Incurred,month,cumulative,Synthetic,Portfolio,Auto,2025-04,1,920608.475719763
Exposure,month,cumulative,Synthetic,Portfolio,Auto,2025-04,1,14317.655012414489
Earned Premium,month,cumulative,Synthetic,Portfolio,Auto,2025-04,1,1210642.374449909
Claims Reported,month,cumulative,Synthetic,Portfolio,Auto,2025-04,2,40.085622636606416
Loss Incurred,month,cumulative,Synthetic,Portfolio,Auto,2025-04,2,916203.0134194321
Exposure,month,cumulative,Synthetic,Portfolio,Auto,2025-04,2,14183.954735232144
Earned Premium,month,cumulative,Synthetic,Portfolio,Auto,2025-04,2,1204639.8754222265
Claims Reported,month,cumulative,Synthetic,Portfolio,Auto,2025-04,3,49.46507113033312
Loss Incurred,month,cumulative,Synthetic,Portfolio,Auto,2025-04,3,911795.8709903992
Exposure,month,cumulative,Synthetic,Portfolio,Auto,2025-04,3,14060.518496467246
Earned Premium,month,cumulative,Synthetic,Portfolio,Auto,2025-04,3,1198927.7538464926
Claims Reported,month,cumulative,Synthetic,Portfolio,Auto,2025-04,4,59.23156839988917
Loss Incurred,month,cumulative,Synthetic,Portfolio,Auto,2025-04,4,907387.2679453748
Exposure,month,cumulative,Synthetic,Portfolio,Auto,2025-04,4,13946.55833601339
Earned Premium,month,cumulative,Synthetic,Portfolio,Auto,2025-04,4,1193491.9623960508
Claims Reported,month,cumulative,Synthetic,Portfolio,Auto,2025-04,5,68.80473080017178
Loss Incurred,month,cumulative,Synthetic,Portfolio,Auto,2025-04,5,902977.4240886972
Exposure,month,cumulative,Synthetic,Portfolio,Auto,2025-04,5,13841.346784684414
Earned Premium,month,cumulative,Synthetic,Portfolio,Auto,2025-04,5,1188319.1332990264
Claims Reported,month,cumulative,Synthetic,Portfolio,Auto,2025-04,6,77.64838040040834
Loss Incurred,month,cumulative,Synthetic,Portfolio,Auto,2025-04,6,898566.5594725579
Exposure,month,cumulative,Synthetic,Portfolio,Auto,2025-04,6,13744.212220386114
Earned Premium,month,cumulative,Synthetic,Portfolio,Auto,2025-04,6,1183396.545464122
Claims Reported,month,cumulative,Synthetic,Portfolio,Auto,2025-04,7,85.38187616078302
Loss Incurred,month,cumulative,Synthetic,Portfolio,Auto,2025-04,7,894154.8943531256
Exposure,month,cumulative,Synthetic,Portfolio,Auto,2025-04,7,13654.53458079007
Earned Premium,month,cumulative,Synthetic,Portfolio,Auto,2025-04,7,1178712.0931967373
Claims Reported,month,cumulative,Synthetic,Portfolio,Auto,2025-04,8,91.8266729924374
Loss Incurred,month,cumulative,Synthetic,Portfolio,Auto,2025-04,8,889742.6491465814
Exposure,month,cumulative,Synthetic,Portfolio,Auto,2025-04,8,13571.741405141282
Earned Premium,month,cumulative,Synthetic,Portfolio,Auto,2025-04,8,1174254.2564284818
Claims Reported,month,cumulative,Synthetic,Portfolio,Auto,2025-05,0,21.42709314037734
Loss Incurred,month,cumulative,Synthetic,Portfolio,Auto,2025-05,0,603972.7783427237
Exposure,month,cumulative,Synthetic,Portfolio,Auto,2025-05,0,14425.957400075384
Earned Premium,month,cumulative,Synthetic,Portfolio,Auto,2025-05,0,1204803.2125888532
Claims Reported,month,cumulative,Synthetic,Portfolio,Auto,2025-05,1,27.7806643212318
Loss Incurred,month,cumulative,Synthetic,Portfolio,Auto,2025-05,1,601067.5087481448
Exposure,month,cumulative,Synthetic,Portfolio,Auto,2025-05,1,14317.62956560309
Earned Premium,month,cumulative,Synthetic,Portfolio,Auto,2025-05,1,1197176.613423731
Claims Reported,month,cumulative,Synthetic,Portfolio,Auto,2025-05,2,35.118917567429776
Loss Incurred,month,cumulative,Synthetic,Portfolio,Auto,2025-05,2,598161.2765281887
Exposure,month,cumulative,Synthetic,Portfolio,Auto,2025-05,2,14215.538247388915
Earned Premium,month,cumulative,Synthetic,Portfolio,Auto,2025-05,2,1190000.6052481015
Claims Reported,month,cumulative,Synthetic,Portfolio,Auto,2025-05,3,43.15122060354552
Loss Incurred,month,cumulative,Synthetic,Portfolio,Auto,2025-05,3,595254.2265821383
Exposure,month,cumulative,Synthetic,Portfolio,Auto,2025-05,3,14119.324404423434
Earned Premium,month,cumulative,Synthetic,Portfolio,Auto,2025-05,3,1183248.5664662286
Claims Reported,month,cumulative,Synthetic,Portfolio,Auto,2025-05,4,51.442418308307914
Loss Incurred,month,cumulative,Synthetic,Portfolio,Auto,2025-05,4,592346.5039726184
Exposure,month,cumulative,Synthetic,Portfolio,Auto,2025-05,4,14028.649665962655
Earned Premium,month,cumulative,Synthetic,Portfolio,Auto,2025-05,4,1176895.4483264328
Claims Reported,month,cumulative,Synthetic,Portfolio,Auto,2025-05,5,59.498570221136305
Loss Incurred,month,cumulative,Synthetic,Portfolio,Auto,2025-05,5,589438.2538966713
Exposure,month,cumulative,Synthetic,Portfolio,Auto,2025-05,5,13943.195141525044
Earned Premium,month,cumulative,Synthetic,Portfolio,Auto,2025-05,5,1170917.68199509
Claims Reported,month,cumulative,Synthetic,Portfolio,Auto,2025-05,6,66.87921623916336
Loss Incurred,month,cumulative,Synthetic,Portfolio,Auto,2025-05,6,586529.6216567752
Exposure,month,cumulative,Synthetic,Portfolio,Auto,2025-05,6,13862.660299397903
Earned Premium,month,cumulative,Synthetic,Portfolio,Auto,2025-05,6,1165293.0911208384
Claims Reported,month,cumulative,Synthetic,Portfolio,Auto,2025-05,7,73.28544604895463
Loss Incurred,month,cumulative,Synthetic,Portfolio,Auto,2025-05,7,583620.7526318164
Exposure,month,cumulative,Synthetic,Portfolio,Auto,2025-05,7,13786.761909709026
Earned Premium,month,cumulative,Synthetic,Portfolio,Auto,2025-05,7,1160000.809564626
Claims Reported,month,cumulative,Synthetic,Portfolio,Auto,2025-06,0,17.33398032484417
Loss Incurred,month,cumulative,Synthetic,Portfolio,Auto,2025-06,0,453469.9831785946
Exposure,month,cumulative,Synthetic,Portfolio,Auto,2025-06,0,13674.759705924289
Earned Premium,month,cumulative,Synthetic,Portfolio,Auto,2025-06,0,1113690.1409634158
Claims Reported,month,cumulative,Synthetic,Portfolio,Auto,2025-06,1,22.59635284520042
Loss Incurred,month,cumulative,Synthetic,Portfolio,Auto,2025-06,1,451294.0132513405
Exposure,month,cumulative,Synthetic,Portfolio,Auto,2025-06,1,13529.331255298286
Earned Premium,month,cumulative,Synthetic,Portfolio,Auto,2025-06,1,1108643.4078032994
Claims Reported,month,cumulative,Synthetic,Portfolio,Auto,2025-06,2,28.746134085598342
Loss Incurred,month,cumulative,Synthetic,Portfolio,Auto,2025-06,2,449117.27080966084
Exposure,month,cumulative,Synthetic,Portfolio,Auto,2025-06,2,13395.76009987027
Earned Premium,month,cumulative,Synthetic,Portfolio,Auto,2025-06,2,1103810.1231331094
Claims Reported,month,cumulative,Synthetic,Portfolio,Auto,2025-06,3,35.567504750331764
Loss Incurred,month,cumulative,Synthetic,Portfolio,Auto,2025-06,3,446939.86433265515
Exposure,month,cumulative,Synthetic,Portfolio,Auto,2025-06,3,13273.079472485622
Earned Premium,month,cumulative,Synthetic,Portfolio,Auto,2025-06,3,1099181.2592796152
Claims Reported,month,cumulative,Synthetic,Portfolio,Auto,2025-06,4,42.70938277557092
Loss Incurred,month,cumulative,Synthetic,Portfolio,Auto,2025-06,4,444761.90243203717
Exposure,month,cumulative,Synthetic,Portfolio,Auto,2025-06,4,13160.40142993023
Earned Premium,month,cumulative,Synthetic,Portfolio,Auto,2025-06,4,1094748.1703894995
Claims Reported,month,cumulative,Synthetic,Portfolio,Auto,2025-06,5,49.74883520943181
Loss Incurred,month,cumulative,Synthetic,Portfolio,Auto,2025-06,5,442583.4938304912
Exposure,month,cumulative,Synthetic,Portfolio,Auto,2025-06,5,13056.910426136234
Earned Premium,month,cumulative,Synthetic,Portfolio,Auto,2025-06,5,1090502.5762805191
Claims Reported,month,cumulative,Synthetic,Portfolio,Auto,2025-06,6,56.28639968637782
Loss Incurred,month,cumulative,Synthetic,Portfolio,Auto,2025-06,6,440404.74733998044
Exposure,month,cumulative,Synthetic,Portfolio,Auto,2025-06,6,12961.857409386996
Earned Premium,month,cumulative,Synthetic,Portfolio,Auto,2025-06,6,1086436.5469756706
Claims Reported,month,cumulative,Synthetic,Portfolio,Auto,2025-07,0,12.189452446267307
Loss Incurred,month,cumulative,Synthetic,Portfolio,Auto,2025-07,0,388343.553867396
Exposure,month,cumulative,Synthetic,Portfolio,Auto,2025-07,0,12944.203970564033
Earned Premium,month,cumulative,Synthetic,Portfolio,Auto,2025-07,0,1072961.999482469
Claims Reported,month,cumulative,Synthetic,Portfolio,Auto,2025-07,1,15.897522166906919
Loss Incurred,month,cumulative,Synthetic,Portfolio,Auto,2025-07,1,386480.0157533308
Exposure,month,cumulative,Synthetic,Portfolio,Auto,2025-07,1,12806.017179393926
Earned Premium,month,cumulative,Synthetic,Portfolio,Auto,2025-07,1,1066937.3701308242
Claims Reported,month,cumulative,Synthetic,Portfolio,Auto,2025-07,2,20.23533772849527
Loss Incurred,month,cumulative,Synthetic,Portfolio,Auto,2025-07,2,384615.81678299897
Exposure,month,cumulative,Synthetic,Portfolio,Auto,2025-07,2,12679.140432313521
Earned Premium,month,cumulative,Synthetic,Portfolio,Auto,2025-07,2,1061228.4687818429
Claims Reported,month,cumulative,Synthetic,Portfolio,Auto,2025-07,3,25.05247760357208
Loss Incurred,month,cumulative,Synthetic,Portfolio,Auto,2025-07,3,382751.0498604631
Exposure,month,cumulative,Synthetic,Portfolio,Auto,2025-07,3,12562.648046801152
Earned Premium,month,cumulative,Synthetic,Portfolio,Auto,2025-07,3,1055818.7493269022
Claims Reported,month,cumulative,Synthetic,Portfolio,Auto,2025-07,4,30.10229031396268
Loss Incurred,month,cumulative,Synthetic,Portfolio,Auto,2025-07,4,380885.80800321186
Exposure,month,cumulative,Synthetic,Portfolio,Auto,2025-07,4,12455.69010380028
Earned Premium,month,cumulative,Synthetic,Portfolio,Auto,2025-07,4,1050692.5327762545
Claims Reported,month,cumulative,Synthetic,Portfolio,Auto,2025-07,5,35.08603535537625
Loss Incurred,month,cumulative,Synthetic,Portfolio,Auto,2025-07,5,379020.184323623
Exposure,month,cumulative,Synthetic,Portfolio,Auto,2025-07,5,12357.486246778539
Earned Premium,month,cumulative,Synthetic,Portfolio,Auto,2025-07,5,1045834.9618166112
Claims Reported,month,cumulative,Synthetic,Portfolio,Auto,2025-08,0,10.414192739605447
Loss Incurred,month,cumulative,Synthetic,Portfolio,Auto,2025-08,0,253643.4928741772
Exposure,month,cumulative,Synthetic,Portfolio,Auto,2025-08,0,13285.91044747262
Earned Premium,month,cumulative,Synthetic,Portfolio,Auto,2025-08,0,1071216.3285473755
Claims Reported,month,cumulative,Synthetic,Portfolio,Auto,2025-08,1,13.569828154708349
Loss Incurred,month,cumulative,Synthetic,Portfolio,Auto,2025-08,1,252414.79540284348
Exposure,month,cumulative,Synthetic,Portfolio,Auto,2025-08,1,13117.167119561744
Earned Premium,month,cumulative,Synthetic,Portfolio,Auto,2025-08,1,1065704.849901104
Claims Reported,month,cumulative,Synthetic,Portfolio,Auto,2025-08,2,17.254086896037652
Loss Incurred,month,cumulative,Synthetic,Portfolio,Auto,2025-08,2,251185.77462655175
Exposure,month,cumulative,Synthetic,Portfolio,Auto,2025-08,2,12964.854961322964
Earned Premium,month,cumulative,Synthetic,Portfolio,Auto,2025-08,2,1060458.0358514057
Claims Reported,month,cumulative,Synthetic,Portfolio,Auto,2025-08,3,21.33625516514854
Loss Incurred,month,cumulative,Synthetic,Portfolio,Auto,2025-08,3,249956.491890416
Exposure,month,cumulative,Synthetic,Portfolio,Auto,2025-08,3,12827.374008241324
Earned Premium,month,cumulative,Synthetic,Portfolio,Auto,2025-08,3,1055463.1770414682
Claims Reported,month,cumulative,Synthetic,Portfolio,Auto,2025-08,4,25.60524108351231
Loss Incurred,month,cumulative,Synthetic,Portfolio,Auto,2025-08,4,248727.00859190346
Exposure,month,cumulative,Synthetic,Portfolio,Auto,2025-08,4,12703.280090337505
Earned Premium,month,cumulative,Synthetic,Portfolio,Auto,2025-08,4,1050708.1744256148
Claims Reported,month,cumulative,Synthetic,Portfolio,Auto,2025-09,0,13.668346879912852
Loss Incurred,month,cumulative,Synthetic,Portfolio,Auto,2025-09,0,523273.03220336366
Exposure,month,cumulative,Synthetic,Portfolio,Auto,2025-09,0,12065.868119020744
Earned Premium,month,cumulative,Synthetic,Portfolio,Auto,2025-09,0,956930.7436780446
Claims Reported,month,cumulative,Synthetic,Portfolio,Auto,2025-09,1,18.002802829119236
Loss Incurred,month,cumulative,Synthetic,Portfolio,Auto,2025-09,1,520772.7125429899
Exposure,month,cumulative,Synthetic,Portfolio,Auto,2025-09,1,11958.89158400467
Earned Premium,month,cumulative,Synthetic,Portfolio,Auto,2025-09,1,950300.9050363378
Claims Reported,month,cumulative,Synthetic,Portfolio,Auto,2025-09,2,23.183597206283086
Loss Incurred,month,cumulative,Synthetic,Portfolio,Auto,2025-09,2,518271.40338075766
Exposure,month,cumulative,Synthetic,Portfolio,Auto,2025-09,2,11859.186566612158
Earned Premium,month,cumulative,Synthetic,Portfolio,Auto,2025-09,2,944099.7749853528
Claims Reported,month,cumulative,Synthetic,Portfolio,Auto,2025-09,3,29.08102908073732
Loss Incurred,month,cumulative,Synthetic,Portfolio,Auto,2025-09,3,515769.22926366713
Exposure,month,cumulative,Synthetic,Portfolio,Auto,2025-09,3,11766.258799866415
Earned Premium,month,cumulative,Synthetic,Portfolio,Auto,2025-09,3,938299.6317258588
Claims Reported,month,cumulative,Synthetic,Portfolio,Auto,2025-10,0,8.368280414837052
Loss Incurred,month,cumulative,Synthetic,Portfolio,Auto,2025-10,0,253029.3301844366
Exposure,month,cumulative,Synthetic,Portfolio,Auto,2025-10,0,11572.319509242969
Earned Premium,month,cumulative,Synthetic,Portfolio,Auto,2025-10,0,928243.0595876134
Claims Reported,month,cumulative,Synthetic,Portfolio,Auto,2025-10,1,10.979703003770624
Loss Incurred,month,cumulative,Synthetic,Portfolio,Auto,2025-10,1,251815.85233791152
Exposure,month,cumulative,Synthetic,Portfolio,Auto,2025-10,1,11488.425439106422
Earned Premium,month,cumulative,Synthetic,Portfolio,Auto,2025-10,1,923681.9972502162
Claims Reported,month,cumulative,Synthetic,Portfolio,Auto,2025-10,2,14.074853277145026
Loss Incurred,month,cumulative,Synthetic,Portfolio,Auto,2025-10,2,250601.93712276223
Exposure,month,cumulative,Synthetic,Portfolio,Auto,2025-10,2,11409.194189446054
Earned Premium,month,cumulative,Synthetic,Portfolio,Auto,2025-10,2,919330.1086143479
Claims Reported,month,cumulative,Synthetic,Portfolio,Auto,2025-11,0,7.2671351449909425
Loss Incurred,month,cumulative,Synthetic,Portfolio,Auto,2025-11,0,227486.77389335318
Exposure,month,cumulative,Synthetic,Portfolio,Auto,2025-11,0,12574.14745327147
Earned Premium,month,cumulative,Synthetic,Portfolio,Auto,2025-11,0,1021675.8882603708
Claims Reported,month,cumulative,Synthetic,Portfolio,Auto,2025-11,1,9.464783702144505
Loss Incurred,month,cumulative,Synthetic,Portfolio,Auto,2025-11,1,226392.81127869312
Exposure,month,cumulative,Synthetic,Portfolio,Auto,2025-11,1,12462.84780301561
Earned Premium,month,cumulative,Synthetic,Portfolio,Auto,2025-11,1,1016154.4061285947
Claims Reported,month,cumulative,Synthetic,Portfolio,Auto,2025-12,0,11.479865736314002
Loss Incurred,month,cumulative,Synthetic,Portfolio,Auto,2025-12,0,334038.97505286103
Exposure,month,cumulative,Synthetic,Portfolio,Auto,2025-12,0,12873.562932951801
Earned Premium,month,cumulative,Synthetic,Portfolio,Auto,2025-12,0,1124621.1566687825
